0,199895486317,0
1,21332531984,20
2,1279942221,440
3,104885914635,100
4,21332531984,20
5,21332531984,20
6,21332531984,20
7,4116667723,200
8,199895486317,0
9,104885914635,100
10,44415637231,30
11,3211544775,120
12,199895486317,0
13,104885914635,100
14,199895486317,0
15,104885914635,100
16,199895486317,0
17,199895486317,0
18,5164513348,300
19,14151684670,220
20,21332531984,20
21,199895486317,0
22,44415637231,30
23,199895486317,0
24,129635302966,80
25,21332531984,20
26,53449446575,40
27,21332531984,20
28,199895486317,0
29,199895486317,0
30,117440372739,60
31,199895486317,0
32,4116667723,200
33,44415637231,30
34,61836819234,50
35,61836819234,50
36,199895486317,0
37,103678173077,350
38,1597747038,4020
39,199895486317,0
40,199895486317,0
41,199895486317,0
42,44415637231,30
43,199895486317,0
44,17998668670,400
45,16803552872,140
46,44415637231,30
47,104885914635,100
48,5164513348,300
49,117440372739,60
50,4116667723,200
51,199895486317,0
52,199895486317,0
53,44415637231,30
54,4284210908,2710
55,199895486317,0
56,5164513348,300
57,199895486317,0
58,2279200087,1300
59,117440372739,60
60,53449446575,40
61,199895486317,0
62,199895486317,0
63,21332531984,20
64,199895486317,0
65,61836819234,50
66,199895486317,0
67,14668562181,290
68,21332531984,20
69,117440372739,60
70,199895486317,0
71,1786840081,2340
72,104885914635,100
73,199895486317,0
74,3211544775,120
75,199895486317,0
76,129635302966,80
77,25822550168,2000
78,199895486317,0
79,199895486317,0
80,199895486317,0
81,2123891356,1230
82,53449446575,40
83,7804753274,2390
84,199895486317,0
85,23234227201,11340
86,169801696,20010
87,21332531984,20
88,53449446575,40
89,21332531984,20
90,199895486317,0
91,2051518807,1120
92,150201021039,70
93,199895486317,0
94,199895486317,0
95,44415637231,30
96,21332531984,20
97,199895486317,0
98,44415637231,30
99,104885914635,100
100,21332531984,20
101,104885914635,100
102,10196564455,1000
103,21332531984,20
104,21332531984,20
105,383453366,820
106,21332531984,20
107,32594629589,600
108,44415637231,30
109,129635302966,80
110,104885914635,100
111,199895486317,0
112,150201021039,70
113,199895486317,0
114,199895486317,0
115,21332531984,20
116,199895486317,0
117,199895486317,0
118,199895486317,0
119,44415637231,30
120,199895486317,0
121,199895486317,0
122,199895486317,0
123,199895486317,0
124,53449446575,40
125,21332531984,20
126,5164513348,300
127,199895486317,0
128,5164513348,300
129,96713611,140
130,117440372739,60
131,21332531984,20
132,44415637231,30
133,36938107,45790
134,199895486317,0
135,199895486317,0
136,199895486317,0
137,14151684670,220
138,199895486317,0
139,2224403983,1150
140,1911800388,210
141,19285673906,270
142,199895486317,0
143,53449446575,40
144,4481709628,15560
145,53449446575,40
146,602903165,2400
147,21332531984,20
148,53449446575,40
149,14151684670,220
150,53449446575,40
151,24688788841,8370
152,199895486317,0
153,199895486317,0
154,21332531984,20
155,104885914635,100
156,21332531984,20
157,199895486317,0
158,10196564455,1000
159,199895486317,0
160,104885914635,100
161,199895486317,0
162,18457631,45320
163,961638927,800
164,44415637231,30
165,44415637231,30
166,129635302966,80
167,199895486317,0
168,199895486317,0
169,199895486317,0
170,117440372739,60
171,104885914635,100
172,199895486317,0
173,44415637231,30
174,44415637231,30
175,44415637231,30
176,199895486317,0
177,199895486317,0
178,199895486317,0
179,44415637231,30
180,5164513348,300
181,199895486317,0
182,199895486317,0
183,3211544775,120
184,199895486317,0
185,199895486317,0
186,104885914635,100
187,199895486317,0
188,199895486317,0
189,199895486317,0
190,199895486317,0
191,199895486317,0
192,199895486317,0
193,199895486317,0
194,16803552872,140
195,104885914635,100
196,199895486317,0
197,199895486317,0
198,199895486317,0
199,199895486317,0
200,199895486317,0
201,199895486317,0
202,199895486317,0
203,199895486317,0
204,199895486317,0
205,61836819234,50
206,199895486317,0
207,21403452031,7520
208,5164513348,300
209,21332531984,20
210,104885914635,100
211,199895486317,0
212,199895486317,0
213,61836819234,50
214,129635302966,80
215,199895486317,0
216,150201021039,70
217,14668562181,290
218,4116667723,200
219,3387659222,2510
220,5164513348,300
221,44415637231,30
222,199895486317,0
223,104885914635,100
224,216249803,20640
225,19147961809,9770
226,104885914635,100
227,3681819675,1380
228,199895486317,0
229,117440372739,60
230,199895486317,0
231,21332531984,20
232,199895486317,0
233,199895486317,0
234,199895486317,0
235,29176065526,1020
236,21332531984,20
237,199895486317,0
238,199895486317,0
239,93973506,27110
240,199895486317,0
241,199895486317,0
242,104885914635,100
243,199895486317,0
244,45836786246,1050
245,199895486317,0
246,199895486317,0
247,44415637231,30
248,53449446575,40
249,199895486317,0
250,18092167,27610
251,199895486317,0
252,53449446575,40
253,199895486317,0
254,53449446575,40
255,21332531984,20
256,44415637231,30
257,2946382804,4180
258,199895486317,0
259,117440372739,60
260,44415637231,30
261,2280307315,2270
262,199895486317,0
263,44415637231,30
264,21332531984,20
265,104885914635,100
266,199895486317,0
267,199895486317,0
268,117440372739,60
269,199895486317,0
270,4116667723,200
271,16803552872,140
272,117440372739,60
273,53449446575,40
274,199895486317,0
275,199895486317,0
276,199895486317,0
277,129635302966,80
278,199895486317,0
279,44415637231,30
280,199895486317,0
281,1611356906,1370
282,564797752,1030
283,150201021039,70
284,9363159852,250
285,117440372739,60
286,199895486317,0
287,35102186,29500
288,117440372739,60
289,44415637231,30
290,104885914635,100
291,199895486317,0
292,117440372739,60
293,199895486317,0
294,199895486317,0
295,3211544775,120
296,4126017705,4700
297,53449446575,40
298,32594629589,600
299,21332531984,20
300,1041163611,860
301,199895486317,0
302,199895486317,0
303,117440372739,60
304,199895486317,0
305,199895486317,0
306,582265613,1280
307,522059169783,90
308,19825178280,11360
309,199895486317,0
310,199895486317,0
311,150201021039,70
312,104885914635,100
313,199895486317,0
314,61836819234,50
315,199895486317,0
316,21738002148,110
317,21738002148,110
318,199895486317,0
319,44415637231,30
320,199895486317,0
321,117440372739,60
322,407239802,200
323,199895486317,0
324,4116667723,200
325,27201374576,130
326,117440372739,60
327,44415637231,30
328,199895486317,0
329,199895486317,0
330,199895486317,0
331,44415637231,30
332,199895486317,0
333,199895486317,0
334,199895486317,0
335,61836819234,50
336,1623610345,290
337,3211544775,120
338,104885914635,100
339,150201021039,70
340,199895486317,0
341,1812152854,100
342,25822550168,2000
343,32594629589,600
344,4242159183,3720
345,21332531984,20
346,19285673906,270
347,199895486317,0
348,5164513348,300
349,19285673906,270
350,199895486317,0
351,61836819234,50
352,199895486317,0
353,21332531984,20
354,3211544775,120
355,3569860336,3670
356,199895486317,0
357,199895486317,0
358,199895486317,0
359,53449446575,40
360,199895486317,0
361,199895486317,0
362,199895486317,0
363,117440372739,60
364,5164513348,300
365,199895486317,0
366,44415637231,30
367,199895486317,0
368,199895486317,0
369,3211544775,120
370,117440372739,60
371,3211544775,120
372,199895486317,0
373,522059169783,90
374,2027396950,2230
375,199895486317,0
376,199895486317,0
377,19725845114,9000
378,129635302966,80
379,199895486317,0
380,199895486317,0
381,199895486317,0
382,5164513348,300
383,199895486317,0
384,61836819234,50
385,53449446575,40
386,1946037492,2770
387,129635302966,80
388,117440372739,60
389,4116667723,200
390,199895486317,0
391,3211544775,120
392,24094065895,7540
393,53449446575,40
394,21332531984,20
395,44415637231,30
396,10616818416,3200
397,199895486317,0
398,199895486317,0
399,2168108267,780
400,199895486317,0
401,129635302966,80
402,61836819234,50
403,21332531984,20
404,1328972307,430
405,199895486317,0
406,14668562181,290
407,199895486317,0
408,199895486317,0
409,51880100265,650
410,9363159852,250
411,53449446575,40
412,350563451,450
413,21332531984,20
414,199895486317,0
415,259409503,2420
416,199895486317,0
417,21332531984,20
418,5164513348,300
419,18720619299,500
420,44415637231,30
421,199895486317,0
422,199895486317,0
423,199895486317,0
424,199895486317,0
425,199895486317,0
426,9363159852,250
427,4116667723,200
428,21332531984,20
429,61836819234,50
430,44415637231,30
431,21332531984,20
432,104885914635,100
433,199895486317,0
434,199895486317,0
435,44415637231,30
436,21332531984,20
437,117440372739,60
438,21332531984,20
439,44415637231,30
440,53449446575,40
441,199895486317,0
442,53449446575,40
443,2935002071,1470
444,199895486317,0
445,199895486317,0
446,199895486317,0
447,199895486317,0
448,27201374576,130
449,199895486317,0
450,199895486317,0
451,199895486317,0
452,150201021039,70
453,7650964447,2800
454,199895486317,0
455,21332531984,20
456,3444441883,4230
457,129635302966,80
458,21808934,30670
459,44415637231,30
460,199895486317,0
461,3051269805,3000
462,199895486317,0
463,21332531984,20
464,199895486317,0
465,199895486317,0
466,199895486317,0
467,129635302966,80
468,1623610345,290
469,21332531984,20
470,199895486317,0
471,10196564455,1000
472,199895486317,0
473,199895486317,0
474,199895486317,0
475,1557501439,2060
476,21332531984,20
477,199895486317,0
478,61836819234,50
479,199895486317,0
480,20901933,63320
481,199895486317,0
482,44415637231,30
483,199895486317,0
484,3553786957,1190
485,9363159852,250
486,199895486317,0
487,61836819234,50
488,199895486317,0
489,199895486317,0
490,199895486317,0
491,199895486317,0
492,199895486317,0
493,199895486317,0
494,53449446575,40
495,199895486317,0
496,5906111453,4370
497,199895486317,0
498,7514314456,1620
499,199895486317,0
500,3211544775,120
501,21332531984,20
502,21332531984,20
503,129635302966,80
504,199895486317,0
505,199895486317,0
506,53449446575,40
507,199895486317,0
508,129635302966,80
509,199895486317,0
510,16491359,34200
511,53449446575,40
512,19474164235,5210
513,117440372739,60
514,199895486317,0
515,522059169783,90
516,199895486317,0
517,104885914635,100
518,44415637231,30
519,199895486317,0
520,44415637231,30
521,84990113859,420
522,10839661299,12740
523,5164513348,300
524,129635302966,80
525,199895486317,0
526,199895486317,0
527,199895486317,0
528,21332531984,20
529,199895486317,0
530,117440372739,60
531,19285673906,270
532,25822550168,2000
533,53449446575,40
534,4116667723,200
535,199895486317,0
536,21332531984,20
537,199895486317,0
538,44415637231,30
539,199895486317,0
540,199895486317,0
541,104885914635,100
542,199895486317,0
543,104885914635,100
544,199895486317,0
545,2417616061,1750
546,53449446575,40
547,199895486317,0
548,199895486317,0
549,199895486317,0
550,199895486317,0
551,44415637231,30
552,21332531984,20
553,4116667723,200
554,21332531984,20
555,44415637231,30
556,21332531984,20
557,21332531984,20
558,117440372739,60
559,31954940,24700
560,44415637231,30
561,19285673906,270
562,44415637231,30
563,53449446575,40
564,199895486317,0
565,21332531984,20
566,10196564455,1000
567,10629358286,12340
568,799426074,400
569,199895486317,0
570,3211544775,120
571,199895486317,0
572,199895486317,0
573,104885914635,100
574,53449446575,40
575,3211544775,120
576,199895486317,0
577,199895486317,0
578,199895486317,0
579,53449446575,40
580,199895486317,0
581,199895486317,0
582,199895486317,0
583,61836819234,50
584,117440372739,60
585,199895486317,0
586,21332531984,20
587,61836819234,50
588,150201021039,70
589,10196564455,1000
590,21332531984,20
591,150201021039,70
592,199895486317,0
593,53449446575,40
594,21332531984,20
595,21332531984,20
596,25727830476,170
597,199895486317,0
598,199895486317,0
599,53449446575,40
600,104885914635,100
601,104885914635,100
602,21332531984,20
603,3211544775,120
604,199895486317,0
605,199895486317,0
606,199895486317,0
607,9363159852,250
608,5164513348,300
609,21332531984,20
610,61836819234,50
611,61836819234,50
612,199895486317,0
613,199895486317,0
614,129635302966,80
615,21332531984,20
616,199895486317,0
617,21332531984,20
618,199895486317,0
619,104885914635,100
620,104885914635,100
621,5164513348,300
622,199895486317,0
623,129635302966,80
624,21332531984,20
625,199895486317,0
626,2279200087,1300
627,21332531984,20
628,104885914635,100
629,199895486317,0
630,199895486317,0
631,199895486317,0
632,3395158712,5800
633,14151684670,220
634,199895486317,0
635,199895486317,0
636,5164513348,300
637,10196564455,1000
638,199895486317,0
639,199895486317,0
640,199895486317,0
641,199895486317,0
642,199895486317,0
643,44415637231,30
644,53449446575,40
645,21332531984,20
646,199895486317,0
647,53449446575,40
648,199895486317,0
649,53449446575,40
650,199895486317,0
651,199895486317,0
652,29176065526,1020
653,199895486317,0
654,25727830476,170
655,6942315233,1310
656,61836819234,50
657,199895486317,0
658,199895486317,0
659,199895486317,0
660,18720619299,500
661,199895486317,0
662,199895486317,0
663,199895486317,0
664,53449446575,40
665,199895486317,0
666,199895486317,0
667,104885914635,100
668,199895486317,0
669,61836819234,50
670,199895486317,0
671,199895486317,0
672,199895486317,0
673,199895486317,0
674,199895486317,0
675,199895486317,0
676,5164513348,300
677,4116667723,200
678,522059169783,90
679,21332531984,20
680,44415637231,30
681,150201021039,70
682,199895486317,0
683,117440372739,60
684,21310473674,13160
685,21332531984,20
686,1041163611,860
687,199895486317,0
688,9363159852,250
689,5164513348,300
690,199895486317,0
691,53449446575,40
692,53449446575,40
693,14151684670,220
694,199895486317,0
695,21332531984,20
696,53449446575,40
697,199895486317,0
698,44415637231,30
699,117440372739,60
700,44415637231,30
701,21332531984,20
702,10196564455,1000
703,17998668670,400
704,21332531984,20
705,199895486317,0
706,199895486317,0
707,199895486317,0
708,199895486317,0
709,199895486317,0
710,199895486317,0
711,582265613,1280
712,5164513348,300
713,4116667723,200
714,199895486317,0
715,199895486317,0
716,199895486317,0
717,117440372739,60
718,1126635308,3400
719,199895486317,0
720,104885914635,100
721,21332531984,20
722,53449446575,40
723,199895486317,0
724,117440372739,60
725,199895486317,0
726,3211544775,120
727,117440372739,60
728,199895486317,0
729,199895486317,0
730,150201021039,70
731,21332531984,20
732,199895486317,0
733,104885914635,100
734,61836819234,50
735,21332531984,20
736,53449446575,40
737,199895486317,0
738,199895486317,0
739,5164513348,300
740,199895486317,0
741,44415637231,30
742,199895486317,0
743,117440372739,60
744,5164513348,300
745,199895486317,0
746,350563451,450
747,104885914635,100
748,199895486317,0
749,53449446575,40
750,199895486317,0
751,53449446575,40
752,199895486317,0
753,150201021039,70
754,980939497,180
755,199895486317,0
756,1388755557,710
757,199895486317,0
758,199895486317,0
759,199895486317,0
760,199895486317,0
761,61836819234,50
762,199895486317,0
763,199895486317,0
764,117440372739,60
765,44415637231,30
766,199895486317,0
767,199895486317,0
768,199895486317,0
769,104885914635,100
770,199895486317,0
771,199895486317,0
772,199895486317,0
773,5164513348,300
774,199895486317,0
775,21332531984,20
776,21332531984,20
777,117440372739,60
778,53449446575,40
779,21332531984,20
780,61836819234,50
781,21332531984,20
782,756307468411,4350
783,35005253771,11390
784,199895486317,0
785,3211544775,120
786,117440372739,60
787,21332531984,20
788,44415637231,30
789,7114084347,5340
790,199895486317,0
791,1746569809,2150
792,5081686378,9320
793,199895486317,0
794,199895486317,0
795,7809124231,3280
796,21332531984,20
797,522059169783,90
798,129635302966,80
799,21332531984,20
800,15768144668,320
801,199895486317,0
802,199895486317,0
803,61836819234,50
804,53449446575,40
805,21332531984,20
806,199895486317,0
807,199895486317,0
808,117440372739,60
809,522059169783,90
810,199895486317,0
811,199895486317,0
812,44415637231,30
813,199895486317,0
814,129635302966,80
815,199895486317,0
816,104885914635,100
817,129635302966,80
818,129635302966,80
819,199895486317,0
820,199895486317,0
821,44415637231,30
822,61836819234,50
823,53449446575,40
824,199895486317,0
825,4116667723,200
826,199895486317,0
827,4116667723,200
828,49509861597,9660
829,21332531984,20
830,199895486317,0
831,61836819234,50
832,53449446575,40
833,53449446575,40
834,4116667723,200
835,150201021039,70
836,129635302966,80
837,21332531984,20
838,78800927675,160
839,44415637231,30
840,199895486317,0
841,1597747038,4020
842,117440372739,60
843,199895486317,0
844,199895486317,0
845,199895486317,0
846,44415637231,30
847,16803552872,140
848,2609039810,1580
849,21332531984,20
850,10037369421,6440
851,4116667723,200
852,4116667723,200
853,17998668670,400
854,53449446575,40
855,1074773547,5180
856,79791070789,260
857,711860916,410
858,199895486317,0
859,21332531984,20
860,199895486317,0
861,117440372739,60
862,2246580146,40
863,199895486317,0
864,150201021039,70
865,199895486317,0
866,199895486317,0
867,76022607775,370
868,1037612987,920
869,53449446575,40
870,61836819234,50
871,21332531984,20
872,199895486317,0
873,199895486317,0
874,199895486317,0
875,199895486317,0
876,61836819234,50
877,61836819234,50
878,19285673906,270
879,199895486317,0
880,53449446575,40
881,199895486317,0
882,44415637231,30
883,199895486317,0
884,199895486317,0
885,104885914635,100
886,199895486317,0
887,199895486317,0
888,199895486317,0
889,18720619299,500
890,21332531984,20
891,306014431050,450
892,18720619299,500
893,1420987236,2220
894,199895486317,0
895,199895486317,0
896,14668562181,290
897,61836819234,50
898,199895486317,0
899,199895486317,0
900,799426074,400
901,28128824,74630
902,53449446575,40
903,150201021039,70
904,199895486317,0
905,21332531984,20
906,61836819234,50
907,35547651,74200
908,199895486317,0
909,44415637231,30
910,199895486317,0
911,44415637231,30
912,199895486317,0
913,199895486317,0
914,199895486317,0
915,19733130484,4680
916,199895486317,0
917,199895486317,0
918,199895486317,0
919,53449446575,40
920,199895486317,0
921,199895486317,0
922,199895486317,0
923,21332531984,20
924,16803552872,140
925,199895486317,0
926,199895486317,0
927,104885914635,100
928,61836819234,50
929,21332531984,20
930,44415637231,30
931,199895486317,0
932,199895486317,0
933,199895486317,0
934,199895486317,0
935,199895486317,0
936,2616573957,990
937,21332531984,20
938,199895486317,0
939,199895486317,0
940,5164513348,300
941,44415637231,30
942,44415637231,30
943,44415637231,30
944,199895486317,0
945,16803552872,140
946,199895486317,0
947,199895486317,0
948,61836819234,50
949,21332531984,20
950,117440372739,60
951,53449446575,40
952,199895486317,0
953,199895486317,0
954,53449446575,40
955,21332531984,20
956,199895486317,0
957,4116667723,200
958,199895486317,0
959,61836819234,50
960,4116667723,200
961,199895486317,0
962,199895486317,0
963,199895486317,0
964,199895486317,0
965,199895486317,0
966,4116667723,200
967,117440372739,60
968,117440372739,60
969,199895486317,0
970,16803552872,140
971,199895486317,0
972,199895486317,0
973,199895486317,0
974,199895486317,0
975,3924169608,10890
976,199895486317,0
977,21332531984,20
978,104885914635,100
979,199895486317,0
980,4116667723,200
981,21332531984,20
982,199895486317,0
983,150201021039,70
984,5164513348,300
985,199895486317,0
986,21332531984,20
987,129635302966,80
988,150201021039,70
989,199895486317,0
990,14151684670,220
991,522059169783,90
992,199895486317,0
993,199895486317,0
994,199895486317,0
995,4116667723,200
996,129635302966,80
997,199895486317,0
998,21332531984,20
999,148750408906,1040
1000,129635302966,80
1001,199895486317,0
1002,199895486317,0
1003,5164513348,300
1004,199895486317,0
1005,21332531984,20
1006,1302499365125,1300
1007,199895486317,0
1008,485874922486,820
1009,117440372739,60
1010,199895486317,0
1011,17998668670,400
1012,522059169783,90
1013,11355824382,8230
1014,199895486317,0
1015,199895486317,0
1016,44415637231,30
1017,199895486317,0
1018,199895486317,0
1019,53449446575,40
1020,117440372739,60
1021,199895486317,0
1022,4116667723,200
1023,44415637231,30
1024,199895486317,0
1025,53449446575,40
1026,199895486317,0
1027,515359504,23590
1028,199895486317,0
1029,199895486317,0
1030,21332531984,20
1031,150201021039,70
1032,199895486317,0
1033,53449446575,40
1034,21332531984,20
1035,199895486317,0
1036,199895486317,0
1037,53449446575,40
1038,199895486317,0
1039,17998668670,400
1040,104885914635,100
1041,21332531984,20
1042,199895486317,0
1043,104885914635,100
1044,199895486317,0
1045,21332531984,20
1046,53449446575,40
1047,53449446575,40
1048,199895486317,0
1049,117440372739,60
1050,543584136,2310
1051,25822550168,2000
1052,1849724805,5760
1053,1212671480,1260
1054,199895486317,0
1055,199895486317,0
1056,44415637231,30
1057,199895486317,0
1058,117440372739,60
1059,21332531984,20
1060,14668562181,290
1061,103678173077,350
1062,199895486317,0
1063,1404451831,560
1064,117440372739,60
1065,1372816322,970
1066,199895486317,0
1067,199895486317,0
1068,7675700447,3940
1069,4116667723,200
1070,199895486317,0
1071,199895486317,0
1072,199895486317,0
1073,199895486317,0
1074,199895486317,0
1075,199895486317,0
1076,117440372739,60
1077,199895486317,0
1078,199895486317,0
1079,199895486317,0
1080,664370429,1240
1081,199895486317,0
1082,199895486317,0
1083,199895486317,0
1084,199895486317,0
1085,44415637231,30
1086,199895486317,0
1087,53449446575,40
1088,199895486317,0
1089,44415637231,30
1090,21738002148,110
1091,6455265,111870
1092,199895486317,0
1093,199895486317,0
1094,117440372739,60
1095,1771881304,380
1096,117440372739,60
1097,894919366,270
1098,44415637231,30
1099,18475427195,5520
1100,199895486317,0
1101,199895486317,0
1102,10196564455,1000
1103,84990113859,420
1104,199895486317,0
1105,199895486317,0
1106,21332531984,20
1107,150201021039,70
1108,44415637231,30
1109,199895486317,0
1110,53449446575,40
1111,21332531984,20
1112,199895486317,0
1113,4116667723,200
1114,199895486317,0
1115,104885914635,100
1116,199895486317,0
1117,199895486317,0
1118,199895486317,0
1119,199895486317,0
1120,199895486317,0
1121,104885914635,100
1122,199895486317,0
1123,21332531984,20
1124,199895486317,0
1125,19010994,135860
1126,199895486317,0
1127,76022607775,370
1128,117440372739,60
1129,717424599,890
1130,35201777221,6720
1131,1508371940,3090
1132,199895486317,0
1133,199895486317,0
1134,199895486317,0
1135,4116667723,200
1136,199895486317,0
1137,199895486317,0
1138,199895486317,0
1139,199895486317,0
1140,275282566,1980
1141,44415637231,30
1142,199895486317,0
1143,522059169783,90
1144,21332531984,20
1145,199895486317,0
1146,117440372739,60
1147,199895486317,0
1148,199895486317,0
1149,199895486317,0
1150,199895486317,0
1151,199895486317,0
1152,104885914635,100
1153,10196564455,1000
1154,199895486317,0
1155,199895486317,0
1156,199895486317,0
1157,199895486317,0
1158,199895486317,0
1159,645028452,190
1160,44415637231,30
1161,199895486317,0
1162,21332531984,20
1163,199895486317,0
1164,199895486317,0
1165,21332531984,20
1166,4116667723,200
1167,104885914635,100
1168,199895486317,0
1169,199895486317,0
1170,21332531984,20
1171,199895486317,0
1172,3390045382,2110
1173,53449446575,40
1174,3385540743,2130
1175,14151684670,220
1176,21332531984,20
1177,117440372739,60
1178,199895486317,0
1179,21332531984,20
1180,53449446575,40
1181,199895486317,0
1182,199895486317,0
1183,199895486317,0
1184,199895486317,0
1185,199895486317,0
1186,199895486317,0
1187,21332531984,20
1188,21332531984,20
1189,61836819234,50
1190,199895486317,0
1191,53449446575,40
1192,46956349,29320
1193,129635302966,80
1194,199895486317,0
1195,199895486317,0
1196,21332531984,20
1197,44415637231,30
1198,44415637231,30
1199,44415637231,30
1200,61836819234,50
1201,21332531984,20
1202,245999271206,460
1203,199895486317,0
1204,3211544775,120
1205,199895486317,0
1206,3616531268,6280
1207,259409503,2420
1208,3211544775,120
1209,588547895,720
1210,21332531984,20
1211,199895486317,0
1212,199895486317,0
1213,21332531984,20
1214,199895486317,0
1215,199895486317,0
1216,19285673906,270
1217,44415637231,30
1218,199895486317,0
1219,44415637231,30
1220,199895486317,0
1221,104885914635,100
1222,21332531984,20
1223,2503483184,1940
1224,199895486317,0
1225,4116667723,200
1226,199895486317,0
1227,4116667723,200
1228,199895486317,0
1229,199895486317,0
1230,104885914635,100
1231,1453787900,110
1232,44415637231,30
1233,150201021039,70
1234,29209399,33300
1235,17998668670,400
1236,78800927675,160
1237,199895486317,0
1238,44415637231,30
1239,117440372739,60
1240,4116667723,200
1241,44415637231,30
1242,199895486317,0
1243,21332531984,20
1244,1269130751365,1030
1245,21332531984,20
1246,4116667723,200
1247,199895486317,0
1248,199895486317,0
1249,199895486317,0
1250,44415637231,30
1251,21332531984,20
1252,5164513348,300
1253,21332531984,20
1254,15768144668,320
1255,4116667723,200
1256,12910396582,10800
1257,199895486317,0
1258,4116667723,200
1259,199895486317,0
1260,3398149728,50
1261,21332531984,20
1262,61836819234,50
1263,199895486317,0
1264,53449446575,40
1265,199895486317,0
1266,53449446575,40
1267,53449446575,40
1268,199895486317,0
1269,44415637231,30
1270,199895486317,0
1271,29100578577,240
1272,17998668670,400
1273,199895486317,0
1274,199895486317,0
1275,522059169783,90
1276,21332531984,20
1277,4116667723,200
1278,5294653811,16910
1279,522059169783,90
1280,199895486317,0
1281,199895486317,0
1282,117440372739,60
1283,150201021039,70
1284,53449446575,40
1285,10196564455,1000
1286,199895486317,0
1287,44415637231,30
1288,199895486317,0
1289,199895486317,0
1290,17998668670,400
1291,5164513348,300
1292,16803552872,140
1293,44659692,336770
1294,199895486317,0
1295,16913504896,14320
1296,14151684670,220
1297,117440372739,60
1298,32594629589,600
1299,199895486317,0
1300,53449446575,40
1301,199895486317,0
1302,199895486317,0
1303,21332531984,20
1304,1452932096,980
1305,44415637231,30
1306,199895486317,0
1307,61836819234,50
1308,129635302966,80
1309,522059169783,90
1310,21332531984,20
1311,199895486317,0
1312,117440372739,60
1313,61836819234,50
1314,199895486317,0
1315,199895486317,0
1316,199895486317,0
1317,199895486317,0
1318,10196564455,1000
1319,199895486317,0
1320,199895486317,0
1321,17561137846,12100
1322,21332531984,20
1323,199895486317,0
1324,104885914635,100
1325,199895486317,0
1326,117440372739,60
1327,44415637231,30
1328,4116667723,200
1329,199895486317,0
1330,199895486317,0
1331,199895486317,0
1332,5164513348,300
1333,199895486317,0
1334,199895486317,0
1335,17998668670,400
1336,44415637231,30
1337,25468900,32770
1338,61836819234,50
1339,10196564455,1000
1340,199895486317,0
1341,199895486317,0
1342,199895486317,0
1343,199895486317,0
1344,199895486317,0
1345,199895486317,0
1346,199895486317,0
1347,199895486317,0
1348,199895486317,0
1349,199895486317,0
1350,61836819234,50
1351,199895486317,0
1352,44415637231,30
1353,199895486317,0
1354,582265613,1280
1355,129635302966,80
1356,199895486317,0
1357,27201374576,130
1358,104885914635,100
1359,199895486317,0
1360,8440947738,5140
1361,21332531984,20
1362,53449446575,40
1363,104885914635,100
1364,117440372739,60
1365,44415637231,30
1366,61836819234,50
1367,44415637231,30
1368,61836819234,50
1369,199895486317,0
1370,199895486317,0
1371,199895486317,0
1372,199895486317,0
1373,104885914635,100
1374,53449446575,40
1375,199895486317,0
1376,1855122276,2360
1377,21332531984,20
1378,61836819234,50
1379,104885914635,100
1380,21332531984,20
1381,9245980337,4600
1382,21332531984,20
1383,21332531984,20
1384,522059169783,90
1385,199895486317,0
1386,9793233349,3020
1387,6479516132,6690
1388,5164513348,300
1389,117440372739,60
1390,44415637231,30
1391,53449446575,40
1392,104885914635,100
1393,117440372739,60
1394,199895486317,0
1395,199895486317,0
1396,199895486317,0
1397,393507560574,2050
1398,104885914635,100
1399,199895486317,0
1400,32594629589,600
1401,53449446575,40
1402,14668562181,290
1403,199895486317,0
1404,199895486317,0
1405,199895486317,0
1406,199895486317,0
1407,199895486317,0
1408,5164513348,300
1409,104885914635,100
1410,683971751015,1110
1411,104885914635,100
1412,199895486317,0
1413,150201021039,70
1414,199895486317,0
1415,1485948408,390
1416,117440372739,60
1417,104885914635,100
1418,21332531984,20
1419,199895486317,0
1420,199895486317,0
1421,21332531984,20
1422,19496615,27430
1423,904553323352,590
1424,21332531984,20
1425,4116667723,200
1426,21332531984,20
1427,199895486317,0
1428,199895486317,0
1429,199895486317,0
1430,53449446575,40
1431,53449446575,40
1432,199895486317,0
1433,9363159852,250
1434,21332531984,20
1435,899082495,540
1436,78800927675,160
1437,9363159852,250
1438,199895486317,0
1439,21332531984,20
1440,4116667723,200
1441,53449446575,40
1442,199895486317,0
1443,21332531984,20
1444,21332531984,20
1445,199895486317,0
1446,53449446575,40
1447,199895486317,0
1448,199895486317,0
1449,199895486317,0
1450,199895486317,0
1451,4116667723,200
1452,44415637231,30
1453,199895486317,0
1454,4116667723,200
1455,199895486317,0
1456,199895486317,0
1457,7531070916,5700
1458,21332531984,20
1459,651418037,1360
1460,44415637231,30
1461,21534858,341620
1462,150201021039,70
1463,199895486317,0
1464,129635302966,80
1465,21332531984,20
1466,199895486317,0
1467,44415637231,30
1468,199895486317,0
1469,199895486317,0
1470,53449446575,40
1471,199895486317,0
1472,10196564455,1000
1473,4116667723,200
1474,21332531984,20
1475,104885914635,100
1476,21332531984,20
1477,199895486317,0
1478,53449446575,40
1479,4116667723,200
1480,9363159852,250
1481,199895486317,0
1482,199895486317,0
1483,199895486317,0
1484,40839190577,11160
1485,199895486317,0
1486,61836819234,50
1487,53723781777,150
1488,21332531984,20
1489,104885914635,100
1490,199895486317,0
1491,199895486317,0
1492,199895486317,0
1493,199895486317,0
1494,199895486317,0
1495,199895486317,0
1496,199895486317,0
1497,199895486317,0
1498,129635302966,80
1499,199895486317,0
1500,199895486317,0
1501,199895486317,0
1502,358041744,660
1503,24392766,48970
1504,199895486317,0
1505,37898207,43920
1506,199895486317,0
1507,199895486317,0
1508,5544423127,2490
1509,53449446575,40
1510,199895486317,0
1511,199895486317,0
1512,199895486317,0
1513,199895486317,0
1514,199895486317,0
1515,199895486317,0
1516,899082495,540
1517,4116667723,200
1518,2280307315,2270
1519,53449446575,40
1520,44415637231,30
1521,199895486317,0
1522,199895486317,0
1523,199895486317,0
1524,1126635308,3400
1525,150201021039,70
1526,16803552872,140
1527,199895486317,0
1528,51185431770,180
1529,21332531984,20
1530,199895486317,0
1531,44415637231,30
1532,199895486317,0
1533,199895486317,0
1534,61836819234,50
1535,5220980018,4120
1536,5164513348,300
1537,21332531984,20
1538,199895486317,0
1539,199895486317,0
1540,17998668670,400
1541,61836819234,50
1542,199895486317,0
1543,199895486317,0
1544,199895486317,0
1545,150201021039,70
1546,53449446575,40
1547,3121557989,1010
1548,61836819234,50
1549,117440372739,60
1550,44415637231,30
1551,104885914635,100
1552,18720619299,500
1553,199895486317,0
1554,199895486317,0
1555,793814939,60
1556,199895486317,0
1557,199895486317,0
1558,199895486317,0
1559,782926989,20420
1560,199895486317,0
1561,4116667723,200
1562,21332531984,20
1563,199895486317,0
1564,44415637231,30
1565,9363159852,250
1566,53449446575,40
1567,53449446575,40
1568,21332531984,20
1569,199895486317,0
1570,129635302966,80
1571,53449446575,40
1572,199895486317,0
1573,21332531984,20
1574,53449446575,40
1575,3211544775,120
1576,199895486317,0
1577,61836819234,50
1578,199895486317,0
1579,199895486317,0
1580,14608122387,12330
1581,259409503,2420
1582,129635302966,80
1583,199895486317,0
1584,150201021039,70
1585,44415637231,30
1586,44415637231,30
1587,199895486317,0
1588,104885914635,100
1589,53449446575,40
1590,199895486317,0
1591,199895486317,0
1592,53449446575,40
1593,45836786246,1050
1594,199895486317,0
1595,104885914635,100
1596,129635302966,80
1597,150201021039,70
1598,199895486317,0
1599,199895486317,0
1600,199895486317,0
1601,32594629589,600
1602,21332531984,20
1603,63483326109,230
1604,4116667723,200
1605,199895486317,0
1606,199895486317,0
1607,176427732653,1200
1608,29100578577,240
1609,10196564455,1000
1610,199895486317,0
1611,46413883072,10250
1612,21332531984,20
1613,1687690552,950
1614,104885914635,100
1615,199895486317,0
1616,199895486317,0
1617,199895486317,0
1618,16803552872,140
1619,150201021039,70
1620,44415637231,30
1621,199895486317,0
1622,199895486317,0
1623,199895486317,0
1624,129635302966,80
1625,199895486317,0
1626,21332531984,20
1627,5164513348,300
1628,17998668670,400
1629,84274844789,330
1630,117440372739,60
1631,199895486317,0
1632,63483326109,230
1633,1341962593,1420
1634,199895486317,0
1635,61836819234,50
1636,199895486317,0
1637,3404117021,14820
1638,204709073,500000
1639,5164513348,300
1640,104885914635,100
1641,1730703305,1600
1642,53449446575,40
1643,61836819234,50
1644,5164513348,300
1645,199895486317,0
1646,4116667723,200
1647,199895486317,0
1648,199895486317,0
1649,199895486317,0
1650,199895486317,0
1651,32594629589,600
1652,770030247,5040
1653,4116667723,200
1654,79791070789,260
1655,61836819234,50
1656,32594629589,600
1657,61836819234,50
1658,44415637231,30
1659,53449446575,40
1660,44415637231,30
1661,199895486317,0
1662,44415637231,30
1663,1002046864867,2030
1664,44415637231,30
1665,414086011,680
1666,53449446575,40
1667,199895486317,0
1668,199895486317,0
1669,5164513348,300
1670,39302125,47000
1671,9363159852,250
1672,21332531984,20
1673,199895486317,0
1674,53449446575,40
1675,199895486317,0
1676,21332531984,20
1677,980939497,180
1678,10196564455,1000
1679,51185431770,180
1680,199895486317,0
1681,199895486317,0
1682,199895486317,0
1683,199895486317,0
1684,169746002814,690
1685,199895486317,0
1686,53449446575,40
1687,199895486317,0
1688,117440372739,60
1689,21332531984,20
1690,199895486317,0
1691,44415637231,30
1692,4116667723,200
1693,53449446575,40
1694,53449446575,40
1695,199895486317,0
1696,129635302966,80
1697,4116667723,200
1698,4116667723,200
1699,21332531984,20
1700,199895486317,0
1701,199895486317,0
1702,7253613330,4080
1703,117440372739,60
1704,199895486317,0
1705,199895486317,0
1706,61836819234,50
1707,27652676,27700
1708,199895486317,0
1709,199895486317,0
1710,199895486317,0
1711,199895486317,0
1712,35441848,22920
1713,199895486317,0
1714,199895486317,0
1715,2779878073,480
1716,522059169783,90
1717,199895486317,0
1718,44415637231,30
1719,199895486317,0
1720,10196564455,1000
1721,61836819234,50
1722,21332531984,20
1723,199895486317,0
1724,199895486317,0
1725,1212671480,1260
1726,522059169783,90
1727,199895486317,0
1728,44415637231,30
1729,199895486317,0
1730,3211544775,120
1731,371935106,740
1732,12001457635,6430
1733,199895486317,0
1734,199895486317,0
1735,44415637231,30
1736,199895486317,0
1737,199895486317,0
1738,21332531984,20
1739,199895486317,0
1740,199895486317,0
1741,8668509828,4390
1742,199895486317,0
1743,29100578577,240
1744,53449446575,40
1745,199895486317,0
1746,129635302966,80
1747,21332531984,20
1748,199895486317,0
1749,53449446575,40
1750,117440372739,60
1751,21332531984,20
1752,199895486317,0
1753,1041163611,860
1754,199895486317,0
1755,199895486317,0
1756,199895486317,0
1757,53449446575,40
1758,53449446575,40
1759,21332531984,20
1760,1611356906,1370
1761,21332531984,20
1762,199895486317,0
1763,104885914635,100
1764,6123361469,760
1765,199895486317,0
1766,199895486317,0
1767,7768539250,4450
1768,21332531984,20
1769,21332531984,20
1770,1731447917,960
1771,5835702090,8820
1772,21332531984,20
1773,150201021039,70
1774,21332531984,20
1775,199895486317,0
1776,104885914635,100
1777,199895486317,0
1778,199895486317,0
1779,21332531984,20
1780,522059169783,90
1781,199895486317,0
1782,10343034034,5160
1783,44415637231,30
1784,150201021039,70
1785,21332531984,20
1786,5164513348,300
1787,29303089697,5840
1788,199895486317,0
1789,61836819234,50
1790,44415637231,30
1791,33840310292,7080
1792,199895486317,0
1793,199895486317,0
1794,2548614248,570
1795,44415637231,30
1796,104885914635,100
1797,199895486317,0
1798,104885914635,100
1799,129635302966,80
1800,199895486317,0
1801,117440372739,60
1802,78800927675,160
1803,199895486317,0
1804,3211544775,120
1805,3211544775,120
1806,199895486317,0
1807,53449446575,40
1808,199895486317,0
1809,199895486317,0
1810,104885914635,100
1811,199895486317,0
1812,14151684670,220
1813,5164513348,300
1814,955999946,830
1815,104885914635,100
1816,199895486317,0
1817,5164513348,300
1818,21332531984,20
1819,199895486317,0
1820,199895486317,0
1821,199895486317,0
1822,19556358378,13010
1823,199895486317,0
1824,61836819234,50
1825,44415637231,30
1826,199895486317,0
1827,61836819234,50
1828,199895486317,0
1829,4116667723,200
1830,199895486317,0
1831,199895486317,0
1832,199895486317,0
1833,199895486317,0
1834,199895486317,0
1835,199895486317,0
1836,6530541266,1350
1837,150201021039,70
1838,199895486317,0
1839,150201021039,70
1840,21332531984,20
1841,4116667723,200
1842,582265613,1280
1843,7257605923,3080
1844,61836819234,50
1845,199895486317,0
1846,4116667723,200
1847,199895486317,0
1848,61836819234,50
1849,53449446575,40
1850,199895486317,0
1851,129635302966,80
1852,793814939,60
1853,199895486317,0
1854,328426231,1040
1855,53449446575,40
1856,19111919461,13050
1857,18720619299,500
1858,199895486317,0
1859,4116667723,200
1860,29181910,22340
1861,199895486317,0
1862,129635302966,80
1863,199895486317,0
1864,199895486317,0
1865,1212671480,1260
1866,199895486317,0
1867,186422006870,510
1868,53449446575,40
1869,104885914635,100
1870,199895486317,0
1871,32594629589,600
1872,4116667723,200
1873,199895486317,0
1874,44415637231,30
1875,175961027969,440
1876,5164513348,300
1877,51185431770,180
1878,21332531984,20
1879,199895486317,0
1880,4116667723,200
1881,199895486317,0
1882,199895486317,0
1883,21332531984,20
1884,199895486317,0
1885,199895486317,0
1886,199895486317,0
1887,199895486317,0
1888,21332531984,20
1889,199895486317,0
1890,199895486317,0
1891,21332531984,20
1892,44415637231,30
1893,199895486317,0
1894,53449446575,40
1895,199895486317,0
1896,199895486317,0
1897,44415637231,30
1898,79791070789,260
1899,44415637231,30
1900,27201374576,130
1901,21332531984,20
1902,199895486317,0
1903,104885914635,100
1904,199895486317,0
1905,53449446575,40
1906,199895486317,0
1907,21332531984,20
1908,5274714041,2550
1909,21332531984,20
1910,150201021039,70
1911,199895486317,0
1912,21332531984,20
1913,44415637231,30
1914,199895486317,0
1915,4497645408,17940
1916,199895486317,0
1917,18720619299,500
1918,117440372739,60
1919,199895486317,0
1920,4116667723,200
1921,61836819234,50
1922,129635302966,80
1923,53449446575,40
1924,117440372739,60
1925,199895486317,0
1926,28188167,37650
1927,21332531984,20
1928,53449446575,40
1929,7531070916,5700
1930,199895486317,0
1931,199895486317,0
1932,21332531984,20
1933,199895486317,0
1934,21332531984,20
1935,53449446575,40
1936,199895486317,0
1937,53449446575,40
1938,4116667723,200
1939,53449446575,40
1940,199895486317,0
1941,199895486317,0
1942,199895486317,0
1943,4116667723,200
1944,21332531984,20
1945,19361941,43630
1946,21926333379,12490
1947,1179949453,1110
1948,61836819234,50
1949,199895486317,0
1950,14151684670,220
1951,61836819234,50
1952,19364324634,12210
1953,199895486317,0
1954,78800927675,160
1955,199895486317,0
1956,199895486317,0
1957,150201021039,70
1958,21332531984,20
1959,199895486317,0
1960,199895486317,0
1961,199895486317,0
1962,199895486317,0
1963,32594629589,600
1964,3019461839,17160
1965,199895486317,0
1966,150201021039,70
1967,53723781777,150
1968,199895486317,0
1969,150201021039,70
1970,199895486317,0
1971,104885914635,100
1972,21332531984,20
1973,104885914635,100
1974,199895486317,0
1975,199895486317,0
1976,199895486317,0
1977,104885914635,100
1978,53449446575,40
1979,17998668670,400
1980,199895486317,0
1981,199895486317,0
1982,199895486317,0
1983,664370429,1240
1984,61836819234,50
1985,199895486317,0
1986,4116667723,200
1987,5021231410,4910
1988,199895486317,0
1989,104885914635,100
1990,44415637231,30
1991,44415637231,30
1992,53449446575,40
1993,15876920259,13230
1994,199895486317,0
1995,21332531984,20
1996,61836819234,50
1997,150201021039,70
1998,150201021039,70
1999,53449446575,40
2000,29100578577,240
2001,199895486317,0
2002,22238924,38900
2003,53449446575,40
2004,214788418759,900
2005,199895486317,0
2006,199895486317,0
2007,275282566,1980
2008,53449446575,40
2009,1812152854,100
2010,199895486317,0
2011,199895486317,0
2012,199895486317,0
2013,21332531984,20
2014,199895486317,0
2015,53449446575,40
2016,199895486317,0
2017,199895486317,0
2018,53449446575,40
2019,199895486317,0
2020,199895486317,0
2021,199895486317,0
2022,63483326109,230
2023,199895486317,0
2024,104885914635,100
2025,61836819234,50
2026,199895486317,0
2027,199895486317,0
2028,61836819234,50
2029,199895486317,0
2030,44415637231,30
2031,79791070789,260
2032,199895486317,0
2033,199895486317,0
2034,53449446575,40
2035,129635302966,80
2036,53449446575,40
2037,21332531984,20
2038,199895486317,0
2039,245999271206,460
2040,199895486317,0
2041,17593737414,4720
2042,61836819234,50
2043,199895486317,0
2044,44415637231,30
2045,4116667723,200
2046,199895486317,0
2047,4116667723,200
2048,53449446575,40
2049,199895486317,0
2050,44415637231,30
2051,21332531984,20
2052,199895486317,0
2053,21332531984,20
2054,199895486317,0
2055,104885914635,100
2056,199895486317,0
2057,199895486317,0
2058,53449446575,40
2059,10848622162,3620
2060,199895486317,0
2061,1327328065,18980
2062,199895486317,0
2063,14151684670,220
2064,21332531984,20
2065,3211544775,120
2066,199895486317,0
2067,1112682095,790
2068,199895486317,0
2069,199895486317,0
2070,21332531984,20
2071,199895486317,0
2072,10196564455,1000
2073,117440372739,60
2074,199895486317,0
2075,17998668670,400
2076,199895486317,0
2077,44415637231,30
2078,61836819234,50
2079,199895486317,0
2080,53449446575,40
2081,199895486317,0
2082,199895486317,0
2083,199895486317,0
2084,199895486317,0
2085,199895486317,0
2086,129635302966,80
2087,117440372739,60
2088,199895486317,0
2089,21332531984,20
2090,199895486317,0
2091,12905355564,8600
2092,4116667723,200
2093,199895486317,0
2094,199895486317,0
2095,199895486317,0
2096,199895486317,0
2097,199895486317,0
2098,199895486317,0
2099,199895486317,0
2100,199895486317,0
2101,53449446575,40
2102,21332531984,20
2103,199895486317,0
2104,199895486317,0
2105,199895486317,0
2106,199895486317,0
2107,199895486317,0
2108,199895486317,0
2109,199895486317,0
2110,61836819234,50
2111,199895486317,0
2112,199895486317,0
2113,44415637231,30
2114,199895486317,0
2115,53723781777,150
2116,12223559387,340
2117,199895486317,0
2118,21332531984,20
2119,215365794,24930
2120,199895486317,0
2121,44415637231,30
2122,199895486317,0
2123,199895486317,0
2124,199895486317,0
2125,4116667723,200
2126,199895486317,0
2127,199895486317,0
2128,2998029,150810
2129,150201021039,70
2130,199895486317,0
2131,61836819234,50
2132,21332531984,20
2133,199895486317,0
2134,5164513348,300
2135,10196564455,1000
2136,199895486317,0
2137,199895486317,0
2138,5164513348,300
2139,332814325,600
2140,199895486317,0
2141,199895486317,0
2142,61836819234,50
2143,53449446575,40
2144,2049414959,1850
2145,4116667723,200
2146,53449446575,40
2147,199895486317,0
2148,150201021039,70
2149,199895486317,0
2150,44415637231,30
2151,53449446575,40
2152,31841395039,9480
2153,11854217,48280
2154,199895486317,0
2155,5164513348,300
2156,199895486317,0
2157,199895486317,0
2158,199895486317,0
2159,199895486317,0
2160,4116667723,200
2161,5164513348,300
2162,4116667723,200
2163,104885914635,100
2164,61836819234,50
2165,4273400323,4520
2166,44415637231,30
2167,117440372739,60
2168,17998668670,400
2169,61836819234,50
2170,199895486317,0
2171,199895486317,0
2172,199895486317,0
2173,53449446575,40
2174,21332531984,20
2175,199895486317,0
2176,199895486317,0
2177,199895486317,0
2178,199895486317,0
2179,199895486317,0
2180,53449446575,40
2181,199895486317,0
2182,199895486317,0
2183,199895486317,0
2184,4116667723,200
2185,252197506215,380
2186,21332531984,20
2187,199895486317,0
2188,117440372739,60
2189,199895486317,0
2190,104885914635,100
2191,199895486317,0
2192,21332531984,20
2193,199895486317,0
2194,199895486317,0
2195,199895486317,0
2196,9363159852,250
2197,44415637231,30
2198,28651823,44780
2199,21332531984,20
2200,199895486317,0
2201,199895486317,0
2202,199895486317,0
2203,129635302966,80
2204,199895486317,0
2205,117440372739,60
2206,4116667723,200
2207,117440372739,60
2208,199895486317,0
2209,117440372739,60
2210,204709073,500000
2211,199895486317,0
2212,53449446575,40
2213,199895486317,0
2214,117440372739,60
2215,199895486317,0
2216,53449446575,40
2217,53449446575,40
2218,53449446575,40
2219,199895486317,0
2220,29176065526,1020
2221,199895486317,0
2222,8792363766,6770
2223,3211544775,120
2224,104885914635,100
2225,803064498,20
2226,199895486317,0
2227,21332531984,20
2228,199895486317,0
2229,853280145,250
2230,1381926237,15600
2231,578012214,750
2232,199895486317,0
2233,16803552872,140
2234,199895486317,0
2235,53449446575,40
2236,4116667723,200
2237,104885914635,100
2238,9363159852,250
2239,117440372739,60
2240,199895486317,0
2241,61836819234,50
2242,44415637231,30
2243,21332531984,20
2244,104885914635,100
2245,61836819234,50
2246,21332531984,20
2247,104885914635,100
2248,199895486317,0
2249,428240051,1000
2250,53449446575,40
2251,199895486317,0
2252,18720619299,500
2253,53449446575,40
2254,21332531984,20
2255,199895486317,0
2256,4116667723,200
2257,21332531984,20
2258,117440372739,60
2259,3086171538,590
2260,560198164,2320
2261,4255941211,18160
2262,21332531984,20
2263,199895486317,0
2264,199895486317,0
2265,12581078,106670
2266,199895486317,0
2267,350563451,450
2268,129635302966,80
2269,199895486317,0
2270,199895486317,0
2271,199895486317,0
2272,17469061738,6070
2273,53449446575,40
2274,199895486317,0
2275,199895486317,0
2276,199895486317,0
2277,199895486317,0
2278,150201021039,70
2279,199895486317,0
2280,5164513348,300
2281,21332531984,20
2282,21332531984,20
2283,199895486317,0
2284,199895486317,0
2285,199895486317,0
2286,117440372739,60
2287,21332531984,20
2288,53449446575,40
2289,21332531984,20
2290,5164513348,300
2291,44415637231,30
2292,199895486317,0
2293,199895486317,0
2294,199895486317,0
2295,199895486317,0
2296,199895486317,0
2297,199895486317,0
2298,21332531984,20
2299,53449446575,40
2300,21332531984,20
2301,199895486317,0
2302,199895486317,0
2303,199895486317,0
2304,21332531984,20
2305,199895486317,0
2306,53449446575,40
2307,199895486317,0
2308,199895486317,0
2309,383453366,820
2310,4116667723,200
2311,21332531984,20
2312,5164513348,300
2313,199895486317,0
2314,199895486317,0
2315,53449446575,40
2316,14151684670,220
2317,199895486317,0
2318,5081986889,2450
2319,199895486317,0
2320,199895486317,0
2321,24796871352,8480
2322,5164513348,300
2323,199895486317,0
2324,44415637231,30
2325,53449446575,40
2326,199895486317,0
2327,199895486317,0
2328,199895486317,0
2329,1021311938,300
2330,104885914635,100
2331,199895486317,0
2332,104885914635,100
2333,21332531984,20
2334,21332531984,20
2335,44415637231,30
2336,199895486317,0
2337,61836819234,50
2338,199895486317,0
2339,61836819234,50
2340,199895486317,0
2341,199895486317,0
2342,3211544775,120
2343,4116667723,200
2344,199895486317,0
2345,104885914635,100
2346,104885914635,100
2347,3963146855,2600
2348,22145918018,5240
2349,199895486317,0
2350,3211544775,120
2351,199895486317,0
2352,10196564455,1000
2353,21332531984,20
2354,129635302966,80
2355,199895486317,0
2356,522059169783,90
2357,105511360998,800
2358,199895486317,0
2359,199895486317,0
2360,21332531984,20
2361,199895486317,0
2362,199895486317,0
2363,199895486317,0
2364,199895486317,0
2365,199895486317,0
2366,29100578577,240
2367,24110336230,7460
2368,21332531984,20
2369,199895486317,0
2370,199895486317,0
2371,199895486317,0
2372,199895486317,0
2373,730945570,2080
2374,61836819234,50
2375,117440372739,60
2376,21332531984,20
2377,199895486317,0
2378,199895486317,0
2379,199895486317,0
2380,18874955678,13680
2381,53449446575,40
2382,17970398343,5380
2383,21332531984,20
2384,44415637231,30
2385,199895486317,0
2386,15768144668,320
2387,199895486317,0
2388,14151684670,220
2389,21332531984,20
2390,29100578577,240
2391,21332531984,20
2392,199895486317,0
2393,199895486317,0
2394,61836819234,50
2395,199895486317,0
2396,199895486317,0
2397,199895486317,0
2398,150201021039,70
2399,199895486317,0
2400,199895486317,0
2401,199895486317,0
2402,21332531984,20
2403,199895486317,0
2404,5164513348,300
2405,1279942221,440
2406,53449446575,40
2407,199895486317,0
2408,21332531984,20
2409,199895486317,0
2410,53449446575,40
2411,61836819234,50
2412,2248247057,1320
2413,199895486317,0
2414,199895486317,0
2415,14151684670,220
2416,96713611,140
2417,5164513348,300
2418,9820262890,7400
2419,21332531984,20
2420,53449446575,40
2421,104885914635,100
2422,199895486317,0
2423,199895486317,0
2424,117440372739,60
2425,104885914635,100
2426,44415637231,30
2427,44415637231,30
2428,21332531984,20
2429,84274844789,330
2430,199895486317,0
2431,881934979,5120
2432,199895486317,0
2433,199895486317,0
2434,18720619299,500
2435,21332531984,20
2436,16803552872,140
2437,32594629589,600
2438,199895486317,0
2439,44415637231,30
2440,199895486317,0
2441,117440372739,60
2442,53449446575,40
2443,21332531984,20
2444,21332531984,20
2445,21332531984,20
2446,3211544775,120
2447,199895486317,0
2448,61836819234,50
2449,199895486317,0
2450,199895486317,0
2451,1377215920,1590
2452,16803552872,140
2453,199895486317,0
2454,199895486317,0
2455,21332531984,20
2456,44415637231,30
2457,21332531984,20
2458,199895486317,0
2459,21332531984,20
2460,18720619299,500
2461,564797752,1030
2462,199895486317,0
2463,199895486317,0
2464,199895486317,0
2465,21332531984,20
2466,104885914635,100
2467,2515126449,4560
2468,53449446575,40
2469,29100578577,240
2470,21332531984,20
2471,199895486317,0
2472,44415637231,30
2473,53449446575,40
2474,199895486317,0
2475,21332531984,20
2476,53449446575,40
2477,44415637231,30
2478,4116667723,200
2479,199895486317,0
2480,21332531984,20
2481,955999946,830
2482,21332531984,20
2483,21332531984,20
2484,21332531984,20
2485,199895486317,0
2486,199895486317,0
2487,9363159852,250
2488,10196564455,1000
2489,199895486317,0
2490,21332531984,20
2491,53449446575,40
2492,199895486317,0
2493,505479566,1130
2494,129635302966,80
2495,21332531984,20
2496,199895486317,0
2497,4116667723,200
2498,5164513348,300
2499,21332531984,20
2500,23817215089,6930
2501,199895486317,0
2502,199895486317,0
2503,199895486317,0
2504,21332531984,20
2505,21332531984,20
2506,199895486317,0
2507,25822550168,2000
2508,129635302966,80
2509,4116667723,200
2510,25727830476,170
2511,199895486317,0
2512,10196564455,1000
2513,199895486317,0
2514,199895486317,0
2515,16803552872,140
2516,199895486317,0
2517,199895486317,0
2518,5074757613,16610
2519,199895486317,0
2520,21332531984,20
2521,199895486317,0
2522,124411582679,360
2523,199895486317,0
2524,199895486317,0
2525,21332531984,20
2526,199895486317,0
2527,199895486317,0
2528,199895486317,0
2529,199895486317,0
2530,53449446575,40
2531,21332531984,20
2532,5164513348,300
2533,199895486317,0
2534,21332531984,20
2535,8968675157,15150
2536,199895486317,0
2537,44415637231,30
2538,199895486317,0
2539,25822550168,2000
2540,117440372739,60
2541,199895486317,0
2542,199895486317,0
2543,4799229411,10240
2544,199895486317,0
2545,7350598434,16130
2546,199895486317,0
2547,176476323668,620
2548,522059169783,90
2549,35996613,39680
2550,21332531984,20
2551,199895486317,0
2552,199895486317,0
2553,1021311938,300
2554,199895486317,0
2555,199895486317,0
2556,5164513348,300
2557,199895486317,0
2558,44415637231,30
2559,199895486317,0
2560,44415637231,30
2561,117440372739,60
2562,199895486317,0
2563,199895486317,0
2564,21332531984,20
2565,4116667723,200
2566,9363159852,250
2567,9819986214,2460
2568,199895486317,0
2569,104885914635,100
2570,199895486317,0
2571,199895486317,0
2572,1388611024,1140
2573,2248247057,1320
2574,61836819234,50
2575,869603522,1560
2576,199895486317,0
2577,44415637231,30
2578,199895486317,0
2579,41456358352,8190
2580,21332531984,20
2581,53449446575,40
2582,9363159852,250
2583,21332531984,20
2584,199895486317,0
2585,21332531984,20
2586,199895486317,0
2587,199895486317,0
2588,199895486317,0
2589,199895486317,0
2590,44415637231,30
2591,199895486317,0
2592,199895486317,0
2593,4116667723,200
2594,199895486317,0
2595,199895486317,0
2596,199895486317,0
2597,61836819234,50
2598,104885914635,100
2599,199895486317,0
2600,199895486317,0
2601,199895486317,0
2602,4116667723,200
2603,199895486317,0
2604,199895486317,0
2605,199895486317,0
2606,199895486317,0
2607,61836819234,50
2608,5164513348,300
2609,44415637231,30
2610,2294710844,880
2611,104885914635,100
2612,21332531984,20
2613,199895486317,0
2614,199895486317,0
2615,53449446575,40
2616,104885914635,100
2617,199895486317,0
2618,19880723809,4740
2619,199895486317,0
2620,44415637231,30
2621,199895486317,0
2622,199895486317,0
2623,21332531984,20
2624,199895486317,0
2625,21332531984,20
2626,199895486317,0
2627,104885914635,100
2628,199895486317,0
2629,44415637231,30
2630,199895486317,0
2631,199895486317,0
2632,21332531984,20
2633,104885914635,100
2634,61836819234,50
2635,5164513348,300
2636,117440372739,60
2637,21332531984,20
2638,53449446575,40
2639,21332531984,20
2640,104885914635,100
2641,199895486317,0
2642,199895486317,0
2643,3211544775,120
2644,61836819234,50
2645,53449446575,40
2646,199895486317,0
2647,199895486317,0
2648,199895486317,0
2649,199895486317,0
2650,21332531984,20
2651,199895486317,0
2652,44415637231,30
2653,199895486317,0
2654,44415637231,30
2655,199895486317,0
2656,21332531984,20
2657,199895486317,0
2658,199895486317,0
2659,117440372739,60
2660,61836819234,50
2661,14151684670,220
2662,44415637231,30
2663,129635302966,80
2664,4116667723,200
2665,199895486317,0
2666,199895486317,0
2667,14151684670,220
2668,12687169141,5780
2669,44415637231,30
2670,21332531984,20
2671,117440372739,60
2672,21332531984,20
2673,199895486317,0
2674,53449446575,40
2675,199895486317,0
2676,199895486317,0
2677,10196564455,1000
2678,27201374576,130
2679,3051269805,3000
2680,104885914635,100
2681,602903165,2400
2682,61836819234,50
2683,83756320171,520
2684,199895486317,0
2685,104885914635,100
2686,21332531984,20
2687,1232930149,360
2688,44415637231,30
2689,21332531984,20
2690,5164513348,300
2691,199895486317,0
2692,23239564,27130
2693,44415637231,30
2694,199895486317,0
2695,199895486317,0
2696,44415637231,30
2697,1086159850,120
2698,44415637231,30
2699,44415637231,30
2700,61836819234,50
2701,199895486317,0
2702,104885914635,100
2703,199895486317,0
2704,117440372739,60
2705,199895486317,0
2706,199895486317,0
2707,53449446575,40
2708,199895486317,0
2709,199895486317,0
2710,199895486317,0
2711,27451971442,6740
2712,199895486317,0
2713,199895486317,0
2714,199895486317,0
2715,199895486317,0
2716,21332531984,20
2717,199895486317,0
2718,53449446575,40
2719,129635302966,80
2720,2548614248,570
2721,2074783640,340
2722,21332531984,20
2723,2119627214,1780
2724,44415637231,30
2725,199895486317,0
2726,61836819234,50
2727,578012214,750
2728,252197506215,380
2729,199895486317,0
2730,53449446575,40
2731,21332531984,20
2732,199895486317,0
2733,199895486317,0
2734,199895486317,0
2735,117440372739,60
2736,199895486317,0
2737,199895486317,0
2738,199895486317,0
2739,578012214,750
2740,21332531984,20
2741,44415637231,30
2742,9363159852,250
2743,199895486317,0
2744,2868883553,1500
2745,44415637231,30
2746,10196564455,1000
2747,53449446575,40
2748,199895486317,0
2749,105511360998,800
2750,199895486317,0
2751,3211544775,120
2752,2408903048,1700
2753,104885914635,100
2754,199895486317,0
2755,117440372739,60
2756,27201374576,130
2757,21332531984,20
2758,104885914635,100
2759,199895486317,0
2760,44415637231,30
2761,44415637231,30
2762,61836819234,50
2763,21332531984,20
2764,199895486317,0
2765,16803552872,140
2766,21332531984,20
2767,3211544775,120
2768,199895486317,0
2769,6789599692,6320
2770,21332531984,20
2771,199895486317,0
2772,4116667723,200
2773,199895486317,0
2774,199895486317,0
2775,199895486317,0
2776,129635302966,80
2777,3010995677,5650
2778,103678173077,350
2779,4116667723,200
2780,16803552872,140
2781,51880100265,650
2782,53449446575,40
2783,10196564455,1000
2784,199895486317,0
2785,104885914635,100
2786,84990113859,420
2787,53449446575,40
2788,199895486317,0
2789,21332531984,20
2790,104885914635,100
2791,199895486317,0
2792,199895486317,0
2793,9363159852,250
2794,199895486317,0
2795,199895486317,0
2796,21332531984,20
2797,44415637231,30
2798,104885914635,100
2799,53449446575,40
2800,19285673906,270
2801,44415637231,30
2802,5908288377,3770
2803,104885914635,100
2804,129635302966,80
2805,61836819234,50
2806,199895486317,0
2807,15215082051,6660
2808,1923887906,20600
2809,2280307315,2270
2810,129635302966,80
2811,21332531984,20
2812,199895486317,0
2813,125843949456,3000
2814,5164513348,300
2815,29176065526,1020
2816,117440372739,60
2817,477142870270,3030
2818,53449446575,40
2819,522059169783,90
2820,9363159852,250
2821,1504474286757,1100
2822,199895486317,0
2823,174512672144,190
2824,199895486317,0
2825,199895486317,0
2826,2390926421,610
2827,21332531984,20
2828,21332531984,20
2829,199895486317,0
2830,498460125,320
2831,199895486317,0
2832,16803552872,140
2833,21332531984,20
2834,199895486317,0
2835,9363159852,250
2836,21332531984,20
2837,21332531984,20
2838,199895486317,0
2839,199895486317,0
2840,53449446575,40
2841,53449446575,40
2842,1388755557,710
2843,199895486317,0
2844,199895486317,0
2845,21332531984,20
2846,44415637231,30
2847,199895486317,0
2848,61836819234,50
2849,21738002148,110
2850,1709887840,90
2851,4116667723,200
2852,21332531984,20
2853,3439742311,2440
2854,53449446575,40
2855,21332531984,20
2856,199895486317,0
2857,199895486317,0
2858,44415637231,30
2859,53449446575,40
2860,117440372739,60
2861,199895486317,0
2862,21332531984,20
2863,199895486317,0
2864,21332531984,20
2865,199895486317,0
2866,53449446575,40
2867,199895486317,0
2868,10196564455,1000
2869,21332531984,20
2870,37903485833,10140
2871,21332531984,20
2872,53449446575,40
2873,44415637231,30
2874,53449446575,40
2875,1730418246,1520
2876,48082162011,10440
2877,5164513348,300
2878,961638927,800
2879,199895486317,0
2880,199895486317,0
2881,150201021039,70
2882,4116667723,200
2883,199895486317,0
2884,199895486317,0
2885,199895486317,0
2886,199895486317,0
2887,53449446575,40
2888,199895486317,0
2889,199895486317,0
2890,3211544775,120
2891,199895486317,0
2892,21332531984,20
2893,199895486317,0
2894,61836819234,50
2895,44415637231,30
2896,53449446575,40
2897,44415637231,30
2898,44415637231,30
2899,32594629589,600
2900,21332531984,20
2901,199895486317,0
2902,44415637231,30
2903,199895486317,0
2904,199895486317,0
2905,104885914635,100
2906,78800927675,160
2907,332814325,600
2908,199895486317,0
2909,18092167,27610
2910,150201021039,70
2911,10916682613,5440
2912,117440372739,60
2913,199895486317,0
2914,4116667723,200
2915,199895486317,0
2916,125843949456,3000
2917,199895486317,0
2918,199895486317,0
2919,44415637231,30
2920,199895486317,0
2921,21332531984,20
2922,117440372739,60
2923,53449446575,40
2924,104885914635,100
2925,199895486317,0
2926,21332531984,20
2927,53449446575,40
2928,21332531984,20
2929,199895486317,0
2930,14151684670,220
2931,199895486317,0
2932,199895486317,0
2933,199895486317,0
2934,5593777142,2240
2935,117440372739,60
2936,199895486317,0
2937,53449446575,40
2938,17998668670,400
2939,2883907248,260
2940,53449446575,40
2941,61836819234,50
2942,9363159852,250
2943,61836819234,50
2944,53449446575,40
2945,199895486317,0
2946,53449446575,40
2947,103678173077,350
2948,21332531984,20
2949,5164513348,300
2950,996430473,1480
2951,53449446575,40
2952,21332531984,20
2953,5164513348,300
2954,12223559387,340
2955,5164513348,300
2956,53449446575,40
2957,9363159852,250
2958,53449446575,40
2959,5381288414,3960
2960,21332531984,20
2961,53449446575,40
2962,53449446575,40
2963,21332531984,20
2964,104885914635,100
2965,32680467189,11090
2966,199895486317,0
2967,465325462,1200
2968,199895486317,0
2969,117440372739,60
2970,5164513348,300
2971,13812796371,12650
2972,53449446575,40
2973,21332531984,20
2974,199895486317,0
2975,199895486317,0
2976,21332531984,20
2977,21332531984,20
2978,104885914635,100
2979,44415637231,30
2980,199895486317,0
2981,117440372739,60
2982,16942925094,12160
2983,2609039810,1580
2984,14151684670,220
2985,199895486317,0
2986,3211544775,120
2987,21332531984,20
2988,199895486317,0
2989,61836819234,50
2990,199895486317,0
2991,199895486317,0
2992,442856850,640
2993,199895486317,0
2994,199895486317,0
2995,44415637231,30
2996,176427732653,1200
2997,104885914635,100
2998,199895486317,0
2999,150201021039,70
3000,53449446575,40
3001,53723781777,150
3002,18720619299,500
3003,645028452,190
3004,199895486317,0
3005,16803552872,140
3006,53449446575,40
3007,199895486317,0
3008,21332531984,20
3009,150201021039,70
3010,4116667723,200
3011,1381769318,20390
3012,199895486317,0
3013,199895486317,0
3014,21332531984,20
3015,199895486317,0
3016,4116667723,200
3017,104885914635,100
3018,199895486317,0
3019,44415637231,30
3020,199895486317,0
3021,199895486317,0
3022,44415637231,30
3023,199895486317,0
3024,104885914635,100
3025,199895486317,0
3026,199895486317,0
3027,21332531984,20
3028,199895486317,0
3029,53449446575,40
3030,199895486317,0
3031,27201374576,130
3032,129635302966,80
3033,199895486317,0
3034,155031447704,470
3035,5164513348,300
3036,21332531984,20
3037,199895486317,0
3038,5377991556,2700
3039,150201021039,70
3040,199895486317,0
3041,21332531984,20
3042,199895486317,0
3043,21332531984,20
3044,17998668670,400
3045,148750408906,1040
3046,7771610391,1650
3047,21332531984,20
3048,199895486317,0
3049,53449446575,40
3050,199895486317,0
3051,44415637231,30
3052,21332531984,20
3053,199895486317,0
3054,689572184,23030
3055,53449446575,40
3056,21332531984,20
3057,732569535,690
3058,199895486317,0
3059,199895486317,0
3060,79791070789,260
3061,4116667723,200
3062,199895486317,0
3063,53449446575,40
3064,199895486317,0
3065,199895486317,0
3066,199895486317,0
3067,4116667723,200
3068,199895486317,0
3069,2248247057,1320
3070,199895486317,0
3071,199895486317,0
3072,199895486317,0
3073,148750408906,1040
3074,104885914635,100
3075,522059169783,90
3076,18720619299,500
3077,53449446575,40
3078,199895486317,0
3079,199895486317,0
3080,199895486317,0
3081,199895486317,0
3082,150201021039,70
3083,104885914635,100
3084,17998668670,400
3085,5164513348,300
3086,199895486317,0
3087,61836819234,50
3088,4116667723,200
3089,53449446575,40
3090,21332531984,20
3091,129635302966,80
3092,199895486317,0
3093,199895486317,0
3094,61836819234,50
3095,129635302966,80
3096,498460125,320
3097,3211544775,120
3098,199895486317,0
3099,129635302966,80
3100,199895486317,0
3101,25822550168,2000
3102,199895486317,0
3103,199895486317,0
3104,522059169783,90
3105,199895486317,0
3106,21332531984,20
3107,1404451831,560
3108,12375073588,3410
3109,199895486317,0
3110,199895486317,0
3111,199895486317,0
3112,199895486317,0
3113,53449446575,40
3114,18720619299,500
3115,199895486317,0
3116,5408837718,620
3117,199895486317,0
3118,199895486317,0
3119,199895486317,0
3120,44415637231,30
3121,199895486317,0
3122,104885914635,100
3123,199895486317,0
3124,199895486317,0
3125,21332531984,20
3126,44415637231,30
3127,199895486317,0
3128,3435956658,420
3129,148750408906,1040
3130,5164513348,300
3131,1911800388,210
3132,199895486317,0
3133,642610449,21630
3134,199895486317,0
3135,214788418759,900
3136,104885914635,100
3137,199895486317,0
3138,522059169783,90
3139,199895486317,0
3140,199895486317,0
3141,199895486317,0
3142,199895486317,0
3143,44415637231,30
3144,44415637231,30
3145,199895486317,0
3146,44415637231,30
3147,199895486317,0
3148,104885914635,100
3149,199895486317,0
3150,117440372739,60
3151,84274844789,330
3152,199895486317,0
3153,4116667723,200
3154,199895486317,0
3155,21332531984,20
3156,199895486317,0
3157,117440372739,60
3158,104885914635,100
3159,21332531984,20
3160,199895486317,0
3161,61836819234,50
3162,53449446575,40
3163,199895486317,0
3164,104885914635,100
3165,199895486317,0
3166,199895486317,0
3167,19285673906,270
3168,117440372739,60
3169,1786840081,2340
3170,199895486317,0
3171,199895486317,0
3172,117440372739,60
3173,14151684670,220
3174,199895486317,0
3175,4116667723,200
3176,199895486317,0
3177,61836819234,50
3178,104885914635,100
3179,199895486317,0
3180,4116667723,200
3181,199895486317,0
3182,5101989048,3240
3183,104885914635,100
3184,199895486317,0
3185,150201021039,70
3186,21332531984,20
3187,21332531984,20
3188,21332531984,20
3189,5164513348,300
3190,3099932345,3430
3191,199895486317,0
3192,129635302966,80
3193,53449446575,40
3194,3439742311,2440
3195,199895486317,0
3196,21332531984,20
3197,199895486317,0
3198,199895486317,0
3199,16803552872,140
3200,84990113859,420
3201,199895486317,0
3202,259409503,2420
3203,577282724,2120
3204,104885914635,100
3205,199895486317,0
3206,199895486317,0
3207,199895486317,0
3208,21332531984,20
3209,199895486317,0
3210,199895486317,0
3211,53449446575,40
3212,53723781777,150
3213,199895486317,0
3214,199895486317,0
3215,199895486317,0
3216,44415637231,30
3217,21332531984,20
3218,193406738242,4000
3219,199895486317,0
3220,199895486317,0
3221,199895486317,0
3222,117440372739,60
3223,129635302966,80
3224,14151684670,220
3225,104885914635,100
3226,199895486317,0
3227,1021311938,300
3228,199895486317,0
3229,21332531984,20
3230,53449446575,40
3231,3240668564,6580
3232,29100578577,240
3233,199895486317,0
3234,44415637231,30
3235,61836819234,50
3236,37882854039,7230
3237,61836819234,50
3238,21732645,51450
3239,53449446575,40
3240,199895486317,0
3241,29100578577,240
3242,199895486317,0
3243,53449446575,40
3244,104885914635,100
3245,44415637231,30
3246,199895486317,0
3247,21332531984,20
3248,199895486317,0
3249,5164513348,300
3250,21332531984,20
3251,199895486317,0
3252,44415637231,30
3253,21332531984,20
3254,78800927675,160
3255,4116667723,200
3256,53449446575,40
3257,21332531984,20
3258,21332531984,20
3259,16803552872,140
3260,53449446575,40
3261,104885914635,100
3262,61836819234,50
3263,199895486317,0
3264,199895486317,0
3265,199895486317,0
3266,44415637231,30
3267,21332531984,20
3268,199895486317,0
3269,199895486317,0
3270,199895486317,0
3271,44415637231,30
3272,199895486317,0
3273,16803552872,140
3274,199895486317,0
3275,61836819234,50
3276,21332531984,20
3277,199895486317,0
3278,199895486317,0
3279,199895486317,0
3280,3211544775,120
3281,44415637231,30
3282,199895486317,0
3283,199895486317,0
3284,199895486317,0
3285,4116667723,200
3286,61836819234,50
3287,4116667723,200
3288,199895486317,0
3289,21332531984,20
3290,129635302966,80
3291,199895486317,0
3292,199895486317,0
3293,3211544775,120
3294,21332531984,20
3295,129635302966,80
3296,199895486317,0
3297,199895486317,0
3298,104885914635,100
3299,174512672144,190
3300,199895486317,0
3301,104885914635,100
3302,199895486317,0
3303,199895486317,0
3304,5164513348,300
3305,150201021039,70
3306,44415637231,30
3307,199895486317,0
3308,199895486317,0
3309,199895486317,0
3310,199895486317,0
3311,21332531984,20
3312,53449446575,40
3313,21332531984,20
3314,199895486317,0
3315,27201374576,130
3316,21332531984,20
3317,44415637231,30
3318,199895486317,0
3319,199895486317,0
3320,117440372739,60
3321,117440372739,60
3322,9363159852,250
3323,15768144668,320
3324,793814939,60
3325,199895486317,0
3326,199895486317,0
3327,10196564455,1000
3328,44415637231,30
3329,199895486317,0
3330,21332531984,20
3331,17998668670,400
3332,199895486317,0
3333,199895486317,0
3334,328426231,1040
3335,199895486317,0
3336,21332531984,20
3337,199895486317,0
3338,9363159852,250
3339,104885914635,100
3340,1214109369,80
3341,104885914635,100
3342,199895486317,0
3343,53449446575,40
3344,84990113859,420
3345,44415637231,30
3346,17998668670,400
3347,199895486317,0
3348,199895486317,0
3349,199895486317,0
3350,199895486317,0
3351,4180805691,4940
3352,4116667723,200
3353,21332531984,20
3354,199895486317,0
3355,21332531984,20
3356,104885914635,100
3357,199895486317,0
3358,199895486317,0
3359,44415637231,30
3360,199895486317,0
3361,21332531984,20
3362,199895486317,0
3363,53449446575,40
3364,199895486317,0
3365,21332531984,20
3366,199895486317,0
3367,104885914635,100
3368,199895486317,0
3369,199895486317,0
3370,199895486317,0
3371,61836819234,50
3372,199895486317,0
3373,21332531984,20
3374,199895486317,0
3375,199895486317,0
3376,13817213523,4040
3377,199895486317,0
3378,18407848583,11980
3379,393507560574,2050
3380,21332531984,20
3381,104885914635,100
3382,53449446575,40
3383,199895486317,0
3384,117440372739,60
3385,199895486317,0
3386,199895486317,0
3387,199895486317,0
3388,21332531984,20
3389,199895486317,0
3390,199895486317,0
3391,199895486317,0
3392,199895486317,0
3393,44415637231,30
3394,199895486317,0
3395,199895486317,0
3396,199895486317,0
3397,61836819234,50
3398,199895486317,0
3399,53449446575,40
3400,199895486317,0
3401,21332531984,20
3402,199895486317,0
3403,199895486317,0
3404,199895486317,0
3405,3211544775,120
3406,199895486317,0
3407,199895486317,0
3408,199895486317,0
3409,4116667723,200
3410,61836819234,50
3411,150201021039,70
3412,199895486317,0
3413,199895486317,0
3414,199895486317,0
3415,14151684670,220
3416,199895486317,0
3417,53449446575,40
3418,21332531984,20
3419,199895486317,0
3420,21332531984,20
3421,53449446575,40
3422,199895486317,0
3423,199895486317,0
3424,222493074,280
3425,117440372739,60
3426,8999159627,14870
3427,63483326109,230
3428,199895486317,0
3429,4116667723,200
3430,833598680,580
3431,44415637231,30
3432,199895486317,0
3433,199895486317,0
3434,4116667723,200
3435,53449446575,40
3436,13038574940,3440
3437,53449446575,40
3438,21332531984,20
3439,199895486317,0
3440,199895486317,0
3441,44415637231,30
3442,44415637231,30
3443,199895486317,0
3444,61836819234,50
3445,117440372739,60
3446,498460125,320
3447,44415637231,30
3448,199895486317,0
3449,199895486317,0
3450,44415637231,30
3451,44415637231,30
3452,104885914635,100
3453,199895486317,0
3454,199895486317,0
3455,44415637231,30
3456,522059169783,90
3457,199895486317,0
3458,61836819234,50
3459,199895486317,0
3460,199895486317,0
3461,117440372739,60
3462,199895486317,0
3463,21332531984,20
3464,199895486317,0
3465,199895486317,0
3466,21332531984,20
3467,199895486317,0
3468,104885914635,100
3469,21332531984,20
3470,21332531984,20
3471,199895486317,0
3472,53449446575,40
3473,199895486317,0
3474,53449446575,40
3475,61836819234,50
3476,199895486317,0
3477,1295664055,170
3478,199895486317,0
3479,199895486317,0
3480,7377332650,1810
3481,21332531984,20
3482,12223559387,340
3483,21332531984,20
3484,129635302966,80
3485,21332531984,20
3486,199895486317,0
3487,199895486317,0
3488,53449446575,40
3489,199895486317,0
3490,6192854949,1920
3491,44415637231,30
3492,16803552872,140
3493,21332531984,20
3494,53449446575,40
3495,21332531984,20
3496,199895486317,0
3497,199895486317,0
3498,199895486317,0
3499,199895486317,0
3500,1126635308,3400
3501,199895486317,0
3502,3017787507,1510
3503,199895486317,0
3504,21332531984,20
3505,44415637231,30
3506,44415637231,30
3507,199895486317,0
3508,199895486317,0
3509,979959007,230
3510,199895486317,0
3511,4116667723,200
3512,199895486317,0
3513,129635302966,80
3514,117440372739,60
3515,199895486317,0
3516,199895486317,0
3517,150201021039,70
3518,199895486317,0
3519,21738002148,110
3520,21332531984,20
3521,5164513348,300
3522,199895486317,0
3523,199895486317,0
3524,44415637231,30
3525,53449446575,40
3526,21332531984,20
3527,199895486317,0
3528,61836819234,50
3529,21332531984,20
3530,664370429,1240
3531,199895486317,0
3532,21332531984,20
3533,199895486317,0
3534,199895486317,0
3535,21332531984,20
3536,21332531984,20
3537,61836819234,50
3538,44415637231,30
3539,199895486317,0
3540,199895486317,0
3541,84274844789,330
3542,199895486317,0
3543,25822550168,2000
3544,199895486317,0
3545,199895486317,0
3546,5153985675,2740
3547,5164513348,300
3548,199895486317,0
3549,199895486317,0
3550,13068100,48070
3551,522059169783,90
3552,14196158,49130
3553,17466640,30500
3554,23800204213,7940
3555,199895486317,0
3556,199895486317,0
3557,44415637231,30
3558,522059169783,90
3559,199895486317,0
3560,53449446575,40
3561,44415637231,30
3562,199895486317,0
3563,199895486317,0
3564,61836819234,50
3565,853280145,250
3566,44415637231,30
3567,199895486317,0
3568,199895486317,0
3569,175961027969,440
3570,44415637231,30
3571,199895486317,0
3572,199895486317,0
3573,53449446575,40
3574,199895486317,0
3575,199895486317,0
3576,176427732653,1200
3577,358041744,660
3578,199895486317,0
3579,5164513348,300
3580,61836819234,50
3581,117440372739,60
3582,199895486317,0
3583,199895486317,0
3584,104885914635,100
3585,53449446575,40
3586,61836819234,50
3587,176476323668,620
3588,21332531984,20
3589,38796924,53880
3590,150201021039,70
3591,199895486317,0
3592,4207105282,5790
3593,199895486317,0
3594,199895486317,0
3595,199895486317,0
3596,199895486317,0
3597,104885914635,100
3598,199895486317,0
3599,199895486317,0
3600,199895486317,0
3601,21332531984,20
3602,21332531984,20
3603,25084765,39050
3604,61836819234,50
3605,4116667723,200
3606,117440372739,60
3607,199895486317,0
3608,199895486317,0
3609,199895486317,0
3610,4116667723,200
3611,5332581716,1720
3612,44415637231,30
3613,10196564455,1000
3614,199895486317,0
3615,199895486317,0
3616,199895486317,0
3617,44415637231,30
3618,21332531984,20
3619,19323291,49490
3620,21332531984,20
3621,199895486317,0
3622,199895486317,0
3623,199895486317,0
3624,53449446575,40
3625,199895486317,0
3626,8810925,48890
3627,2151617253,2610
3628,117440372739,60
3629,18720619299,500
3630,21332531984,20
3631,199895486317,0
3632,129635302966,80
3633,199895486317,0
3634,199895486317,0
3635,199895486317,0
3636,21332531984,20
3637,14151684670,220
3638,199895486317,0
3639,199895486317,0
3640,199895486317,0
3641,199895486317,0
3642,4116667723,200
3643,199895486317,0
3644,199895486317,0
3645,53449446575,40
3646,61836819234,50
3647,61836819234,50
3648,21332531984,20
3649,21332531984,20
3650,199895486317,0
3651,44415637231,30
3652,104885914635,100
3653,21332531984,20
3654,199895486317,0
3655,103678173077,350
3656,13218719606,4420
3657,61836819234,50
3658,32594629589,600
3659,53449446575,40
3660,199895486317,0
3661,53449446575,40
3662,25822550168,2000
3663,199895486317,0
3664,21738002148,110
3665,199895486317,0
3666,199895486317,0
3667,199895486317,0
3668,199895486317,0
3669,955999946,830
3670,199895486317,0
3671,199895486317,0
3672,10196564455,1000
3673,117440372739,60
3674,199895486317,0
3675,2868883553,1500
3676,199895486317,0
3677,199895486317,0
3678,61836819234,50
3679,11779714010,4830
3680,199895486317,0
3681,117440372739,60
3682,11146041267,6090
3683,44415637231,30
3684,199895486317,0
3685,943818404291,2020
3686,61836819234,50
3687,12223559387,340
3688,21332531984,20
3689,44415637231,30
3690,199895486317,0
3691,61836819234,50
3692,44415637231,30
3693,199895486317,0
3694,53449446575,40
3695,1435114404,20370
3696,199895486317,0
3697,10621543428,7770
3698,199895486317,0
3699,199895486317,0
3700,53449446575,40
3701,199895486317,0
3702,53449446575,40
3703,44415637231,30
3704,10956299745,4470
3705,21332531984,20
3706,199895486317,0
3707,15658247,131230
3708,1371976901,6620
3709,199895486317,0
3710,199895486317,0
3711,14151684670,220
3712,21332531984,20
3713,150201021039,70
3714,199895486317,0
3715,199895486317,0
3716,44415637231,30
3717,21332531984,20
3718,199895486317,0
3719,76022607775,370
3720,199895486317,0
3721,199895486317,0
3722,10196564455,1000
3723,129635302966,80
3724,5164513348,300
3725,21332531984,20
3726,199895486317,0
3727,996430473,1480
3728,199895486317,0
3729,199895486317,0
3730,199895486317,0
3731,199895486317,0
3732,44415637231,30
3733,117440372739,60
3734,199895486317,0
3735,21332531984,20
3736,199895486317,0
3737,24344397,33890
3738,199895486317,0
3739,53449446575,40
3740,16803552872,140
3741,21332531984,20
3742,199895486317,0
3743,199895486317,0
3744,199895486317,0
3745,30521588,145110
3746,21332531984,20
3747,199895486317,0
3748,199895486317,0
3749,21332531984,20
3750,199895486317,0
3751,350563451,450
3752,61836819234,50
3753,199895486317,0
3754,199895486317,0
3755,44415637231,30
3756,199895486317,0
3757,21332531984,20
3758,53449446575,40
3759,117440372739,60
3760,61836819234,50
3761,55223021842,9430
3762,199895486317,0
3763,199895486317,0
3764,104885914635,100
3765,199895486317,0
3766,21332531984,20
3767,199895486317,0
3768,21332531984,20
3769,199895486317,0
3770,21332531984,20
3771,199895486317,0
3772,1377215920,1590
3773,4116667723,200
3774,53449446575,40
3775,199895486317,0
3776,61836819234,50
3777,44415637231,30
3778,199895486317,0
3779,117440372739,60
3780,18099703186,4610
3781,11164022263,14760
3782,199895486317,0
3783,21332531984,20
3784,21332531984,20
3785,104885914635,100
3786,199895486317,0
3787,53449446575,40
3788,199895486317,0
3789,4116667723,200
3790,97635202,26550
3791,199895486317,0
3792,44415637231,30
3793,1503950766,2670
3794,18720619299,500
3795,104885914635,100
3796,199895486317,0
3797,199895486317,0
3798,10196564455,1000
3799,21332531984,20
3800,199895486317,0
3801,150201021039,70
3802,3211544775,120
3803,199895486317,0
3804,5164513348,300
3805,4116667723,200
3806,10196564455,1000
3807,199895486317,0
3808,104885914635,100
3809,4116667723,200
3810,150201021039,70
3811,199895486317,0
3812,44415637231,30
3813,61836819234,50
3814,199895486317,0
3815,53449446575,40
3816,1112682095,790
3817,17168294363,13290
3818,53449446575,40
3819,199895486317,0
3820,199895486317,0
3821,21332531984,20
3822,44415637231,30
3823,1661625064,20440
3824,53449446575,40
3825,199895486317,0
3826,53449446575,40
3827,21332531984,20
3828,199895486317,0
3829,199895486317,0
3830,199895486317,0
3831,199895486317,0
3832,199895486317,0
3833,199895486317,0
3834,117440372739,60
3835,199895486317,0
3836,10196564455,1000
3837,199895486317,0
3838,51185431770,180
3839,1494213409,4870
3840,4116667723,200
3841,2196211639,1020
3842,199895486317,0
3843,21332531984,20
3844,199895486317,0
3845,199895486317,0
3846,2671349810,1760
3847,21332531984,20
3848,53449446575,40
3849,104885914635,100
3850,117440372739,60
3851,21332531984,20
3852,61836819234,50
3853,1855122276,2360
3854,199895486317,0
3855,21332531984,20
3856,21332531984,20
3857,2147033241,1570
3858,199895486317,0
3859,199895486317,0
3860,199895486317,0
3861,199895486317,0
3862,4656557961,15730
3863,5101989048,3240
3864,894919366,270
3865,199895486317,0
3866,199895486317,0
3867,980939497,180
3868,18444835129,11060
3869,199895486317,0
3870,199895486317,0
3871,7033856967,2160
3872,1305978207,520
3873,199895486317,0
3874,117440372739,60
3875,199895486317,0
3876,7755197173,6030
3877,2294710844,880
3878,44415637231,30
3879,199895486317,0
3880,129635302966,80
3881,21332531984,20
3882,4891618299,1060
3883,2498314438,5030
3884,117440372739,60
3885,53449446575,40
3886,9815203213,3790
3887,199895486317,0
3888,44415637231,30
3889,199895486317,0
3890,44415637231,30
3891,21332531984,20
3892,199895486317,0
3893,199895486317,0
3894,199895486317,0
3895,44415637231,30
3896,117440372739,60
3897,199895486317,0
3898,199895486317,0
3899,199895486317,0
3900,199895486317,0
3901,199895486317,0
3902,199895486317,0
3903,199895486317,0
3904,199895486317,0
3905,199895486317,0
3906,199895486317,0
3907,21332531984,20
3908,199895486317,0
3909,199895486317,0
3910,199895486317,0
3911,61836819234,50
3912,44415637231,30
3913,199895486317,0
3914,39756375,56960
3915,150201021039,70
3916,199895486317,0
3917,199895486317,0
3918,199895486317,0
3919,199895486317,0
3920,44415637231,30
3921,199895486317,0
3922,129635302966,80
3923,104885914635,100
3924,5164513348,300
3925,199895486317,0
3926,16660196152,4330
3927,199895486317,0
3928,61836819234,50
3929,199895486317,0
3930,199895486317,0
3931,199895486317,0
3932,3020319696,2140
3933,199895486317,0
3934,44415637231,30
3935,199895486317,0
3936,61836819234,50
3937,199895486317,0
3938,199895486317,0
3939,199895486317,0
3940,980939497,180
3941,199895486317,0
3942,199895486317,0
3943,199895486317,0
3944,83756320171,520
3945,199895486317,0
3946,61836819234,50
3947,61836819234,50
3948,199895486317,0
3949,199895486317,0
3950,199895486317,0
3951,199895486317,0
3952,117440372739,60
3953,199895486317,0
3954,21332531984,20
3955,53449446575,40
3956,104885914635,100
3957,204709073,500000
3958,44415637231,30
3959,199895486317,0
3960,199895486317,0
3961,117440372739,60
3962,199895486317,0
3963,150201021039,70
3964,61836819234,50
3965,199895486317,0
3966,199895486317,0
3967,199895486317,0
3968,44415637231,30
3969,117440372739,60
3970,104885914635,100
3971,199895486317,0
3972,44415637231,30
3973,199895486317,0
3974,124411582679,360
3975,21332531984,20
3976,4116667723,200
3977,44415637231,30
3978,199895486317,0
3979,199895486317,0
3980,53449446575,40
3981,21332531984,20
3982,44415637231,30
3983,3832252665,650
3984,1236738716,500
3985,199895486317,0
3986,199895486317,0
3987,199895486317,0
3988,21332531984,20
3989,61836819234,50
3990,199895486317,0
3991,199895486317,0
3992,21332531984,20
3993,199895486317,0
3994,10196564455,1000
3995,199895486317,0
3996,36077555852,9950
3997,29100578577,240
3998,1771881304,380
3999,53449446575,40
4000,9363159852,250
4001,53449446575,40
4002,199895486317,0
4003,14151684670,220
4004,199895486317,0
4005,21332531984,20
4006,117440372739,60
4007,199895486317,0
4008,104885914635,100
4009,199895486317,0
4010,44415637231,30
4011,199895486317,0
4012,199895486317,0
4013,104885914635,100
4014,199895486317,0
4015,522059169783,90
4016,199895486317,0
4017,199895486317,0
4018,199895486317,0
4019,143141649,26090
4020,21332531984,20
4021,53449446575,40
4022,3211544775,120
4023,53449446575,40
4024,199895486317,0
4025,53449446575,40
4026,21332531984,20
4027,199895486317,0
4028,522059169783,90
4029,199895486317,0
4030,44415637231,30
4031,199895486317,0
4032,199895486317,0
4033,651418037,1360
4034,199895486317,0
4035,199895486317,0
4036,199895486317,0
4037,442856850,640
4038,21332531984,20
4039,199895486317,0
4040,199895486317,0
4041,199895486317,0
4042,199895486317,0
4043,24701427799,9340
4044,199895486317,0
4045,117440372739,60
4046,199895486317,0
4047,14151684670,220
4048,129635302966,80
4049,1197555971,310
4050,199895486317,0
4051,150201021039,70
4052,3211544775,120
4053,199895486317,0
4054,3211544775,120
4055,21332531984,20
4056,199895486317,0
4057,44415637231,30
4058,358041744,660
4059,21332531984,20
4060,16803552872,140
4061,4116667723,200
4062,129635302966,80
4063,53449446575,40
4064,199895486317,0
4065,651418037,1360
4066,21332531984,20
4067,4116667723,200
4068,199895486317,0
4069,1320300919,1610
4070,199895486317,0
4071,53449446575,40
4072,199895486317,0
4073,199895486317,0
4074,199895486317,0
4075,44415637231,30
4076,21332531984,20
4077,44415637231,30
4078,27201374576,130
4079,199895486317,0
4080,199895486317,0
4081,199895486317,0
4082,8699804936,15780
4083,4116667723,200
4084,3211544775,120
4085,199895486317,0
4086,523305963815,890
4087,199895486317,0
4088,51185431770,180
4089,117440372739,60
4090,199895486317,0
4091,16803552872,140
4092,4116667723,200
4093,199895486317,0
4094,44415637231,30
4095,664370429,1240
4096,199895486317,0
4097,16803552872,140
4098,44415637231,30
4099,199895486317,0
4100,76022607775,370
4101,29100578577,240
4102,199895486317,0
4103,16803552872,140
4104,199895486317,0
4105,199895486317,0
4106,21332531984,20
4107,199895486317,0
4108,199895486317,0
4109,4116667723,200
4110,21332531984,20
4111,199895486317,0
4112,645028452,190
4113,53449446575,40
4114,199895486317,0
4115,199895486317,0
4116,4116667723,200
4117,199895486317,0
4118,4116667723,200
4119,30923222,73320
4120,199895486317,0
4121,53449446575,40
4122,199895486317,0
4123,21332531984,20
4124,36349593,37940
4125,117440372739,60
4126,199895486317,0
4127,61836819234,50
4128,83756320171,520
4129,1695235401,20080
4130,214788418759,900
4131,199895486317,0
4132,117440372739,60
4133,9363159852,250
4134,332814325,600
4135,29100578577,240
4136,199895486317,0
4137,199895486317,0
4138,21332531984,20
4139,4116667723,200
4140,199895486317,0
4141,9363159852,250
4142,21332531984,20
4143,199895486317,0
4144,44415637231,30
4145,199895486317,0
4146,53449446575,40
4147,199895486317,0
4148,199895486317,0
4149,44415637231,30
4150,5164513348,300
4151,18720619299,500
4152,199895486317,0
4153,150201021039,70
4154,53449446575,40
4155,199895486317,0
4156,4116667723,200
4157,21332531984,20
4158,199895486317,0
4159,61836819234,50
4160,117440372739,60
4161,199895486317,0
4162,199895486317,0
4163,14151684670,220
4164,129635302966,80
4165,199895486317,0
4166,5164513348,300
4167,53449446575,40
4168,199895486317,0
4169,9670648546,7100
4170,104885914635,100
4171,44415637231,30
4172,199895486317,0
4173,44415637231,30
4174,199895486317,0
4175,10196564455,1000
4176,129635302966,80
4177,53449446575,40
4178,104885914635,100
4179,199895486317,0
4180,21332531984,20
4181,5164513348,300
4182,1362779793,160
4183,199895486317,0
4184,199895486317,0
4185,117440372739,60
4186,199895486317,0
4187,199895486317,0
4188,21332531984,20
4189,44415637231,30
4190,5164513348,300
4191,199895486317,0
4192,21332531984,20
4193,129635302966,80
4194,199895486317,0
4195,21332531984,20
4196,199895486317,0
4197,104885914635,100
4198,53449446575,40
4199,26981806,49620
4200,199895486317,0
4201,10196564455,1000
4202,53449446575,40
4203,199895486317,0
4204,129635302966,80
4205,199895486317,0
4206,199895486317,0
4207,199895486317,0
4208,199895486317,0
4209,4116667723,200
4210,61836819234,50
4211,21332531984,20
4212,199895486317,0
4213,199895486317,0
4214,44415637231,30
4215,2732688,154940
4216,104885914635,100
4217,199895486317,0
4218,199895486317,0
4219,61836819234,50
4220,104885914635,100
4221,53723781777,150
4222,21332531984,20
4223,350563451,450
4224,104885914635,100
4225,199895486317,0
4226,104885914635,100
4227,199895486317,0
4228,429944400,870
4229,44415637231,30
4230,61836819234,50
4231,5164513348,300
4232,407239802,200
4233,21332531984,20
4234,21332531984,20
4235,199895486317,0
4236,2946382804,4180
4237,53449446575,40
4238,10196564455,1000
4239,61836819234,50
4240,199895486317,0
4241,199895486317,0
4242,16803552872,140
4243,350563451,450
4244,25727830476,170
4245,199895486317,0
4246,4116667723,200
4247,21332531984,20
4248,29176065526,1020
4249,199895486317,0
4250,44415637231,30
4251,44415637231,30
4252,53449446575,40
4253,199895486317,0
4254,21332531984,20
4255,53449446575,40
4256,17998668670,400
4257,104885914635,100
4258,199895486317,0
4259,1037612987,920
4260,199895486317,0
4261,21332531984,20
4262,104885914635,100
4263,199895486317,0
4264,5164513348,300
4265,651418037,1360
4266,117440372739,60
4267,104885914635,100
4268,21332531984,20
4269,4116667723,200
4270,199895486317,0
4271,819890915,21100
4272,199895486317,0
4273,4116667723,200
4274,3881763814,2940
4275,199895486317,0
4276,199895486317,0
4277,44415637231,30
4278,199895486317,0
4279,14937495,31510
4280,53449446575,40
4281,199895486317,0
4282,199895486317,0
4283,5164513348,300
4284,199895486317,0
4285,53723781777,150
4286,117440372739,60
4287,199895486317,0
4288,199895486317,0
4289,199895486317,0
4290,199895486317,0
4291,51880100265,650
4292,44415637231,30
4293,14151684670,220
4294,199895486317,0
4295,522059169783,90
4296,61836819234,50
4297,5164513348,300
4298,199895486317,0
4299,5164513348,300
4300,199895486317,0
4301,199895486317,0
4302,199895486317,0
4303,199895486317,0
4304,61836819234,50
4305,199895486317,0
4306,14151684670,220
4307,21332531984,20
4308,199895486317,0
4309,44415637231,30
4310,53449446575,40
4311,44415637231,30
4312,199895486317,0
4313,104885914635,100
4314,53449446575,40
4315,199895486317,0
4316,21332531984,20
4317,4116667723,200
4318,104885914635,100
4319,199895486317,0
4320,21332531984,20
4321,21332531984,20
4322,53449446575,40
4323,16803552872,140
4324,3409153001,1490
4325,199895486317,0
4326,199895486317,0
4327,199895486317,0
4328,199895486317,0
4329,199895486317,0
4330,199895486317,0
4331,199895486317,0
4332,14151684670,220
4333,199895486317,0
4334,199895486317,0
4335,150201021039,70
4336,129635302966,80
4337,44415637231,30
4338,199895486317,0
4339,17998668670,400
4340,199895486317,0
4341,53449446575,40
4342,4116667723,200
4343,199895486317,0
4344,199895486317,0
4345,199895486317,0
4346,21332531984,20
4347,61836819234,50
4348,150201021039,70
4349,199895486317,0
4350,129635302966,80
4351,199895486317,0
4352,21332531984,20
4353,3303356562,1880
4354,199895486317,0
4355,199895486317,0
4356,25822550168,2000
4357,2445277106,3800
4358,199895486317,0
4359,199895486317,0
4360,129635302966,80
4361,8027000649,3050
4362,44415637231,30
4363,10196564455,1000
4364,21332531984,20
4365,199895486317,0
4366,150201021039,70
4367,199895486317,0
4368,199895486317,0
4369,358041744,660
4370,199895486317,0
4371,21332531984,20
4372,104885914635,100
4373,199895486317,0
4374,199895486317,0
4375,199895486317,0
4376,53449446575,40
4377,25822550168,2000
4378,44415637231,30
4379,61836819234,50
4380,104885914635,100
4381,442231709,240
4382,199895486317,0
4383,10633947389,2760
4384,199895486317,0
4385,199895486317,0
4386,21332531984,20
4387,44415637231,30
4388,199895486317,0
4389,199895486317,0
4390,117440372739,60
4391,53449446575,40
4392,21332531984,20
4393,14151684670,220
4394,129635302966,80
4395,47339296280,7590
4396,21332531984,20
4397,199895486317,0
4398,199895486317,0
4399,199895486317,0
4400,15768144668,320
4401,21332531984,20
4402,150201021039,70
4403,199895486317,0
4404,9363159852,250
4405,53449446575,40
4406,53449446575,40
4407,199895486317,0
4408,199895486317,0
4409,129635302966,80
4410,199895486317,0
4411,21332531984,20
4412,199895486317,0
4413,199895486317,0
4414,299875844,930
4415,522059169783,90
4416,44415637231,30
4417,21332531984,20
4418,199895486317,0
4419,199895486317,0
4420,199895486317,0
4421,199895486317,0
4422,199895486317,0
4423,199895486317,0
4424,199895486317,0
4425,21332531984,20
4426,16803552872,140
4427,199895486317,0
4428,199895486317,0
4429,199895486317,0
4430,16803552872,140
4431,44415637231,30
4432,199895486317,0
4433,53449446575,40
4434,199895486317,0
4435,5949005668,3990
4436,5164513348,300
4437,199895486317,0
4438,21332531984,20
4439,9617885127,3500
4440,129635302966,80
4441,129635302966,80
4442,9363159852,250
4443,3211544775,120
4444,53449446575,40
4445,15863638970,4540
4446,18005507156,7300
4447,199895486317,0
4448,199895486317,0
4449,22161102151,10190
4450,21332531984,20
4451,3211544775,120
4452,199895486317,0
4453,61836819234,50
4454,44415637231,30
4455,44415637231,30
4456,199895486317,0
4457,199895486317,0
4458,881934979,5120
4459,199895486317,0
4460,199895486317,0
4461,199895486317,0
4462,53449446575,40
4463,53449446575,40
4464,12011804493,5510
4465,199895486317,0
4466,199895486317,0
4467,25822550168,2000
4468,199895486317,0
4469,199895486317,0
4470,14151684670,220
4471,199895486317,0
4472,3211544775,120
4473,117440372739,60
4474,21332531984,20
4475,44415637231,30
4476,199895486317,0
4477,199895486317,0
4478,199895486317,0
4479,53449446575,40
4480,5164513348,300
4481,44415637231,30
4482,199895486317,0
4483,53283360355,8840
4484,53449446575,40
4485,21332531984,20
4486,199895486317,0
4487,9363159852,250
4488,129635302966,80
4489,199895486317,0
4490,51185431770,180
4491,4116667723,200
4492,40056475052,8660
4493,199895486317,0
4494,44415637231,30
4495,21332531984,20
4496,150201021039,70
4497,5164513348,300
4498,21332531984,20
4499,199895486317,0
4500,199895486317,0
4501,199895486317,0
4502,8412089,33080
4503,4899575985,8860
4504,199895486317,0
4505,21332531984,20
4506,199895486317,0
4507,117440372739,60
4508,44415637231,30
4509,104885914635,100
4510,199895486317,0
4511,505479566,1130
4512,4116667723,200
4513,21332531984,20
4514,21332531984,20
4515,44415637231,30
4516,199895486317,0
4517,651418037,1360
4518,79791070789,260
4519,117440372739,60
4520,199895486317,0
4521,199895486317,0
4522,199895486317,0
4523,199895486317,0
4524,199895486317,0
4525,117440372739,60
4526,129635302966,80
4527,61836819234,50
4528,18720619299,500
4529,199895486317,0
4530,4116667723,200
4531,150201021039,70
4532,522059169783,90
4533,104885914635,100
4534,21332531984,20
4535,4116667723,200
4536,117440372739,60
4537,199895486317,0
4538,199895486317,0
4539,199895486317,0
4540,53449446575,40
4541,199895486317,0
4542,53449446575,40
4543,21332531984,20
4544,21332531984,20
4545,199895486317,0
4546,199895486317,0
4547,1362779793,160
4548,104885914635,100
4549,104885914635,100
4550,21332531984,20
4551,61836819234,50
4552,53449446575,40
4553,299875844,930
4554,199895486317,0
4555,21332531984,20
4556,199895486317,0
4557,21738002148,110
4558,199895486317,0
4559,44415637231,30
4560,199895486317,0
4561,53449446575,40
4562,199895486317,0
4563,199895486317,0
4564,199895486317,0
4565,21332531984,20
4566,199895486317,0
4567,199895486317,0
4568,199895486317,0
4569,4116667723,200
4570,199895486317,0
4571,53449446575,40
4572,199895486317,0
4573,199895486317,0
4574,199895486317,0
4575,199895486317,0
4576,199895486317,0
4577,21332531984,20
4578,61836819234,50
4579,129635302966,80
4580,199895486317,0
4581,129635302966,80
4582,2050482672,850
4583,199895486317,0
4584,117440372739,60
4585,14668562181,290
4586,16803552872,140
4587,3211544775,120
4588,199895486317,0
4589,4116667723,200
4590,44415637231,30
4591,199895486317,0
4592,21332531984,20
4593,53449446575,40
4594,44415637231,30
4595,199895486317,0
4596,199895486317,0
4597,53449446575,40
4598,199895486317,0
4599,199895486317,0
4600,15768144668,320
4601,199895486317,0
4602,150201021039,70
4603,199895486317,0
4604,21332531984,20
4605,199895486317,0
4606,104885914635,100
4607,53449446575,40
4608,53449446575,40
4609,15768144668,320
4610,21332531984,20
4611,21332531984,20
4612,199895486317,0
4613,20082701411,8440
4614,44415637231,30
4615,61836819234,50
4616,199895486317,0
4617,199895486317,0
4618,3211544775,120
4619,199895486317,0
4620,199895486317,0
4621,7712625883,2350
4622,21332531984,20
4623,21332531984,20
4624,199895486317,0
4625,199895486317,0
4626,21332531984,20
4627,3881503163,9540
4628,61836819234,50
4629,199895486317,0
4630,1813808009,1410
4631,199895486317,0
4632,199895486317,0
4633,53449446575,40
4634,199895486317,0
4635,16803552872,140
4636,199895486317,0
4637,199895486317,0
4638,129635302966,80
4639,29100578577,240
4640,21332531984,20
4641,199895486317,0
4642,199895486317,0
4643,21332531984,20
4644,61836819234,50
4645,199895486317,0
4646,117440372739,60
4647,199895486317,0
4648,199895486317,0
4649,199895486317,0
4650,199895486317,0
4651,199895486317,0
4652,199895486317,0
4653,44415637231,30
4654,117440372739,60
4655,19285673906,270
4656,21332531984,20
4657,199895486317,0
4658,199895486317,0
4659,61836819234,50
4660,117440372739,60
4661,199895486317,0
4662,199895486317,0
4663,199895486317,0
4664,104885914635,100
4665,4116667723,200
4666,199895486317,0
4667,894919366,270
4668,104885914635,100
4669,14151684670,220
4670,199895486317,0
4671,21332531984,20
4672,199895486317,0
4673,44415637231,30
4674,199895486317,0
4675,199895486317,0
4676,125843949456,3000
4677,199895486317,0
4678,5850455653,2630
4679,129635302966,80
4680,44415637231,30
4681,104885914635,100
4682,199895486317,0
4683,199895486317,0
4684,199895486317,0
4685,21332531984,20
4686,21332531984,20
4687,5886445850,840
4688,104885914635,100
4689,18720619299,500
4690,199895486317,0
4691,199895486317,0
4692,53723781777,150
4693,117440372739,60
4694,199895486317,0
4695,199895486317,0
4696,10196564455,1000
4697,199895486317,0
4698,199895486317,0
4699,3281502902,1690
4700,21332531984,20
4701,117440372739,60
4702,199895486317,0
4703,44415637231,30
4704,3201168414,630
4705,199895486317,0
4706,199895486317,0
4707,199895486317,0
4708,199895486317,0
4709,7363316168,3140
4710,435478366,23990
4711,230819036,24100
4712,104885914635,100
4713,199895486317,0
4714,199895486317,0
4715,10196564455,1000
4716,129635302966,80
4717,5164513348,300
4718,21332531984,20
4719,21332531984,20
4720,199895486317,0
4721,21332531984,20
4722,129635302966,80
4723,53449446575,40
4724,199895486317,0
4725,61836819234,50
4726,117440372739,60
4727,199895486317,0
4728,44415637231,30
4729,199895486317,0
4730,199895486317,0
4731,199895486317,0
4732,53449446575,40
4733,199895486317,0
4734,150201021039,70
4735,4919607340,1770
4736,53449446575,40
4737,53449446575,40
4738,174512672144,190
4739,199895486317,0
4740,117440372739,60
4741,199895486317,0
4742,199895486317,0
4743,199895486317,0
4744,199895486317,0
4745,199895486317,0
4746,19513255236,8030
4747,44415637231,30
4748,5164513348,300
4749,21332531984,20
4750,21738002148,110
4751,199895486317,0
4752,199895486317,0
4753,1012214475521,430
4754,104885914635,100
4755,199895486317,0
4756,199895486317,0
4757,199895486317,0
4758,779706608,330
4759,21332531984,20
4760,199895486317,0
4761,894919366,270
4762,21332531984,20
4763,21837934,24690
4764,53449446575,40
4765,199895486317,0
4766,7298847270,6950
4767,44415637231,30
4768,199895486317,0
4769,199895486317,0
4770,199895486317,0
4771,5164513348,300
4772,4180805691,4940
4773,5164513348,300
4774,199895486317,0
4775,53449446575,40
4776,117440372739,60
4777,25727830476,170
4778,199895486317,0
4779,21332531984,20
4780,155031447704,470
4781,199895486317,0
4782,199895486317,0
4783,199895486317,0
4784,4116667723,200
4785,199895486317,0
4786,2604802798,4790
4787,4116667723,200
4788,53449446575,40
4789,117440372739,60
4790,199895486317,0
4791,4116667723,200
4792,21332531984,20
4793,6723290315,16800
4794,9363159852,250
4795,44415637231,30
4796,199895486317,0
4797,25727830476,170
4798,21332531984,20
4799,44415637231,30
4800,53449446575,40
4801,129635302966,80
4802,1021311938,300
4803,199895486317,0
4804,4116667723,200
4805,53449446575,40
4806,199895486317,0
4807,53449446575,40
4808,117440372739,60
4809,199895486317,0
4810,199895486317,0
4811,199895486317,0
4812,199895486317,0
4813,3211544775,120
4814,53449446575,40
4815,199895486317,0
4816,19864941538,13570
4817,44415637231,30
4818,199895486317,0
4819,199895486317,0
4820,44415637231,30
4821,61836819234,50
4822,61836819234,50
4823,53449446575,40
4824,199895486317,0
4825,199895486317,0
4826,199895486317,0
4827,21332531984,20
4828,199895486317,0
4829,21332531984,20
4830,199895486317,0
4831,17053477602,10130
4832,53449446575,40
4833,955999946,830
4834,199895486317,0
4835,199895486317,0
4836,3632634918,1290
4837,199895486317,0
4838,3211544775,120
4839,199895486317,0
4840,61836819234,50
4841,199895486317,0
4842,117440372739,60
4843,44415637231,30
4844,129635302966,80
4845,199895486317,0
4846,124411582679,360
4847,104885914635,100
4848,199895486317,0
4849,21332531984,20
4850,199895486317,0
4851,150201021039,70
4852,199895486317,0
4853,21332531984,20
4854,522059169783,90
4855,25727830476,170
4856,75733758,26920
4857,199895486317,0
4858,104885914635,100
4859,129635302966,80
4860,17892592973,5170
4861,44415637231,30
4862,53449446575,40
4863,8716943948,5300
4864,150201021039,70
4865,150201021039,70
4866,199895486317,0
4867,21332531984,20
4868,199895486317,0
4869,199895486317,0
4870,150201021039,70
4871,53449446575,40
4872,199895486317,0
4873,199895486317,0
4874,61836819234,50
4875,117440372739,60
4876,21332531984,20
4877,199895486317,0
4878,199895486317,0
4879,14151684670,220
4880,21332531984,20
4881,5164513348,300
4882,61836819234,50
4883,199895486317,0
4884,199895486317,0
4885,21332531984,20
4886,199895486317,0
4887,199895486317,0
4888,2224403983,1150
4889,61836819234,50
4890,199895486317,0
4891,199895486317,0
4892,4116667723,200
4893,61836819234,50
4894,199895486317,0
4895,44415637231,30
4896,199895486317,0
4897,199895486317,0
4898,16803552872,140
4899,199895486317,0
4900,44415637231,30
4901,14151684670,220
4902,10196564455,1000
4903,21332531984,20
4904,199895486317,0
4905,53449446575,40
4906,53449446575,40
4907,199895486317,0
4908,843078366,900
4909,44415637231,30
4910,61836819234,50
4911,379447240,16200
4912,4116667723,200
4913,53449446575,40
4914,53449446575,40
4915,104885914635,100
4916,8469983417,2090
4917,199895486317,0
4918,44415637231,30
4919,199895486317,0
4920,16803552872,140
4921,199895486317,0
4922,4116667723,200
4923,44415637231,30
4924,199895486317,0
4925,61836819234,50
4926,117440372739,60
4927,199895486317,0
4928,1855122276,2360
4929,199895486317,0
4930,4284210908,2710
4931,10975693,44290
4932,21332531984,20
4933,199895486317,0
4934,41560266,30070
4935,44415637231,30
4936,19465081,36390
4937,16803552872,140
4938,21332531984,20
4939,61836819234,50
4940,129635302966,80
4941,199895486317,0
4942,21332531984,20
4943,2390926421,610
4944,21332531984,20
4945,21332531984,20
4946,76022607775,370
4947,199895486317,0
4948,104885914635,100
4949,104885914635,100
4950,150201021039,70
4951,199895486317,0
4952,199895486317,0
4953,117440372739,60
4954,199895486317,0
4955,199895486317,0
4956,63483326109,230
4957,199895486317,0
4958,3017787507,1510
4959,21332531984,20
4960,10196564455,1000
4961,21332531984,20
4962,199895486317,0
4963,61836819234,50
4964,10196564455,1000
4965,3109255564,3100
4966,117440372739,60
4967,150201021039,70
4968,199895486317,0
4969,199895486317,0
4970,199895486317,0
4971,21332531984,20
4972,4023360750,2690
4973,21332531984,20
4974,21332531984,20
4975,199895486317,0
4976,53449446575,40
4977,44415637231,30
4978,199895486317,0
4979,104885914635,100
4980,199895486317,0
4981,117440372739,60
4982,61836819234,50
4983,5164513348,300
4984,53449446575,40
4985,44415637231,30
4986,199895486317,0
4987,117440372739,60
4988,104885914635,100
4989,199895486317,0
4990,104885914635,100
4991,21332531984,20
4992,104885914635,100
4993,199895486317,0
4994,44415637231,30
4995,21332531984,20
4996,150201021039,70
4997,104885914635,100
4998,21332531984,20
4999,53449446575,40
5000,21332531984,20
5001,199895486317,0
5002,1420987236,2220
5003,199895486317,0
5004,9363159852,250
5005,10196564455,1000
5006,199895486317,0
5007,53723781777,150
5008,39552580,302520
5009,3211544775,120
5010,5733793847,2960
5011,21332531984,20
5012,21332531984,20
5013,4116667723,200
5014,199895486317,0
5015,11473058439,6120
5016,199895486317,0
5017,16803552872,140
5018,3195985576,3320
5019,3211544775,120
5020,199895486317,0
5021,29100578577,240
5022,5164513348,300
5023,199895486317,0
5024,117440372739,60
5025,199895486317,0
5026,199895486317,0
5027,21332531984,20
5028,199895486317,0
5029,53449446575,40
5030,61836819234,50
5031,78800927675,160
5032,21738002148,110
5033,522059169783,90
5034,53449446575,40
5035,2327570948,1220
5036,53449446575,40
5037,199895486317,0
5038,199895486317,0
5039,53449446575,40
5040,21332531984,20
5041,125843949456,3000
5042,16803552872,140
5043,543584136,2310
5044,117440372739,60
5045,104885914635,100
5046,199895486317,0
5047,104885914635,100
5048,53449446575,40
5049,199895486317,0
5050,730945570,2080
5051,199895486317,0
5052,199895486317,0
5053,21332531984,20
5054,5021231410,4910
5055,44415637231,30
5056,199895486317,0
5057,61836819234,50
5058,21332531984,20
5059,8440947738,5140
5060,199895486317,0
5061,21332531984,20
5062,44415637231,30
5063,104885914635,100
5064,199895486317,0
5065,21332531984,20
5066,199895486317,0
5067,199895486317,0
5068,25822550168,2000
5069,199895486317,0
5070,117440372739,60
5071,21332531984,20
5072,44415637231,30
5073,199895486317,0
5074,104885914635,100
5075,53449446575,40
5076,5164513348,300
5077,10209875198,4110
5078,150201021039,70
5079,199895486317,0
5080,199895486317,0
5081,199895486317,0
5082,199895486317,0
5083,199895486317,0
5084,21332531984,20
5085,199895486317,0
5086,21332531984,20
5087,199895486317,0
5088,199895486317,0
5089,199895486317,0
5090,44415637231,30
5091,21332531984,20
5092,199895486317,0
5093,199895486317,0
5094,204709073,500000
5095,199895486317,0
5096,18720619299,500
5097,199895486317,0
5098,199895486317,0
5099,4116667723,200
5100,199895486317,0
5101,2465277008,1910
5102,21925764,45440
5103,61836819234,50
5104,199895486317,0
5105,104885914635,100
5106,44415637231,30
5107,979959007,230
5108,199895486317,0
5109,199895486317,0
5110,44415637231,30
5111,199895486317,0
5112,44415637231,30
5113,199895486317,0
5114,104885914635,100
5115,199895486317,0
5116,199895486317,0
5117,199895486317,0
5118,21332531984,20
5119,150201021039,70
5120,44415637231,30
5121,44415637231,30
5122,199895486317,0
5123,4116667723,200
5124,199895486317,0
5125,199895486317,0
5126,199895486317,0
5127,9363159852,250
5128,104885914635,100
5129,5164513348,300
5130,17071007,41990
5131,9363159852,250
5132,199895486317,0
5133,199895486317,0
5134,104885914635,100
5135,47000174,30150
5136,53449446575,40
5137,199895486317,0
5138,199895486317,0
5139,104885914635,100
5140,104885914635,100
5141,8385727644,3130
5142,199895486317,0
5143,199895486317,0
5144,21332531984,20
5145,53449446575,40
5146,10196564455,1000
5147,199895486317,0
5148,11801918121,14640
5149,199895486317,0
5150,199895486317,0
5151,2021510343,2860
5152,150201021039,70
5153,199895486317,0
5154,199895486317,0
5155,199895486317,0
5156,63483326109,230
5157,117440372739,60
5158,117440372739,60
5159,199895486317,0
5160,117440372739,60
5161,104885914635,100
5162,53449446575,40
5163,199895486317,0
5164,199895486317,0
5165,199895486317,0
5166,78800927675,160
5167,199895486317,0
5168,522059169783,90
5169,199895486317,0
5170,104885914635,100
5171,21332531984,20
5172,61836819234,50
5173,12223559387,340
5174,53449446575,40
5175,199895486317,0
5176,104885914635,100
5177,17998668670,400
5178,64702482,25970
5179,199895486317,0
5180,21332531984,20
5181,16803552872,140
5182,32594629589,600
5183,117440372739,60
5184,3211544775,120
5185,199895486317,0
5186,199895486317,0
5187,21332531984,20
5188,44415637231,30
5189,21332531984,20
5190,199895486317,0
5191,53449446575,40
5192,2498314438,5030
5193,199895486317,0
5194,21332531984,20
5195,61836819234,50
5196,199895486317,0
5197,199895486317,0
5198,44415637231,30
5199,199895486317,0
5200,199895486317,0
5201,522059169783,90
5202,129635302966,80
5203,10196564455,1000
5204,1463242636,730
5205,5164513348,300
5206,14140771280,5770
5207,150201021039,70
5208,199895486317,0
5209,129635302966,80
5210,199895486317,0
5211,199895486317,0
5212,199895486317,0
5213,199895486317,0
5214,21332531984,20
5215,104885914635,100
5216,199895486317,0
5217,199895486317,0
5218,199895486317,0
5219,21332531984,20
5220,44415637231,30
5221,199895486317,0
5222,21332531984,20
5223,117440372739,60
5224,199895486317,0
5225,21332531984,20
5226,199895486317,0
5227,5164513348,300
5228,21332531984,20
5229,44415637231,30
5230,21332531984,20
5231,53449446575,40
5232,199895486317,0
5233,199895486317,0
5234,199895486317,0
5235,21332531984,20
5236,126740640,17730
5237,6479516132,6690
5238,199895486317,0
5239,53449446575,40
5240,53449446575,40
5241,199895486317,0
5242,29100578577,240
5243,199895486317,0
5244,21332531984,20
5245,129635302966,80
5246,955999946,830
5247,30132968150,7670
5248,21332531984,20
5249,199895486317,0
5250,4116667723,200
5251,5164513348,300
5252,199895486317,0
5253,10126970012,4270
5254,21332531984,20
5255,104885914635,100
5256,199895486317,0
5257,199895486317,0
5258,199895486317,0
5259,44415637231,30
5260,5163682192,1330
5261,199895486317,0
5262,199895486317,0
5263,63483326109,230
5264,11526637663,10060
5265,21738002148,110
5266,199895486317,0
5267,199895486317,0
5268,199895486317,0
5269,199895486317,0
5270,4116667723,200
5271,199895486317,0
5272,199895486317,0
5273,199895486317,0
5274,5164513348,300
5275,21332531984,20
5276,199895486317,0
5277,199895486317,0
5278,12687169141,5780
5279,199895486317,0
5280,199895486317,0
5281,21332531984,20
5282,117440372739,60
5283,4116667723,200
5284,21332531984,20
5285,104885914635,100
5286,150201021039,70
5287,199895486317,0
5288,199895486317,0
5289,199895486317,0
5290,21332531984,20
5291,3211544775,120
5292,199895486317,0
5293,5164513348,300
5294,10196564455,1000
5295,129635302966,80
5296,199895486317,0
5297,199895486317,0
5298,21332531984,20
5299,199895486317,0
5300,4116667723,200
5301,3340616288,2190
5302,1377215920,1590
5303,21332531984,20
5304,407239802,200
5305,104885914635,100
5306,199895486317,0
5307,199895486317,0
5308,199895486317,0
5309,61836819234,50
5310,199895486317,0
5311,199895486317,0
5312,53449446575,40
5313,117440372739,60
5314,53449446575,40
5315,2935002071,1470
5316,199895486317,0
5317,17998668670,400
5318,199895486317,0
5319,199895486317,0
5320,199895486317,0
5321,4055165502,13480
5322,9363159852,250
5323,117440372739,60
5324,199895486317,0
5325,16803552872,140
5326,5164513348,300
5327,199895486317,0
5328,53449446575,40
5329,199895486317,0
5330,25182446,44700
5331,79791070789,260
5332,199895486317,0
5333,199895486317,0
5334,53449446575,40
5335,199895486317,0
5336,104885914635,100
5337,25822550168,2000
5338,117440372739,60
5339,199895486317,0
5340,1196708135,20120
5341,21332531984,20
5342,199895486317,0
5343,199895486317,0
5344,61836819234,50
5345,199895486317,0
5346,199895486317,0
5347,199895486317,0
5348,199895486317,0
5349,199895486317,0
5350,199895486317,0
5351,199895486317,0
5352,21332531984,20
5353,21332531984,20
5354,199895486317,0
5355,199895486317,0
5356,199895486317,0
5357,3211544775,120
5358,199895486317,0
5359,53449446575,40
5360,44415637231,30
5361,199895486317,0
5362,199895486317,0
5363,199895486317,0
5364,199895486317,0
5365,4116667723,200
5366,199895486317,0
5367,117440372739,60
5368,129635302966,80
5369,5164513348,300
5370,21332531984,20
5371,199895486317,0
5372,199895486317,0
5373,522059169783,90
5374,199895486317,0
5375,16004396733,6920
5376,117440372739,60
5377,199895486317,0
5378,199895486317,0
5379,199895486317,0
5380,199895486317,0
5381,199895486317,0
5382,199895486317,0
5383,199895486317,0
5384,199895486317,0
5385,21332531984,20
5386,129635302966,80
5387,21332531984,20
5388,3211544775,120
5389,522059169783,90
5390,117440372739,60
5391,199895486317,0
5392,199895486317,0
5393,199895486317,0
5394,21332531984,20
5395,3663620206,16420
5396,208213571326,210
5397,199895486317,0
5398,148750408906,1040
5399,199895486317,0
5400,53449446575,40
5401,199895486317,0
5402,199895486317,0
5403,199895486317,0
5404,199895486317,0
5405,21332531984,20
5406,199895486317,0
5407,199895486317,0
5408,199895486317,0
5409,53449446575,40
5410,199895486317,0
5411,1305978207,520
5412,21332531984,20
5413,6880945,49570
5414,21332531984,20
5415,44415637231,30
5416,61836819234,50
5417,199895486317,0
5418,104885914635,100
5419,199895486317,0
5420,117440372739,60
5421,199895486317,0
5422,18720619299,500
5423,199895486317,0
5424,117440372739,60
5425,21332531984,20
5426,21332531984,20
5427,117440372739,60
5428,199895486317,0
5429,21332531984,20
5430,199895486317,0
5431,9729885491,4810
5432,199895486317,0
5433,44415637231,30
5434,199895486317,0
5435,21332531984,20
5436,199895486317,0
5437,199895486317,0
5438,199895486317,0
5439,21332531984,20
5440,129635302966,80
5441,150201021039,70
5442,21332531984,20
5443,199895486317,0
5444,21332531984,20
5445,199895486317,0
5446,199895486317,0
5447,104885914635,100
5448,199895486317,0
5449,19285673906,270
5450,15768144668,320
5451,199895486317,0
5452,53449446575,40
5453,1946037492,2770
5454,21332531984,20
5455,3209833391,490
5456,14151684670,220
5457,199895486317,0
5458,4116667723,200
5459,117440372739,60
5460,21332531984,20
5461,21332531984,20
5462,44415637231,30
5463,199895486317,0
5464,199895486317,0
5465,199895486317,0
5466,199895486317,0
5467,44415637231,30
5468,199895486317,0
5469,44415637231,30
5470,3928224246,14930
5471,199895486317,0
5472,21332531984,20
5473,199895486317,0
5474,199895486317,0
5475,117440372739,60
5476,117440372739,60
5477,199895486317,0
5478,199895486317,0
5479,199895486317,0
5480,199895486317,0
5481,199895486317,0
5482,21332531984,20
5483,199895486317,0
5484,199895486317,0
5485,5164513348,300
5486,1370306106,12180
5487,199895486317,0
5488,199895486317,0
5489,117440372739,60
5490,29100578577,240
5491,199895486317,0
5492,199895486317,0
5493,199895486317,0
5494,199895486317,0
5495,14151684670,220
5496,4116667723,200
5497,117440372739,60
5498,199895486317,0
5499,33736033,73160
5500,917973655,810
5501,129635302966,80
5502,104885914635,100
5503,21332531984,20
5504,4116667723,200
5505,2123891356,1230
5506,104885914635,100
5507,5164513348,300
5508,53449446575,40
5509,199895486317,0
5510,53449446575,40
5511,16803552872,140
5512,199895486317,0
5513,44415637231,30
5514,17998668670,400
5515,199895486317,0
5516,53449446575,40
5517,199895486317,0
5518,199895486317,0
5519,53449446575,40
5520,199895486317,0
5521,199895486317,0
5522,199895486317,0
5523,4116667723,200
5524,199895486317,0
5525,21332531984,20
5526,117440372739,60
5527,169746002814,690
5528,199895486317,0
5529,53449446575,40
5530,199895486317,0
5531,21332531984,20
5532,21332531984,20
5533,199895486317,0
5534,199895486317,0
5535,44415637231,30
5536,199895486317,0
5537,21332531984,20
5538,4116667723,200
5539,21332531984,20
5540,199895486317,0
5541,79791070789,260
5542,21332531984,20
5543,44415637231,30
5544,61836819234,50
5545,199895486317,0
5546,199895486317,0
5547,53449446575,40
5548,199895486317,0
5549,44415637231,30
5550,199895486317,0
5551,955999946,830
5552,199895486317,0
5553,199895486317,0
5554,44415637231,30
5555,8610077508,6600
5556,199895486317,0
5557,53449446575,40
5558,53449446575,40
5559,199895486317,0
5560,199895486317,0
5561,5829518093,4920
5562,5164513348,300
5563,199895486317,0
5564,61836819234,50
5565,21332531984,20
5566,25727830476,170
5567,104885914635,100
5568,21332531984,20
5569,44415637231,30
5570,199895486317,0
5571,199895486317,0
5572,53449446575,40
5573,44415637231,30
5574,1214109369,80
5575,4116667723,200
5576,1611356906,1370
5577,199895486317,0
5578,44415637231,30
5579,21332531984,20
5580,53449446575,40
5581,7222371737,2980
5582,564797752,1030
5583,199895486317,0
5584,13939066457,4430
5585,199895486317,0
5586,44415637231,30
5587,53449446575,40
5588,199895486317,0
5589,199895486317,0
5590,5458174540,12260
5591,199895486317,0
5592,199895486317,0
5593,4116667723,200
5594,104885914635,100
5595,117440372739,60
5596,199895486317,0
5597,199895486317,0
5598,199895486317,0
5599,45836786246,1050
5600,199895486317,0
5601,21332531984,20
5602,44415637231,30
5603,199895486317,0
5604,150201021039,70
5605,199895486317,0
5606,199895486317,0
5607,199895486317,0
5608,199895486317,0
5609,20212209,88770
5610,4762150,75610
5611,199895486317,0
5612,199895486317,0
5613,61836819234,50
5614,61836819234,50
5615,199895486317,0
5616,199895486317,0
5617,199895486317,0
5618,199895486317,0
5619,199895486317,0
5620,391756041706,280
5621,5164513348,300
5622,63483326109,230
5623,9363159852,250
5624,522059169783,90
5625,199895486317,0
5626,117440372739,60
5627,199895486317,0
5628,199895486317,0
5629,44415637231,30
5630,199895486317,0
5631,199895486317,0
5632,199895486317,0
5633,104885914635,100
5634,199895486317,0
5635,199895486317,0
5636,117440372739,60
5637,117440372739,60
5638,21332531984,20
5639,199895486317,0
5640,199895486317,0
5641,13449824000,11310
5642,199895486317,0
5643,21332531984,20
5644,44415637231,30
5645,104885914635,100
5646,199895486317,0
5647,199895486317,0
5648,16825026860,12190
5649,199895486317,0
5650,199895486317,0
5651,150201021039,70
5652,199895486317,0
5653,21332531984,20
5654,21332531984,20
5655,14550838108,14070
5656,21332531984,20
5657,199895486317,0
5658,53449446575,40
5659,9363159852,250
5660,61836819234,50
5661,31911216,35600
5662,150201021039,70
5663,199895486317,0
5664,79791070789,260
5665,199895486317,0
5666,150201021039,70
5667,27201374576,130
5668,21332531984,20
5669,129635302966,80
5670,117440372739,60
5671,522059169783,90
5672,199895486317,0
5673,199895486317,0
5674,150201021039,70
5675,199895486317,0
5676,5164513348,300
5677,53449446575,40
5678,150201021039,70
5679,199895486317,0
5680,44415637231,30
5681,199895486317,0
5682,199895486317,0
5683,199895486317,0
5684,199895486317,0
5685,117440372739,60
5686,4116667723,200
5687,199895486317,0
5688,3136552152,1160
5689,150201021039,70
5690,6848949149,6540
5691,21332531984,20
5692,21332531984,20
5693,124411582679,360
5694,21332531984,20
5695,21332531984,20
5696,44837965611,7480
5697,117440372739,60
5698,21332531984,20
5699,53449446575,40
5700,21332531984,20
5701,21332531984,20
5702,199895486317,0
5703,199895486317,0
5704,61836819234,50
5705,117440372739,60
5706,779706608,330
5707,1926884554,2470
5708,21332531984,20
5709,199895486317,0
5710,242101364,20300
5711,199895486317,0
5712,21332531984,20
5713,53449446575,40
5714,21332531984,20
5715,199895486317,0
5716,21332531984,20
5717,53449446575,40
5718,51185431770,180
5719,21332531984,20
5720,44415637231,30
5721,199895486317,0
5722,17998668670,400
5723,199895486317,0
5724,199895486317,0
5725,408433965914,4550
5726,21332531984,20
5727,53449446575,40
5728,687076729,1710
5729,117440372739,60
5730,17998668670,400
5731,199895486317,0
5732,117440372739,60
5733,129635302966,80
5734,53449446575,40
5735,44415637231,30
5736,2463121,61950
5737,104885914635,100
5738,21332531984,20
5739,21332531984,20
5740,199895486317,0
5741,104885914635,100
5742,199895486317,0
5743,53449446575,40
5744,44415637231,30
5745,199895486317,0
5746,199895486317,0
5747,117440372739,60
5748,61836819234,50
5749,199895486317,0
5750,199895486317,0
5751,199895486317,0
5752,199895486317,0
5753,53449446575,40
5754,21332531984,20
5755,199895486317,0
5756,199895486317,0
5757,199895486317,0
5758,61836819234,50
5759,3281502902,1690
5760,44415637231,30
5761,53449446575,40
5762,21332531984,20
5763,199895486317,0
5764,199895486317,0
5765,199895486317,0
5766,44415637231,30
5767,21332531984,20
5768,53449446575,40
5769,4116667723,200
5770,104885914635,100
5771,199895486317,0
5772,522059169783,90
5773,10196564455,1000
5774,4116667723,200
5775,199895486317,0
5776,53449446575,40
5777,174512672144,190
5778,150201021039,70
5779,199895486317,0
5780,104885914635,100
5781,371935106,740
5782,199895486317,0
5783,199895486317,0
5784,199895486317,0
5785,10196564455,1000
5786,53449446575,40
5787,199895486317,0
5788,16195048343,13760
5789,21332531984,20
5790,5164513348,300
5791,6909261513,4670
5792,104885914635,100
5793,199895486317,0
5794,117440372739,60
5795,199895486317,0
5796,199895486317,0
5797,199895486317,0
5798,199895486317,0
5799,5164513348,300
5800,61836819234,50
5801,53449446575,40
5802,32594629589,600
5803,199895486317,0
5804,21332531984,20
5805,199895486317,0
5806,53449446575,40
5807,78800927675,160
5808,44415637231,30
5809,4116667723,200
5810,5164513348,300
5811,3211544775,120
5812,44415637231,30
5813,104885914635,100
5814,44415637231,30
5815,5708870185,4760
5816,199895486317,0
5817,199895486317,0
5818,961638927,800
5819,21332531984,20
5820,199895486317,0
5821,199895486317,0
5822,199895486317,0
5823,21332531984,20
5824,1899328881,530
5825,199895486317,0
5826,117440372739,60
5827,199895486317,0
5828,199895486317,0
5829,155031447704,470
5830,199895486317,0
5831,184926260168,390
5832,1731447917,960
5833,199895486317,0
5834,61836819234,50
5835,104885914635,100
5836,199895486317,0
5837,1517097841139,1700
5838,199895486317,0
5839,199895486317,0
5840,117440372739,60
5841,61836819234,50
5842,44415637231,30
5843,199895486317,0
5844,21332531984,20
5845,21332531984,20
5846,104885914635,100
5847,199895486317,0
5848,199895486317,0
5849,199895486317,0
5850,8669124,33590
5851,199895486317,0
5852,894919366,270
5853,199895486317,0
5854,199895486317,0
5855,45836786246,1050
5856,21332531984,20
5857,29100578577,240
5858,2448193015,2430
5859,4116667723,200
5860,44415637231,30
5861,117440372739,60
5862,199895486317,0
5863,61836819234,50
5864,44415637231,30
5865,199895486317,0
5866,199895486317,0
5867,199895486317,0
5868,199895486317,0
5869,21332531984,20
5870,199895486317,0
5871,44415637231,30
5872,21738002148,110
5873,199895486317,0
5874,1970753489,14740
5875,7571484880,2200
5876,104885914635,100
5877,199895486317,0
5878,21236713,121720
5879,199895486317,0
5880,21332531984,20
5881,35862163,49400
5882,39738419238,6870
5883,21332531984,20
5884,44415637231,30
5885,61836819234,50
5886,199895486317,0
5887,21332531984,20
5888,3211544775,120
5889,61836819234,50
5890,53449446575,40
5891,199895486317,0
5892,44415637231,30
5893,21332531984,20
5894,129635302966,80
5895,199895486317,0
5896,199895486317,0
5897,199895486317,0
5898,53449446575,40
5899,199895486317,0
5900,61836819234,50
5901,117440372739,60
5902,7589706135,16360
5903,199895486317,0
5904,199895486317,0
5905,199895486317,0
5906,44415637231,30
5907,199895486317,0
5908,44415637231,30
5909,5164513348,300
5910,199895486317,0
5911,5164513348,300
5912,199895486317,0
5913,199895486317,0
5914,199895486317,0
5915,10196564455,1000
5916,2178432986,70
5917,199895486317,0
5918,21332531984,20
5919,53449446575,40
5920,199895486317,0
5921,199895486317,0
5922,21332531984,20
5923,3513411178,3290
5924,21332531984,20
5925,199895486317,0
5926,306014431050,450
5927,4116667723,200
5928,199895486317,0
5929,199895486317,0
5930,199895486317,0
5931,61836819234,50
5932,199895486317,0
5933,199895486317,0
5934,199895486317,0
5935,199895486317,0
5936,53449446575,40
5937,53449446575,40
5938,199895486317,0
5939,105511360998,800
5940,21332531984,20
5941,199895486317,0
5942,117440372739,60
5943,51185431770,180
5944,104885914635,100
5945,44415637231,30
5946,44415637231,30
5947,5164513348,300
5948,199895486317,0
5949,44415637231,30
5950,199895486317,0
5951,199895486317,0
5952,53449446575,40
5953,979959007,230
5954,947137480,16430
5955,44415637231,30
5956,53449446575,40
5957,199895486317,0
5958,53449446575,40
5959,199895486317,0
5960,199895486317,0
5961,53449446575,40
5962,199895486317,0
5963,522059169783,90
5964,21332531984,20
5965,199895486317,0
5966,21332531984,20
5967,9443909851,4410
5968,199895486317,0
5969,199895486317,0
5970,199895486317,0
5971,199895486317,0
5972,199895486317,0
5973,51185431770,180
5974,199895486317,0
5975,199895486317,0
5976,199895486317,0
5977,53449446575,40
5978,50089059,29300
5979,117440372739,60
5980,5164513348,300
5981,129635302966,80
5982,21332531984,20
5983,199895486317,0
5984,129635302966,80
5985,35430314,30570
5986,44415637231,30
5987,199895486317,0
5988,199895486317,0
5989,199895486317,0
5990,4116667723,200
5991,199895486317,0
5992,21332531984,20
5993,150201021039,70
5994,199895486317,0
5995,199895486317,0
5996,199895486317,0
5997,129635302966,80
5998,21332531984,20
5999,44415637231,30
6000,117440372739,60
6001,199895486317,0
6002,21332531984,20
6003,184926260168,390
6004,199895486317,0
6005,53449446575,40
6006,199895486317,0
6007,1341962593,1420
6008,21332531984,20
6009,150201021039,70
6010,13927678668,5750
6011,199895486317,0
6012,21332531984,20
6013,199895486317,0
6014,199895486317,0
6015,199895486317,0
6016,222493074,280
6017,21332531984,20
6018,199895486317,0
6019,199895486317,0
6020,391756041706,280
6021,104885914635,100
6022,199895486317,0
6023,150201021039,70
6024,21332531984,20
6025,104885914635,100
6026,53449446575,40
6027,5164513348,300
6028,32594629589,600
6029,129635302966,80
6030,21332531984,20
6031,21332531984,20
6032,53449446575,40
6033,5164513348,300
6034,61836819234,50
6035,53449446575,40
6036,199895486317,0
6037,199895486317,0
6038,21332531984,20
6039,199895486317,0
6040,199895486317,0
6041,199895486317,0
6042,9675218574,7860
6043,150201021039,70
6044,199895486317,0
6045,104885914635,100
6046,53449446575,40
6047,53449446575,40
6048,21332531984,20
6049,1855122276,2360
6050,199895486317,0
6051,199895486317,0
6052,150201021039,70
6053,61836819234,50
6054,25822550168,2000
6055,199895486317,0
6056,21332531984,20
6057,199895486317,0
6058,522059169783,90
6059,199895486317,0
6060,21332531984,20
6061,21332531984,20
6062,53449446575,40
6063,61836819234,50
6064,61836819234,50
6065,10196564455,1000
6066,21332531984,20
6067,117440372739,60
6068,26056461,31440
6069,5164513348,300
6070,44415637231,30
6071,17998668670,400
6072,117440372739,60
6073,199895486317,0
6074,21332531984,20
6075,199895486317,0
6076,199895486317,0
6077,21332531984,20
6078,199895486317,0
6079,3211544775,120
6080,53449446575,40
6081,199895486317,0
6082,199895486317,0
6083,199895486317,0
6084,44415637231,30
6085,199895486317,0
6086,199895486317,0
6087,21332531984,20
6088,522059169783,90
6089,61836819234,50
6090,199895486317,0
6091,199895486317,0
6092,199895486317,0
6093,21332531984,20
6094,17755726315,8900
6095,199895486317,0
6096,199895486317,0
6097,53449446575,40
6098,150201021039,70
6099,199895486317,0
6100,5164513348,300
6101,1021311938,300
6102,199895486317,0
6103,150201021039,70
6104,199895486317,0
6105,61836819234,50
6106,199895486317,0
6107,199895486317,0
6108,21332531984,20
6109,199895486317,0
6110,117440372739,60
6111,21332531984,20
6112,117440372739,60
6113,208213571326,210
6114,117440372739,60
6115,53449446575,40
6116,41083081,47590
6117,15253782324,14190
6118,199895486317,0
6119,199895486317,0
6120,664370429,1240
6121,199895486317,0
6122,16803552872,140
6123,25727830476,170
6124,10196564455,1000
6125,1197555971,310
6126,17998668670,400
6127,53449446575,40
6128,1008162858,1670
6129,199895486317,0
6130,21332531984,20
6131,150201021039,70
6132,4116667723,200
6133,199895486317,0
6134,5164513348,300
6135,17998668670,400
6136,21738002148,110
6137,199895486317,0
6138,150201021039,70
6139,522059169783,90
6140,44415637231,30
6141,1463242636,730
6142,21332531984,20
6143,104885914635,100
6144,204709073,500000
6145,16193179768,5490
6146,199895486317,0
6147,199895486317,0
6148,4116667723,200
6149,199895486317,0
6150,53449446575,40
6151,104885914635,100
6152,53449446575,40
6153,44415637231,30
6154,61836819234,50
6155,199895486317,0
6156,53449446575,40
6157,199895486317,0
6158,199895486317,0
6159,104885914635,100
6160,53449446575,40
6161,4116667723,200
6162,84274844789,330
6163,53449446575,40
6164,21332531984,20
6165,1771881304,380
6166,1236738716,500
6167,199895486317,0
6168,25822550168,2000
6169,199895486317,0
6170,4116667723,200
6171,522059169783,90
6172,199895486317,0
6173,199895486317,0
6174,199895486317,0
6175,1316114277324,1140
6176,53449446575,40
6177,44415637231,30
6178,129635302966,80
6179,150201021039,70
6180,21332531984,20
6181,21409225862,6980
6182,199895486317,0
6183,53449446575,40
6184,199895486317,0
6185,6374423947,1270
6186,199895486317,0
6187,199895486317,0
6188,61836819234,50
6189,129635302966,80
6190,199895486317,0
6191,21332531984,20
6192,44415637231,30
6193,21332531984,20
6194,199895486317,0
6195,21332531984,20
6196,117440372739,60
6197,18720619299,500
6198,2671349810,1760
6199,199895486317,0
6200,21332531984,20
6201,199895486317,0
6202,507541037,23580
6203,61836819234,50
6204,61836819234,50
6205,53449446575,40
6206,1617854027,4150
6207,199895486317,0
6208,21332531984,20
6209,21332531984,20
6210,117440372739,60
6211,117440372739,60
6212,5612284591,1180
6213,199895486317,0
6214,129635302966,80
6215,61836819234,50
6216,53449446575,40
6217,104885914635,100
6218,907383617,700
6219,53449446575,40
6220,5164513348,300
6221,199895486317,0
6222,199895486317,0
6223,6745730212,15250
6224,199895486317,0
6225,199895486317,0
6226,21332531984,20
6227,199895486317,0
6228,199895486317,0
6229,199895486317,0
6230,199895486317,0
6231,21332531984,20
6232,199895486317,0
6233,199895486317,0
6234,199895486317,0
6235,14151684670,220
6236,117440372739,60
6237,44415637231,30
6238,199895486317,0
6239,44415637231,30
6240,53449446575,40
6241,199895486317,0
6242,199895486317,0
6243,61836819234,50
6244,21332531984,20
6245,199895486317,0
6246,21332531984,20
6247,199895486317,0
6248,53449446575,40
6249,204709073,500000
6250,199895486317,0
6251,21332531984,20
6252,199895486317,0
6253,199895486317,0
6254,44415637231,30
6255,4116667723,200
6256,21332531984,20
6257,4116667723,200
6258,53723781777,150
6259,21332531984,20
6260,199895486317,0
6261,44415637231,30
6262,199895486317,0
6263,199895486317,0
6264,44415637231,30
6265,407239802,200
6266,429944400,870
6267,199895486317,0
6268,117440372739,60
6269,199895486317,0
6270,117440372739,60
6271,199895486317,0
6272,199895486317,0
6273,21332531984,20
6274,199895486317,0
6275,21332531984,20
6276,21332531984,20
6277,2563475403,510
6278,4116667723,200
6279,44415637231,30
6280,53449446575,40
6281,61836819234,50
6282,150201021039,70
6283,199895486317,0
6284,8486733028,13490
6285,199895486317,0
6286,53449446575,40
6287,199895486317,0
6288,199895486317,0
6289,16803552872,140
6290,199895486317,0
6291,737412267262,2350
6292,21332531984,20
6293,150201021039,70
6294,199895486317,0
6295,44415637231,30
6296,44415637231,30
6297,104885914635,100
6298,199895486317,0
6299,199895486317,0
6300,3303356562,1880
6301,104885914635,100
6302,53723781777,150
6303,53449446575,40
6304,21332531984,20
6305,25727830476,170
6306,5164513348,300
6307,199895486317,0
6308,199895486317,0
6309,199895486317,0
6310,44415637231,30
6311,117440372739,60
6312,5164513348,300
6313,814859688203,660
6314,199895486317,0
6315,21332531984,20
6316,199895486317,0
6317,199895486317,0
6318,199895486317,0
6319,21332531984,20
6320,21332531984,20
6321,117440372739,60
6322,1232930149,360
6323,21332531984,20
6324,199895486317,0
6325,21332531984,20
6326,199895486317,0
6327,117440372739,60
6328,21332531984,20
6329,199895486317,0
6330,199895486317,0
6331,21332531984,20
6332,61836819234,50
6333,199895486317,0
6334,199895486317,0
6335,199895486317,0
6336,199895486317,0
6337,199895486317,0
6338,199895486317,0
6339,199895486317,0
6340,199895486317,0
6341,44415637231,30
6342,4116667723,200
6343,199895486317,0
6344,21332531984,20
6345,21332531984,20
6346,3211544775,120
6347,199895486317,0
6348,21332531984,20
6349,44415637231,30
6350,199895486317,0
6351,199895486317,0
6352,199895486317,0
6353,199895486317,0
6354,199895486317,0
6355,199895486317,0
6356,28671129788,12220
6357,21332531984,20
6358,53449446575,40
6359,129635302966,80
6360,21332531984,20
6361,199895486317,0
6362,117440372739,60
6363,117440372739,60
6364,117440372739,60
6365,199895486317,0
6366,199895486317,0
6367,21332531984,20
6368,21332531984,20
6369,199895486317,0
6370,199895486317,0
6371,199895486317,0
6372,53449446575,40
6373,53449446575,40
6374,1112682095,790
6375,199895486317,0
6376,44415637231,30
6377,21332531984,20
6378,4591996905,1090
6379,199895486317,0
6380,199895486317,0
6381,117440372739,60
6382,4116667723,200
6383,53449446575,40
6384,199895486317,0
6385,21332531984,20
6386,117440372739,60
6387,44415637231,30
6388,21332531984,20
6389,199895486317,0
6390,4116667723,200
6391,199895486317,0
6392,199895486317,0
6393,21332531984,20
6394,598977761,23230
6395,199895486317,0
6396,18014204524,6390
6397,10196564455,1000
6398,199895486317,0
6399,4116667723,200
6400,4116667723,200
6401,3211544775,120
6402,104885914635,100
6403,199895486317,0
6404,53449446575,40
6405,44415637231,30
6406,44415637231,30
6407,199895486317,0
6408,53449446575,40
6409,104885914635,100
6410,117440372739,60
6411,199895486317,0
6412,917973655,810
6413,17998668670,400
6414,14668562181,290
6415,21332531984,20
6416,199895486317,0
6417,199895486317,0
6418,27201374576,130
6419,199895486317,0
6420,199895486317,0
6421,199895486317,0
6422,199895486317,0
6423,21332531984,20
6424,19285673906,270
6425,44415637231,30
6426,129635302966,80
6427,199895486317,0
6428,44415637231,30
6429,21332531984,20
6430,199895486317,0
6431,2051518807,1120
6432,833598680,580
6433,199895486317,0
6434,53449446575,40
6435,199895486317,0
6436,117440372739,60
6437,117440372739,60
6438,199895486317,0
6439,21332531984,20
6440,199895486317,0
6441,53449446575,40
6442,199895486317,0
6443,14151684670,220
6444,44415637231,30
6445,61836819234,50
6446,53723781777,150
6447,1463242636,730
6448,199895486317,0
6449,2705415347,1870
6450,16803552872,140
6451,10196564455,1000
6452,199895486317,0
6453,117440372739,60
6454,21332531984,20
6455,117440372739,60
6456,117440372739,60
6457,104885914635,100
6458,17998668670,400
6459,150201021039,70
6460,383453366,820
6461,199895486317,0
6462,21332531984,20
6463,199895486317,0
6464,104885914635,100
6465,13069938992,4240
6466,199895486317,0
6467,199895486317,0
6468,199895486317,0
6469,199895486317,0
6470,199895486317,0
6471,199895486317,0
6472,104885914635,100
6473,199895486317,0
6474,104885914635,100
6475,44415637231,30
6476,61836819234,50
6477,4116667723,200
6478,199895486317,0
6479,199895486317,0
6480,199895486317,0
6481,32594629589,600
6482,199895486317,0
6483,4116667723,200
6484,199895486317,0
6485,199895486317,0
6486,44415637231,30
6487,53449446575,40
6488,53449446575,40
6489,199895486317,0
6490,199895486317,0
6491,9363159852,250
6492,687076729,1710
6493,21332531984,20
6494,328426231,1040
6495,21332531984,20
6496,104885914635,100
6497,129635302966,80
6498,21332531984,20
6499,199895486317,0
6500,104885914635,100
6501,104885914635,100
6502,199895486317,0
6503,199895486317,0
6504,199895486317,0
6505,199895486317,0
6506,53449446575,40
6507,199895486317,0
6508,5164513348,300
6509,4116667723,200
6510,199895486317,0
6511,199895486317,0
6512,76022607775,370
6513,199895486317,0
6514,104885914635,100
6515,199895486317,0
6516,853280145,250
6517,53449446575,40
6518,21332531984,20
6519,61836819234,50
6520,199895486317,0
6521,199895486317,0
6522,27201374576,130
6523,21332531984,20
6524,150201021039,70
6525,199895486317,0
6526,103678173077,350
6527,104885914635,100
6528,61836819234,50
6529,199895486317,0
6530,21332531984,20
6531,105511360998,800
6532,4116667723,200
6533,53449446575,40
6534,8640645921,14290
6535,199895486317,0
6536,61836819234,50
6537,199895486317,0
6538,5381288414,3960
6539,199895486317,0
6540,199895486317,0
6541,21332531984,20
6542,5164513348,300
6543,21332531984,20
6544,21332531984,20
6545,199895486317,0
6546,53449446575,40
6547,199895486317,0
6548,21332531984,20
6549,61836819234,50
6550,5164513348,300
6551,199895486317,0
6552,21332531984,20
6553,199895486317,0
6554,44415637231,30
6555,199895486317,0
6556,21332531984,20
6557,53449446575,40
6558,199895486317,0
6559,53449446575,40
6560,44415637231,30
6561,175961027969,440
6562,199895486317,0
6563,199895486317,0
6564,61836819234,50
6565,199895486317,0
6566,199895486317,0
6567,53449446575,40
6568,5164513348,300
6569,14758330912,6400
6570,199895486317,0
6571,199895486317,0
6572,199895486317,0
6573,199895486317,0
6574,104885914635,100
6575,522059169783,90
6576,104885914635,100
6577,199895486317,0
6578,11362334250,5460
6579,44415637231,30
6580,199895486317,0
6581,199895486317,0
6582,53449446575,40
6583,199895486317,0
6584,4786642253,17750
6585,199895486317,0
6586,199895486317,0
6587,4116667723,200
6588,199895486317,0
6589,199895486317,0
6590,199895486317,0
6591,2183788794,2570
6592,199895486317,0
6593,199895486317,0
6594,21332531984,20
6595,14151684670,220
6596,1236738716,500
6597,199895486317,0
6598,32594629589,600
6599,199895486317,0
6600,21332531984,20
6601,199895486317,0
6602,199895486317,0
6603,44415637231,30
6604,150201021039,70
6605,117440372739,60
6606,21332531984,20
6607,40216789,69660
6608,4207105282,5790
6609,199895486317,0
6610,53449446575,40
6611,199895486317,0
6612,4116667723,200
6613,199895486317,0
6614,21332531984,20
6615,104885914635,100
6616,21332531984,20
6617,19285673906,270
6618,199895486317,0
6619,44415637231,30
6620,199895486317,0
6621,199895486317,0
6622,819890915,21100
6623,199895486317,0
6624,4116667723,200
6625,53449446575,40
6626,199895486317,0
6627,199895486317,0
6628,199895486317,0
6629,53449446575,40
6630,61836819234,50
6631,199895486317,0
6632,926097642260,1080
6633,2516994921,17520
6634,21332531984,20
6635,199895486317,0
6636,199895486317,0
6637,199895486317,0
6638,53449446575,40
6639,199895486317,0
6640,44415637231,30
6641,199895486317,0
6642,199895486317,0
6643,129635302966,80
6644,199895486317,0
6645,199895486317,0
6646,104885914635,100
6647,199895486317,0
6648,21332531984,20
6649,14151684670,220
6650,129635302966,80
6651,2563475403,510
6652,442231709,240
6653,199895486317,0
6654,199895486317,0
6655,199895486317,0
6656,588547895,720
6657,8899643392,12820
6658,193406738242,4000
6659,199895486317,0
6660,53449446575,40
6661,53449446575,40
6662,199895486317,0
6663,199895486317,0
6664,21332531984,20
6665,44415637231,30
6666,4116667723,200
6667,199895486317,0
6668,199895486317,0
6669,21332531984,20
6670,199895486317,0
6671,21332531984,20
6672,117440372739,60
6673,2889367883,17440
6674,150201021039,70
6675,104885914635,100
6676,199895486317,0
6677,199895486317,0
6678,199895486317,0
6679,199895486317,0
6680,199895486317,0
6681,199895486317,0
6682,199895486317,0
6683,199895486317,0
6684,5164513348,300
6685,199895486317,0
6686,32594629589,600
6687,4116667723,200
6688,61836819234,50
6689,4116667723,200
6690,104885914635,100
6691,770030247,5040
6692,199895486317,0
6693,199895486317,0
6694,15875482136,12590
6695,199895486317,0
6696,199895486317,0
6697,53449446575,40
6698,129635302966,80
6699,21332531984,20
6700,199895486317,0
6701,117440372739,60
6702,199895486317,0
6703,61836819234,50
6704,199895486317,0
6705,199895486317,0
6706,21332531984,20
6707,199895486317,0
6708,117440372739,60
6709,150201021039,70
6710,4116667723,200
6711,199895486317,0
6712,199895486317,0
6713,21332531984,20
6714,5153559103,6310
6715,199895486317,0
6716,53449446575,40
6717,104885914635,100
6718,199895486317,0
6719,16803552872,140
6720,199895486317,0
6721,44415637231,30
6722,199895486317,0
6723,61836819234,50
6724,17998668670,400
6725,522059169783,90
6726,199895486317,0
6727,199895486317,0
6728,21332531984,20
6729,44415637231,30
6730,61836819234,50
6731,53449446575,40
6732,10196564455,1000
6733,199895486317,0
6734,199895486317,0
6735,199895486317,0
6736,44415637231,30
6737,3211544775,120
6738,44415637231,30
6739,199895486317,0
6740,21332531984,20
6741,129635302966,80
6742,21332531984,20
6743,104885914635,100
6744,199895486317,0
6745,199895486317,0
6746,199895486317,0
6747,21332531984,20
6748,199895486317,0
6749,199895486317,0
6750,104885914635,100
6751,199895486317,0
6752,199895486317,0
6753,199895486317,0
6754,61836819234,50
6755,22690158311,8450
6756,199895486317,0
6757,4116667723,200
6758,199895486317,0
6759,199895486317,0
6760,150201021039,70
6761,3211544775,120
6762,44415637231,30
6763,129635302966,80
6764,53449446575,40
6765,199895486317,0
6766,53449446575,40
6767,61836819234,50
6768,199895486317,0
6769,199895486317,0
6770,28581767,32520
6771,4116667723,200
6772,53449446575,40
6773,186422006870,510
6774,522059169783,90
6775,199895486317,0
6776,104885914635,100
6777,117440372739,60
6778,199895486317,0
6779,21332531984,20
6780,199895486317,0
6781,199895486317,0
6782,199895486317,0
6783,104885914635,100
6784,44415637231,30
6785,4116667723,200
6786,199895486317,0
6787,199895486317,0
6788,199895486317,0
6789,21332531984,20
6790,199895486317,0
6791,199895486317,0
6792,53449446575,40
6793,16803552872,140
6794,52013805477,8770
6795,199895486317,0
6796,199895486317,0
6797,199895486317,0
6798,199895486317,0
6799,199895486317,0
6800,129635302966,80
6801,117440372739,60
6802,799426074,400
6803,21332531984,20
6804,199895486317,0
6805,16803552872,140
6806,53449446575,40
6807,53449446575,40
6808,21332531984,20
6809,199895486317,0
6810,11075013,44350
6811,199895486317,0
6812,21332531984,20
6813,21332531984,20
6814,199895486317,0
6815,63483326109,230
6816,44415637231,30
6817,1037612987,920
6818,44415637231,30
6819,199895486317,0
6820,14624145626,4440
6821,5377991556,2700
6822,44415637231,30
6823,199895486317,0
6824,199895486317,0
6825,199895486317,0
6826,199895486317,0
6827,199895486317,0
6828,4116667723,200
6829,199895486317,0
6830,199895486317,0
6831,21332531984,20
6832,199895486317,0
6833,2043767,31090
6834,44415637231,30
6835,199895486317,0
6836,199895486317,0
6837,199895486317,0
6838,21332531984,20
6839,5164513348,300
6840,44415637231,30
6841,10196564455,1000
6842,199895486317,0
6843,21332531984,20
6844,21332531984,20
6845,44415637231,30
6846,199895486317,0
6847,53449446575,40
6848,21332531984,20
6849,8351672017,7700
6850,199895486317,0
6851,199895486317,0
6852,29176065526,1020
6853,199895486317,0
6854,16803552872,140
6855,19872686,29920
6856,21332531984,20
6857,199895486317,0
6858,17998668670,400
6859,4116667723,200
6860,199895486317,0
6861,199895486317,0
6862,117440372739,60
6863,199895486317,0
6864,199895486317,0
6865,199895486317,0
6866,21332531984,20
6867,18720619299,500
6868,53449446575,40
6869,199895486317,0
6870,17575627455,4950
6871,150201021039,70
6872,199895486317,0
6873,560198164,2320
6874,104885914635,100
6875,199895486317,0
6876,10360553991,5320
6877,199895486317,0
6878,199895486317,0
6879,199895486317,0
6880,199895486317,0
6881,199895486317,0
6882,199895486317,0
6883,44415637231,30
6884,44415637231,30
6885,199895486317,0
6886,199895486317,0
6887,199895486317,0
6888,6577322960,2560
6889,21332531984,20
6890,61836819234,50
6891,4116667723,200
6892,53449446575,40
6893,4116667723,200
6894,117440372739,60
6895,104885914635,100
6896,199895486317,0
6897,199895486317,0
6898,4116667723,200
6899,150201021039,70
6900,117440372739,60
6901,199895486317,0
6902,9363159852,250
6903,199895486317,0
6904,3211544775,120
6905,199895486317,0
6906,44415637231,30
6907,199895486317,0
6908,199895486317,0
6909,21332531984,20
6910,44415637231,30
6911,199895486317,0
6912,371935106,740
6913,4116667723,200
6914,199895486317,0
6915,129635302966,80
6916,44415637231,30
6917,21332531984,20
6918,199895486317,0
6919,44415637231,30
6920,199895486317,0
6921,5164513348,300
6922,199895486317,0
6923,21738002148,110
6924,199895486317,0
6925,61836819234,50
6926,21332531984,20
6927,53449446575,40
6928,53449446575,40
6929,28619646827,6040
6930,199895486317,0
6931,150201021039,70
6932,9363159852,250
6933,21332531984,20
6934,199895486317,0
6935,61836819234,50
6936,21332531984,20
6937,104885914635,100
6938,199895486317,0
6939,199895486317,0
6940,8916262001,2050
6941,4116667723,200
6942,199895486317,0
6943,199895486317,0
6944,199895486317,0
6945,44415637231,30
6946,44415637231,30
6947,199895486317,0
6948,1436552060,12090
6949,199895486317,0
6950,199895486317,0
6951,21332531984,20
6952,104885914635,100
6953,3211544775,120
6954,199895486317,0
6955,150201021039,70
6956,199895486317,0
6957,4116667723,200
6958,53449446575,40
6959,199895486317,0
6960,199895486317,0
6961,199895486317,0
6962,199895486317,0
6963,199895486317,0
6964,199895486317,0
6965,199895486317,0
6966,199895486317,0
6967,21332531984,20
6968,150201021039,70
6969,17998668670,400
6970,117440372739,60
6971,5164513348,300
6972,199895486317,0
6973,104885914635,100
6974,44415637231,30
6975,199895486317,0
6976,5164513348,300
6977,6789599692,6320
6978,53723781777,150
6979,9363159852,250
6980,53449446575,40
6981,50336496696,10030
6982,117440372739,60
6983,6031604635,6330
6984,61836819234,50
6985,199895486317,0
6986,9363159852,250
6987,275282566,1980
6988,199895486317,0
6989,150201021039,70
6990,44415637231,30
6991,199895486317,0
6992,150201021039,70
6993,199895486317,0
6994,21332531984,20
6995,18421422,269940
6996,199895486317,0
6997,1485948408,390
6998,21332531984,20
6999,17998668670,400
7000,21332531984,20
7001,117440372739,60
7002,2315245020,350
7003,14151684670,220
7004,199895486317,0
7005,199895486317,0
7006,199895486317,0
7007,129635302966,80
7008,199895486317,0
7009,199895486317,0
7010,117440372739,60
7011,3211544775,120
7012,199895486317,0
7013,21332531984,20
7014,44415637231,30
7015,199895486317,0
7016,10196564455,1000
7017,199895486317,0
7018,199895486317,0
7019,84274844789,330
7020,2847099381,17840
7021,16803552872,140
7022,104885914635,100
7023,61836819234,50
7024,150201021039,70
7025,17998668670,400
7026,21332531984,20
7027,51185431770,180
7028,104885914635,100
7029,44415637231,30
7030,199895486317,0
7031,199895486317,0
7032,4116667723,200
7033,21332531984,20
7034,44415637231,30
7035,117440372739,60
7036,793814939,60
7037,199895486317,0
7038,522059169783,90
7039,21332531984,20
7040,199895486317,0
7041,117440372739,60
7042,522059169783,90
7043,53449446575,40
7044,117440372739,60
7045,61836819234,50
7046,129635302966,80
7047,150201021039,70
7048,53449446575,40
7049,53449446575,40
7050,3211544775,120
7051,53449446575,40
7052,199895486317,0
7053,199895486317,0
7054,199895486317,0
7055,199895486317,0
7056,117440372739,60
7057,199895486317,0
7058,199895486317,0
7059,104885914635,100
7060,442231709,240
7061,129635302966,80
7062,61836819234,50
7063,104885914635,100
7064,32594629589,600
7065,21332531984,20
7066,199895486317,0
7067,199895486317,0
7068,5164513348,300
7069,199895486317,0
7070,199895486317,0
7071,199895486317,0
7072,51185431770,180
7073,199895486317,0
7074,21332531984,20
7075,4116667723,200
7076,199895486317,0
7077,21332531984,20
7078,199895486317,0
7079,199895486317,0
7080,4116667723,200
7081,10196564455,1000
7082,44415637231,30
7083,104885914635,100
7084,199895486317,0
7085,53449446575,40
7086,53449446575,40
7087,522059169783,90
7088,21738002148,110
7089,199895486317,0
7090,199895486317,0
7091,199895486317,0
7092,199895486317,0
7093,465079362517,480
7094,199895486317,0
7095,199895486317,0
7096,199895486317,0
7097,199895486317,0
7098,199895486317,0
7099,53449446575,40
7100,199895486317,0
7101,53449446575,40
7102,199895486317,0
7103,199895486317,0
7104,104885914635,100
7105,199895486317,0
7106,61836819234,50
7107,199895486317,0
7108,53449446575,40
7109,53449446575,40
7110,21332531984,20
7111,53449446575,40
7112,199895486317,0
7113,199895486317,0
7114,199895486317,0
7115,199895486317,0
7116,199895486317,0
7117,522059169783,90
7118,21332531984,20
7119,199895486317,0
7120,306014431050,450
7121,18720619299,500
7122,63483326109,230
7123,21332531984,20
7124,199895486317,0
7125,53449446575,40
7126,44415637231,30
7127,199895486317,0
7128,199895486317,0
7129,199895486317,0
7130,117440372739,60
7131,53449446575,40
7132,32594629589,600
7133,199895486317,0
7134,53449446575,40
7135,53449446575,40
7136,61836819234,50
7137,199895486317,0
7138,44415637231,30
7139,61836819234,50
7140,53449446575,40
7141,21332531984,20
7142,199895486317,0
7143,4116667723,200
7144,21332531984,20
7145,44415637231,30
7146,21332531984,20
7147,104885914635,100
7148,344003015297,410
7149,199895486317,0
7150,21332531984,20
7151,150201021039,70
7152,21332531984,20
7153,117440372739,60
7154,53449446575,40
7155,3211544775,120
7156,129635302966,80
7157,104885914635,100
7158,21332531984,20
7159,3928224246,14930
7160,5164513348,300
7161,3211544775,120
7162,199895486317,0
7163,21332531984,20
7164,104885914635,100
7165,199895486317,0
7166,199895486317,0
7167,199895486317,0
7168,1709887840,90
7169,199895486317,0
7170,104885914635,100
7171,1050729548,1950
7172,34420217,94630
7173,117440372739,60
7174,199895486317,0
7175,53449446575,40
7176,61836819234,50
7177,199895486317,0
7178,53449446575,40
7179,117440372739,60
7180,199895486317,0
7181,199895486317,0
7182,2049414959,1850
7183,199895486317,0
7184,9752586,84150
7185,199895486317,0
7186,199895486317,0
7187,36796489,50240
7188,199895486317,0
7189,4116667723,200
7190,199895486317,0
7191,199895486317,0
7192,61836819234,50
7193,117440372739,60
7194,4116667723,200
7195,1328972307,430
7196,199895486317,0
7197,208213571326,210
7198,199895486317,0
7199,5164513348,300
7200,21332531984,20
7201,199895486317,0
7202,21332531984,20
7203,21332531984,20
7204,61836819234,50
7205,199895486317,0
7206,44415637231,30
7207,199895486317,0
7208,199895486317,0
7209,199895486317,0
7210,21332531984,20
7211,21332531984,20
7212,4116667723,200
7213,199895486317,0
7214,44415637231,30
7215,4116667723,200
7216,4116667723,200
7217,199895486317,0
7218,1279942221,440
7219,4116667723,200
7220,3513411178,3290
7221,199895486317,0
7222,61836819234,50
7223,21332531984,20
7224,13422424141,10210
7225,199895486317,0
7226,199895486317,0
7227,779706608,330
7228,104885914635,100
7229,199895486317,0
7230,199895486317,0
7231,199895486317,0
7232,117440372739,60
7233,21332531984,20
7234,199895486317,0
7235,21332531984,20
7236,199895486317,0
7237,199895486317,0
7238,907383617,700
7239,199895486317,0
7240,199895486317,0
7241,199895486317,0
7242,199895486317,0
7243,199895486317,0
7244,44415637231,30
7245,44415637231,30
7246,4116667723,200
7247,199895486317,0
7248,117440372739,60
7249,104885914635,100
7250,53449446575,40
7251,199895486317,0
7252,199895486317,0
7253,199895486317,0
7254,21332531984,20
7255,61836819234,50
7256,21332531984,20
7257,199895486317,0
7258,199895486317,0
7259,199895486317,0
7260,199895486317,0
7261,13301240229,13130
7262,891608635,18740
7263,14151684670,220
7264,199895486317,0
7265,199895486317,0
7266,21332531984,20
7267,44415637231,30
7268,21332531984,20
7269,16803552872,140
7270,21332531984,20
7271,21332531984,20
7272,199895486317,0
7273,39704879,56770
7274,199895486317,0
7275,199895486317,0
7276,21332531984,20
7277,44415637231,30
7278,199895486317,0
7279,104885914635,100
7280,199895486317,0
7281,21332531984,20
7282,21332531984,20
7283,21332531984,20
7284,44415637231,30
7285,1050729548,1950
7286,61836819234,50
7287,21332531984,20
7288,129635302966,80
7289,53449446575,40
7290,53449446575,40
7291,53449446575,40
7292,129635302966,80
7293,117440372739,60
7294,4116667723,200
7295,199895486317,0
7296,199895486317,0
7297,199895486317,0
7298,150201021039,70
7299,199895486317,0
7300,199895486317,0
7301,199895486317,0
7302,21332531984,20
7303,150201021039,70
7304,199895486317,0
7305,199895486317,0
7306,44415637231,30
7307,21332531984,20
7308,199895486317,0
7309,199895486317,0
7310,199895486317,0
7311,199895486317,0
7312,44415637231,30
7313,199895486317,0
7314,17998668670,400
7315,21332531984,20
7316,582265613,1280
7317,199895486317,0
7318,21332531984,20
7319,4116667723,200
7320,199895486317,0
7321,199895486317,0
7322,199895486317,0
7323,21332531984,20
7324,44415637231,30
7325,199895486317,0
7326,199895486317,0
7327,199895486317,0
7328,53449446575,40
7329,199895486317,0
7330,4116667723,200
7331,803064498,20
7332,53449446575,40
7333,17998668670,400
7334,3136552152,1160
7335,199895486317,0
7336,21332531984,20
7337,199895486317,0
7338,44415637231,30
7339,129635302966,80
7340,104885914635,100
7341,2074783640,340
7342,44415637231,30
7343,5164513348,300
7344,21332531984,20
7345,199895486317,0
7346,45636090080,9420
7347,4116667723,200
7348,199895486317,0
7349,150201021039,70
7350,199895486317,0
7351,199895486317,0
7352,21332531984,20
7353,150201021039,70
7354,199895486317,0
7355,61836819234,50
7356,8444936664,7040
7357,199895486317,0
7358,4116667723,200
7359,3970492257,2040
7360,803064498,20
7361,21332531984,20
7362,199895486317,0
7363,51185431770,180
7364,199895486317,0
7365,199895486317,0
7366,21332531984,20
7367,1126635308,3400
7368,84274844789,330
7369,199895486317,0
7370,199895486317,0
7371,199895486317,0
7372,44415637231,30
7373,53449446575,40
7374,687076729,1710
7375,53449446575,40
7376,150201021039,70
7377,199895486317,0
7378,21332531984,20
7379,44415637231,30
7380,199895486317,0
7381,61836819234,50
7382,96713611,140
7383,53449446575,40
7384,44415637231,30
7385,11659340677,5480
7386,53449446575,40
7387,53449446575,40
7388,61836819234,50
7389,105511360998,800
7390,104885914635,100
7391,199895486317,0
7392,21332531984,20
7393,29100578577,240
7394,199895486317,0
7395,199895486317,0
7396,21332531984,20
7397,199895486317,0
7398,199895486317,0
7399,199895486317,0
7400,199895486317,0
7401,5164513348,300
7402,199895486317,0
7403,21332531984,20
7404,199895486317,0
7405,3449854236,2970
7406,21332531984,20
7407,199895486317,0
7408,117440372739,60
7409,522059169783,90
7410,199895486317,0
7411,1362779793,160
7412,21332531984,20
7413,21332531984,20
7414,199895486317,0
7415,199895486317,0
7416,199895486317,0
7417,199895486317,0
7418,21332531984,20
7419,199895486317,0
7420,21738002148,110
7421,21332531984,20
7422,199895486317,0
7423,9363159852,250
7424,53449446575,40
7425,117440372739,60
7426,19285673906,270
7427,199895486317,0
7428,61836819234,50
7429,53449446575,40
7430,17998668670,400
7431,44415637231,30
7432,199895486317,0
7433,117440372739,60
7434,21332531984,20
7435,34480919,57340
7436,117440372739,60
7437,199895486317,0
7438,21332531984,20
7439,53449446575,40
7440,104885914635,100
7441,44415637231,30
7442,199895486317,0
7443,5164513348,300
7444,15768144668,320
7445,7074924182,5000
7446,133019823,25740
7447,3211544775,120
7448,199895486317,0
7449,53449446575,40
7450,45836786246,1050
7451,104885914635,100
7452,199895486317,0
7453,199895486317,0
7454,199895486317,0
7455,21738002148,110
7456,61836819234,50
7457,53449446575,40
7458,199895486317,0
7459,199895486317,0
7460,61836819234,50
7461,79791070789,260
7462,199895486317,0
7463,199895486317,0
7464,199895486317,0
7465,117440372739,60
7466,199895486317,0
7467,53449446575,40
7468,199895486317,0
7469,199895486317,0
7470,4116667723,200
7471,199895486317,0
7472,21332531984,20
7473,199895486317,0
7474,16803552872,140
7475,8091396125,4010
7476,129635302966,80
7477,3881763814,2940
7478,61836819234,50
7479,21332531984,20
7480,44415637231,30
7481,31667366424,6270
7482,199895486317,0
7483,44415637231,30
7484,199895486317,0
7485,129635302966,80
7486,4116667723,200
7487,104885914635,100
7488,199895486317,0
7489,199895486317,0
7490,53449446575,40
7491,104885914635,100
7492,61836819234,50
7493,53449446575,40
7494,61836819234,50
7495,199895486317,0
7496,16927164747,4160
7497,3831528506,10150
7498,117440372739,60
7499,53723781777,150
7500,9363159852,250
7501,199895486317,0
7502,19285673906,270
7503,199895486317,0
7504,129635302966,80
7505,21332531984,20
7506,4116667723,200
7507,117440372739,60
7508,44415637231,30
7509,199895486317,0
7510,5164513348,300
7511,199895486317,0
7512,104885914635,100
7513,53449446575,40
7514,204709073,500000
7515,4116667723,200
7516,199895486317,0
7517,14668562181,290
7518,36019696072,11430
7519,199895486317,0
7520,44415637231,30
7521,42769230185,7180
7522,578012214,750
7523,117440372739,60
7524,199895486317,0
7525,199895486317,0
7526,199895486317,0
7527,12223559387,340
7528,14151684670,220
7529,1197555971,310
7530,199895486317,0
7531,53449446575,40
7532,61836819234,50
7533,199895486317,0
7534,199895486317,0
7535,199895486317,0
7536,199895486317,0
7537,199895486317,0
7538,44415637231,30
7539,199895486317,0
7540,53449446575,40
7541,44415637231,30
7542,44415637231,30
7543,199895486317,0
7544,44415637231,30
7545,12223559387,340
7546,199895486317,0
7547,129635302966,80
7548,61836819234,50
7549,199895486317,0
7550,199895486317,0
7551,44415637231,30
7552,199895486317,0
7553,53449446575,40
7554,199895486317,0
7555,199895486317,0
7556,199895486317,0
7557,199895486317,0
7558,199895486317,0
7559,199895486317,0
7560,199895486317,0
7561,4116667723,200
7562,199895486317,0
7563,4116667723,200
7564,21332531984,20
7565,61836819234,50
7566,199895486317,0
7567,199895486317,0
7568,21332531984,20
7569,104885914635,100
7570,199895486317,0
7571,199895486317,0
7572,53449446575,40
7573,199895486317,0
7574,199895486317,0
7575,129635302966,80
7576,53449446575,40
7577,199895486317,0
7578,199895486317,0
7579,44415637231,30
7580,104885914635,100
7581,12223559387,340
7582,199895486317,0
7583,21332531984,20
7584,199895486317,0
7585,199895486317,0
7586,53449446575,40
7587,199895486317,0
7588,199895486317,0
7589,199895486317,0
7590,199895486317,0
7591,199895486317,0
7592,199895486317,0
7593,4116667723,200
7594,5164513348,300
7595,44415637231,30
7596,16803552872,140
7597,44415637231,30
7598,1013249595,12730
7599,3211544775,120
7600,104885914635,100
7601,44415637231,30
7602,17998668670,400
7603,199895486317,0
7604,199895486317,0
7605,53449446575,40
7606,199895486317,0
7607,199895486317,0
7608,61836819234,50
7609,199895486317,0
7610,199895486317,0
7611,199895486317,0
7612,12069530978,4660
7613,4116667723,200
7614,199895486317,0
7615,150201021039,70
7616,522059169783,90
7617,53449446575,40
7618,199895486317,0
7619,16803552872,140
7620,522059169783,90
7621,117440372739,60
7622,117440372739,60
7623,21332531984,20
7624,199895486317,0
7625,199895486317,0
7626,44415637231,30
7627,21332531984,20
7628,414086011,680
7629,21332531984,20
7630,199895486317,0
7631,21332531984,20
7632,61836819234,50
7633,44415637231,30
7634,1031068336,17760
7635,150201021039,70
7636,199895486317,0
7637,21332531984,20
7638,199895486317,0
7639,199895486317,0
7640,199895486317,0
7641,17998668670,400
7642,21332531984,20
7643,129635302966,80
7644,21332531984,20
7645,199895486317,0
7646,199895486317,0
7647,522059169783,90
7648,199895486317,0
7649,199895486317,0
7650,199895486317,0
7651,21332531984,20
7652,199895486317,0
7653,199895486317,0
7654,19285673906,270
7655,61836819234,50
7656,104885914635,100
7657,3109255564,3100
7658,907383617,700
7659,10196564455,1000
7660,44415637231,30
7661,3211544775,120
7662,505479566,1130
7663,53449446575,40
7664,25489246144,6150
7665,21332531984,20
7666,199895486317,0
7667,19719177040,4960
7668,199895486317,0
7669,199895486317,0
7670,199895486317,0
7671,199895486317,0
7672,199895486317,0
7673,199895486317,0
7674,199895486317,0
7675,21332531984,20
7676,199895486317,0
7677,199895486317,0
7678,44415637231,30
7679,199895486317,0
7680,117440372739,60
7681,53449446575,40
7682,21332531984,20
7683,199895486317,0
7684,21332531984,20
7685,29609888,33970
7686,53449446575,40
7687,16803552872,140
7688,53449446575,40
7689,9363159852,250
7690,150201021039,70
7691,9363159852,250
7692,199895486317,0
7693,61836819234,50
7694,9363159852,250
7695,199895486317,0
7696,53449446575,40
7697,14151684670,220
7698,21332531984,20
7699,199895486317,0
7700,61836819234,50
7701,21332531984,20
7702,199895486317,0
7703,53449446575,40
7704,21332531984,20
7705,199895486317,0
7706,199895486317,0
7707,522059169783,90
7708,21332531984,20
7709,21332531984,20
7710,199895486317,0
7711,104885914635,100
7712,78800927675,160
7713,10196564455,1000
7714,199895486317,0
7715,61836819234,50
7716,21332531984,20
7717,199895486317,0
7718,522059169783,90
7719,44415637231,30
7720,199895486317,0
7721,199895486317,0
7722,129635302966,80
7723,199895486317,0
7724,21332531984,20
7725,199895486317,0
7726,199895486317,0
7727,199895486317,0
7728,199895486317,0
7729,32594629589,600
7730,199895486317,0
7731,21332531984,20
7732,83756320171,520
7733,117440372739,60
7734,199895486317,0
7735,30210729193,11510
7736,104885914635,100
7737,21332531984,20
7738,61836819234,50
7739,199895486317,0
7740,150201021039,70
7741,199895486317,0
7742,104885914635,100
7743,199895486317,0
7744,199895486317,0
7745,199895486317,0
7746,117440372739,60
7747,21332531984,20
7748,199895486317,0
7749,199895486317,0
7750,199895486317,0
7751,21332531984,20
7752,104885914635,100
7753,2168108267,780
7754,199895486317,0
7755,199895486317,0
7756,61836819234,50
7757,199895486317,0
7758,21332531984,20
7759,1371976901,6620
7760,199895486317,0
7761,51185431770,180
7762,199895486317,0
7763,17998668670,400
7764,199895486317,0
7765,199895486317,0
7766,4116667723,200
7767,44415637231,30
7768,199895486317,0
7769,465325462,1200
7770,5164513348,300
7771,199895486317,0
7772,199895486317,0
7773,199895486317,0
7774,20527794309,7950
7775,4116667723,200
7776,199895486317,0
7777,3211544775,120
7778,199895486317,0
7779,199895486317,0
7780,3211544775,120
7781,117440372739,60
7782,21332531984,20
7783,199895486317,0
7784,199895486317,0
7785,199895486317,0
7786,117440372739,60
7787,199895486317,0
7788,199895486317,0
7789,117440372739,60
7790,2705415347,1870
7791,21332531984,20
7792,21332531984,20
7793,199895486317,0
7794,199895486317,0
7795,17998668670,400
7796,21332531984,20
7797,522059169783,90
7798,184926260168,390
7799,150201021039,70
7800,117440372739,60
7801,3395158712,5800
7802,199895486317,0
7803,21332531984,20
7804,199895486317,0
7805,199895486317,0
7806,199895486317,0
7807,21332531984,20
7808,21332531984,20
7809,96713611,140
7810,199895486317,0
7811,18720619299,500
7812,129635302966,80
7813,18471458312,6290
7814,104885914635,100
7815,1086159850,120
7816,3616531268,6280
7817,199895486317,0
7818,53449446575,40
7819,3211544775,120
7820,199895486317,0
7821,150201021039,70
7822,17998668670,400
7823,199895486317,0
7824,199895486317,0
7825,199895486317,0
7826,199895486317,0
7827,44415637231,30
7828,428240051,1000
7829,1872678013,2890
7830,199895486317,0
7831,478525037445,680
7832,199895486317,0
7833,199895486317,0
7834,199895486317,0
7835,117440372739,60
7836,199895486317,0
7837,117440372739,60
7838,199895486317,0
7839,199895486317,0
7840,199895486317,0
7841,44415637231,30
7842,199895486317,0
7843,5164513348,300
7844,199895486317,0
7845,38400028258,8200
7846,10196564455,1000
7847,199895486317,0
7848,117440372739,60
7849,117440372739,60
7850,428240051,1000
7851,166792157,18860
7852,199895486317,0
7853,117440372739,60
7854,150201021039,70
7855,21332531984,20
7856,44415637231,30
7857,199895486317,0
7858,53449446575,40
7859,61836819234,50
7860,44415637231,30
7861,25693722,72480
7862,522059169783,90
7863,61836819234,50
7864,53449446575,40
7865,21332531984,20
7866,199895486317,0
7867,199895486317,0
7868,199895486317,0
7869,21332531984,20
7870,150201021039,70
7871,53449446575,40
7872,199895486317,0
7873,199895486317,0
7874,21332531984,20
7875,199895486317,0
7876,199895486317,0
7877,150201021039,70
7878,117440372739,60
7879,199895486317,0
7880,199895486317,0
7881,199895486317,0
7882,199895486317,0
7883,53449446575,40
7884,21332531984,20
7885,199895486317,0
7886,150201021039,70
7887,199895486317,0
7888,21332531984,20
7889,104885914635,100
7890,61836819234,50
7891,5164513348,300
7892,199895486317,0
7893,199895486317,0
7894,21332531984,20
7895,32594629589,600
7896,199895486317,0
7897,2417616061,1750
7898,199895486317,0
7899,199895486317,0
7900,21332531984,20
7901,53449446575,40
7902,129635302966,80
7903,9424031656,3250
7904,16803552872,140
7905,44415637231,30
7906,199895486317,0
7907,61836819234,50
7908,1603305710,4310
7909,199895486317,0
7910,1246199104,3710
7911,199895486317,0
7912,199895486317,0
7913,2434266834,4000
7914,21332531984,20
7915,21332531984,20
7916,21332531984,20
7917,199895486317,0
7918,199895486317,0
7919,21332531984,20
7920,4273400323,4520
7921,199895486317,0
7922,21332531984,20
7923,199895486317,0
7924,199895486317,0
7925,53449446575,40
7926,53449446575,40
7927,14151684670,220
7928,84274844789,330
7929,199895486317,0
7930,129635302966,80
7931,44415637231,30
7932,34634312841,7930
7933,199895486317,0
7934,199895486317,0
7935,53449446575,40
7936,17000948573,13430
7937,199895486317,0
7938,199895486317,0
7939,4116667723,200
7940,150201021039,70
7941,199895486317,0
7942,79791070789,260
7943,117440372739,60
7944,104885914635,100
7945,199895486317,0
7946,199895486317,0
7947,199895486317,0
7948,17053477602,10130
7949,199895486317,0
7950,44415637231,30
7951,199895486317,0
7952,21332531984,20
7953,578012214,750
7954,199895486317,0
7955,199895486317,0
7956,53449446575,40
7957,2779878073,480
7958,2279200087,1300
7959,17998668670,400
7960,16803552872,140
7961,53449446575,40
7962,150201021039,70
7963,44415637231,30
7964,104885914635,100
7965,18720619299,500
7966,199895486317,0
7967,199895486317,0
7968,2026057410,17400
7969,35441848,22920
7970,61836819234,50
7971,53449446575,40
7972,199895486317,0
7973,199895486317,0
7974,199895486317,0
7975,44415637231,30
7976,199895486317,0
7977,522059169783,90
7978,5220980018,4120
7979,199895486317,0
7980,199895486317,0
7981,199895486317,0
7982,104885914635,100
7983,199895486317,0
7984,53449446575,40
7985,53449446575,40
7986,328426231,1040
7987,5164513348,300
7988,199895486317,0
7989,199895486317,0
7990,53449446575,40
7991,199895486317,0
7992,199895486317,0
7993,44415637231,30
7994,199895486317,0
7995,117440372739,60
7996,199895486317,0
7997,199895486317,0
7998,199895486317,0
7999,117440372739,60
8000,44415637231,30
8001,44415637231,30
8002,199895486317,0
8003,199895486317,0
8004,6059891059,1440
8005,199895486317,0
8006,21332531984,20
8007,199895486317,0
8008,199895486317,0
8009,199895486317,0
8010,61836819234,50
8011,29100578577,240
8012,199895486317,0
8013,15190229889,7620
8014,117440372739,60
8015,21332531984,20
8016,150201021039,70
8017,199895486317,0
8018,44415637231,30
8019,44415637231,30
8020,3385540743,2130
8021,4116667723,200
8022,5899029149,10350
8023,199895486317,0
8024,199895486317,0
8025,21332531984,20
8026,44415637231,30
8027,199895486317,0
8028,199895486317,0
8029,582265613,1280
8030,17998668670,400
8031,199895486317,0
8032,104885914635,100
8033,61836819234,50
8034,44415637231,30
8035,25497845260,6630
8036,61836819234,50
8037,199895486317,0
8038,199895486317,0
8039,199895486317,0
8040,199895486317,0
8041,199895486317,0
8042,104885914635,100
8043,5164513348,300
8044,199895486317,0
8045,199895486317,0
8046,53449446575,40
8047,522059169783,90
8048,4878998932,10120
8049,104885914635,100
8050,199895486317,0
8051,199895486317,0
8052,12223559387,340
8053,53449446575,40
8054,21332531984,20
8055,199895486317,0
8056,9363159852,250
8057,199895486317,0
8058,51185431770,180
8059,150201021039,70
8060,44415637231,30
8061,199895486317,0
8062,7394783,42420
8063,40053328261,9360
8064,21332531984,20
8065,53449446575,40
8066,21332531984,20
8067,199895486317,0
8068,199895486317,0
8069,21332531984,20
8070,199895486317,0
8071,21332531984,20
8072,199895486317,0
8073,9363159852,250
8074,509856272981,870
8075,53449446575,40
8076,150201021039,70
8077,442856850,640
8078,21332531984,20
8079,199895486317,0
8080,199895486317,0
8081,1872678013,2890
8082,53449446575,40
8083,10196564455,1000
8084,199895486317,0
8085,44415637231,30
8086,199895486317,0
8087,199895486317,0
8088,199895486317,0
8089,21332531984,20
8090,199895486317,0
8091,21332531984,20
8092,199895486317,0
8093,199895486317,0
8094,44415637231,30
8095,199895486317,0
8096,21332531984,20
8097,104885914635,100
8098,199895486317,0
8099,53449446575,40
8100,53449446575,40
8101,199895486317,0
8102,21332531984,20
8103,53449446575,40
8104,9363159852,250
8105,61836819234,50
8106,199895486317,0
8107,199895486317,0
8108,45836786246,1050
8109,9363159852,250
8110,16803552872,140
8111,1813808009,1410
8112,4116667723,200
8113,53449446575,40
8114,199895486317,0
8115,199895486317,0
8116,61836819234,50
8117,117440372739,60
8118,53449446575,40
8119,199895486317,0
8120,199895486317,0
8121,1149956318,30
8122,1326992102,17270
8123,104885914635,100
8124,199895486317,0
8125,104885914635,100
8126,199895486317,0
8127,199895486317,0
8128,53449446575,40
8129,199895486317,0
8130,21332531984,20
8131,199895486317,0
8132,199895486317,0
8133,4488629636,2280
8134,21332531984,20
8135,199895486317,0
8136,3211544775,120
8137,21332531984,20
8138,199895486317,0
8139,29100578577,240
8140,150201021039,70
8141,199895486317,0
8142,21332531984,20
8143,53723781777,150
8144,485874922486,820
8145,199895486317,0
8146,199895486317,0
8147,61836819234,50
8148,199895486317,0
8149,53449446575,40
8150,61836819234,50
8151,44415637231,30
8152,61836819234,50
8153,199895486317,0
8154,199895486317,0
8155,199895486317,0
8156,21332531984,20
8157,21332531984,20
8158,53449446575,40
8159,3211544775,120
8160,5164513348,300
8161,61836819234,50
8162,25727830476,170
8163,199895486317,0
8164,21332531984,20
8165,117440372739,60
8166,5164513348,300
8167,53449446575,40
8168,44415637231,30
8169,645028452,190
8170,199895486317,0
8171,199895486317,0
8172,199895486317,0
8173,12223559387,340
8174,44415637231,30
8175,199895486317,0
8176,21332531984,20
8177,199895486317,0
8178,5164513348,300
8179,21332531984,20
8180,3211544775,120
8181,199895486317,0
8182,44415637231,30
8183,53449446575,40
8184,10196564455,1000
8185,199895486317,0
8186,2441275688,770
8187,199895486317,0
8188,199895486317,0
8189,588547895,720
8190,129635302966,80
8191,199895486317,0
8192,199895486317,0
8193,199895486317,0
8194,199895486317,0
8195,117440372739,60
8196,117440372739,60
8197,117440372739,60
8198,199895486317,0
8199,522059169783,90
8200,21332531984,20
8201,199895486317,0
8202,129635302966,80
8203,21332531984,20
8204,199895486317,0
8205,199895486317,0
8206,61836819234,50
8207,199895486317,0
8208,53449446575,40
8209,44415637231,30
8210,10666939089,3370
8211,44415637231,30
8212,10933550,39060
8213,150201021039,70
8214,129635302966,80
8215,21332531984,20
8216,199895486317,0
8217,44415637231,30
8218,150201021039,70
8219,129635302966,80
8220,3211544775,120
8221,21332531984,20
8222,199895486317,0
8223,61836819234,50
8224,199895486317,0
8225,4116667723,200
8226,4116667723,200
8227,199895486317,0
8228,21332531984,20
8229,150201021039,70
8230,199895486317,0
8231,44415637231,30
8232,199895486317,0
8233,199895486317,0
8234,21332531984,20
8235,53449446575,40
8236,104885914635,100
8237,53449446575,40
8238,199895486317,0
8239,104885914635,100
8240,199895486317,0
8241,117440372739,60
8242,1232930149,360
8243,199895486317,0
8244,199895486317,0
8245,199895486317,0
8246,199895486317,0
8247,199895486317,0
8248,199895486317,0
8249,21332531984,20
8250,44415637231,30
8251,4116667723,200
8252,53449446575,40
8253,2327570948,1220
8254,199895486317,0
8255,61836819234,50
8256,129635302966,80
8257,199895486317,0
8258,117440372739,60
8259,204709073,500000
8260,104885914635,100
8261,21332531984,20
8262,61836819234,50
8263,199895486317,0
8264,199895486317,0
8265,199895486317,0
8266,199895486317,0
8267,150201021039,70
8268,21332531984,20
8269,199895486317,0
8270,21332531984,20
8271,199895486317,0
8272,61836819234,50
8273,199895486317,0
8274,21332531984,20
8275,61836819234,50
8276,5164513348,300
8277,1212671480,1260
8278,1050729548,1950
8279,199895486317,0
8280,1453787900,110
8281,53449446575,40
8282,199895486317,0
8283,199895486317,0
8284,199895486317,0
8285,29100578577,240
8286,199895486317,0
8287,199895486317,0
8288,21332531984,20
8289,21332531984,20
8290,332814325,600
8291,779706608,330
8292,53449446575,40
8293,199895486317,0
8294,44415637231,30
8295,3211544775,120
8296,21332531984,20
8297,199895486317,0
8298,999401064,1540
8299,61836819234,50
8300,199895486317,0
8301,150201021039,70
8302,21332531984,20
8303,252197506215,380
8304,53449446575,40
8305,199895486317,0
8306,53449446575,40
8307,53449446575,40
8308,150201021039,70
8309,104885914635,100
8310,199895486317,0
8311,44415637231,30
8312,21332531984,20
8313,104885914635,100
8314,199895486317,0
8315,199895486317,0
8316,53449446575,40
8317,53449446575,40
8318,129635302966,80
8319,199895486317,0
8320,199895486317,0
8321,61836819234,50
8322,53449446575,40
8323,199895486317,0
8324,53449446575,40
8325,53449446575,40
8326,199895486317,0
8327,4116667723,200
8328,3211544775,120
8329,53449446575,40
8330,199895486317,0
8331,5164513348,300
8332,117440372739,60
8333,21332531984,20
8334,21332531984,20
8335,199895486317,0
8336,199895486317,0
8337,5164513348,300
8338,199895486317,0
8339,53723781777,150
8340,117440372739,60
8341,199895486317,0
8342,19285673906,270
8343,199895486317,0
8344,199895486317,0
8345,53449446575,40
8346,104885914635,100
8347,199895486317,0
8348,21332531984,20
8349,199895486317,0
8350,199895486317,0
8351,53449446575,40
8352,3211544775,120
8353,117440372739,60
8354,104885914635,100
8355,53449446575,40
8356,4264936,35380
8357,199895486317,0
8358,150201021039,70
8359,53449446575,40
8360,53449446575,40
8361,199895486317,0
8362,199895486317,0
8363,1595896584,370
8364,199895486317,0
8365,84274844789,330
8366,21332531984,20
8367,5164513348,300
8368,199895486317,0
8369,21332531984,20
8370,44415637231,30
8371,21332531984,20
8372,1533111231,1100
8373,44415637231,30
8374,199895486317,0
8375,8147755,30010
8376,199895486317,0
8377,199895486317,0
8378,21332531984,20
8379,199895486317,0
8380,199895486317,0
8381,199895486317,0
8382,61836819234,50
8383,61836819234,50
8384,199895486317,0
8385,199895486317,0
8386,53449446575,40
8387,5164513348,300
8388,44415637231,30
8389,199895486317,0
8390,199895486317,0
8391,21332531984,20
8392,199895486317,0
8393,21332531984,20
8394,199895486317,0
8395,117440372739,60
8396,199895486317,0
8397,199895486317,0
8398,199895486317,0
8399,53449446575,40
8400,10196564455,1000
8401,44415637231,30
8402,21332531984,20
8403,199895486317,0
8404,199895486317,0
8405,21738002148,110
8406,1320300919,1610
8407,53449446575,40
8408,61836819234,50
8409,199895486317,0
8410,117440372739,60
8411,21332531984,20
8412,199895486317,0
8413,21332531984,20
8414,31040958,73260
8415,61836819234,50
8416,29100578577,240
8417,522059169783,90
8418,199895486317,0
8419,21502029326,11830
8420,150201021039,70
8421,29100578577,240
8422,104885914635,100
8423,5164513348,300
8424,104885914635,100
8425,199895486317,0
8426,34484464497,9520
8427,199895486317,0
8428,104885914635,100
8429,129635302966,80
8430,53449446575,40
8431,199895486317,0
8432,4116667723,200
8433,53449446575,40
8434,21332531984,20
8435,17998668670,400
8436,199895486317,0
8437,21332531984,20
8438,53449446575,40
8439,61836819234,50
8440,199895486317,0
8441,4876934153,18350
8442,12371165,140930
8443,199895486317,0
8444,14668562181,290
8445,199895486317,0
8446,199895486317,0
8447,199895486317,0
8448,27201374576,130
8449,199895486317,0
8450,199895486317,0
8451,2196211639,1020
8452,61836819234,50
8453,199895486317,0
8454,199895486317,0
8455,53449446575,40
8456,9363159852,250
8457,4116667723,200
8458,117440372739,60
8459,4116667723,200
8460,44415637231,30
8461,21332531984,20
8462,104885914635,100
8463,199895486317,0
8464,199895486317,0
8465,117440372739,60
8466,199895486317,0
8467,53449446575,40
8468,53449446575,40
8469,117440372739,60
8470,199895486317,0
8471,199895486317,0
8472,4116667723,200
8473,199895486317,0
8474,104885914635,100
8475,199895486317,0
8476,21332531984,20
8477,124411582679,360
8478,199895486317,0
8479,13470704996,4290
8480,199895486317,0
8481,53449446575,40
8482,199895486317,0
8483,199895486317,0
8484,199895486317,0
8485,199895486317,0
8486,104885914635,100
8487,199895486317,0
8488,199895486317,0
8489,522059169783,90
8490,3211544775,120
8491,117440372739,60
8492,899082495,540
8493,199895486317,0
8494,3211544775,120
8495,199895486317,0
8496,199895486317,0
8497,199895486317,0
8498,21332531984,20
8499,199895486317,0
8500,21332531984,20
8501,199895486317,0
8502,10196564455,1000
8503,732569535,690
8504,12223559387,340
8505,32594629589,600
8506,732569535,690
8507,21332531984,20
8508,199895486317,0
8509,104885914635,100
8510,21332531984,20
8511,199895486317,0
8512,199895486317,0
8513,44415637231,30
8514,21332531984,20
8515,53449446575,40
8516,16803552872,140
8517,199895486317,0
8518,129635302966,80
8519,44415637231,30
8520,199895486317,0
8521,21332531984,20
8522,199895486317,0
8523,199895486317,0
8524,21332531984,20
8525,21332531984,20
8526,21332531984,20
8527,199895486317,0
8528,199895486317,0
8529,44415637231,30
8530,44415637231,30
8531,199895486317,0
8532,4116667723,200
8533,21332531984,20
8534,21332531984,20
8535,222493074,280
8536,21332531984,20
8537,199895486317,0
8538,2817338843,1430
8539,199895486317,0
8540,104885914635,100
8541,104885914635,100
8542,124062357,25840
8543,199895486317,0
8544,199895486317,0
8545,53449446575,40
8546,1926884554,2470
8547,117440372739,60
8548,199895486317,0
8549,199895486317,0
8550,199895486317,0
8551,21332531984,20
8552,21332531984,20
8553,199895486317,0
8554,25822550168,2000
8555,199895486317,0
8556,10196564455,1000
8557,21332531984,20
8558,199895486317,0
8559,44415637231,30
8560,21332531984,20
8561,199895486317,0
8562,21332531984,20
8563,25727830476,170
8564,199895486317,0
8565,199895486317,0
8566,10196564455,1000
8567,199895486317,0
8568,44415637231,30
8569,53449446575,40
8570,199895486317,0
8571,129635302966,80
8572,125843949456,3000
8573,9363159852,250
8574,150201021039,70
8575,42633038303,9110
8576,25727830476,170
8577,199895486317,0
8578,199895486317,0
8579,199895486317,0
8580,13760866351,8680
8581,129635302966,80
8582,23891817,36520
8583,5164513348,300
8584,5164513348,300
8585,711860916,410
8586,12966337425,14450
8587,199895486317,0
8588,199895486317,0
8589,117440372739,60
8590,10343034034,5160
8591,199895486317,0
8592,711860916,410
8593,15768144668,320
8594,199895486317,0
8595,14151684670,220
8596,4116667723,200
8597,117440372739,60
8598,199895486317,0
8599,199895486317,0
8600,44415637231,30
8601,199895486317,0
8602,150201021039,70
8603,51185431770,180
8604,199895486317,0
8605,199895486317,0
8606,199895486317,0
8607,104885914635,100
8608,21332531984,20
8609,53449446575,40
8610,3387659222,2510
8611,21332531984,20
8612,199895486317,0
8613,199895486317,0
8614,199895486317,0
8615,199895486317,0
8616,199895486317,0
8617,199895486317,0
8618,129635302966,80
8619,61836819234,50
8620,10629358286,12340
8621,383453366,820
8622,61836819234,50
8623,5164513348,300
8624,199895486317,0
8625,7036049117,17040
8626,522059169783,90
8627,199895486317,0
8628,61836819234,50
8629,61836819234,50
8630,21332531984,20
8631,199895486317,0
8632,105511360998,800
8633,2021510343,2860
8634,199895486317,0
8635,53449446575,40
8636,3020319696,2140
8637,61836819234,50
8638,522059169783,90
8639,44415637231,30
8640,21332531984,20
8641,21332531984,20
8642,9363159852,250
8643,21332531984,20
8644,199895486317,0
8645,1050729548,1950
8646,129635302966,80
8647,195754931,23540
8648,199895486317,0
8649,199895486317,0
8650,3211544775,120
8651,199895486317,0
8652,5164513348,300
8653,199895486317,0
8654,199895486317,0
8655,44415637231,30
8656,1236738716,500
8657,199895486317,0
8658,129635302966,80
8659,129635302966,80
8660,21332531984,20
8661,199895486317,0
8662,104885914635,100
8663,53449446575,40
8664,717424599,890
8665,21332531984,20
8666,199895486317,0
8667,4116667723,200
8668,199895486317,0
8669,10499246545,8260
8670,53449446575,40
8671,53449446575,40
8672,199895486317,0
8673,129635302966,80
8674,5708870185,4760
8675,199895486317,0
8676,4116667723,200
8677,1623610345,290
8678,199895486317,0
8679,199895486317,0
8680,26253472874,8890
8681,4116667723,200
8682,199895486317,0
8683,199895486317,0
8684,150201021039,70
8685,4116667723,200
8686,61836819234,50
8687,21332531984,20
8688,150201021039,70
8689,21332531984,20
8690,21332531984,20
8691,199895486317,0
8692,199895486317,0
8693,20225707,48690
8694,21332531984,20
8695,44415637231,30
8696,199895486317,0
8697,12844330,92720
8698,21332531984,20
8699,21332531984,20
8700,44415637231,30
8701,199895486317,0
8702,53449446575,40
8703,104885914635,100
8704,199895486317,0
8705,44415637231,30
8706,199895486317,0
8707,199895486317,0
8708,522059169783,90
8709,16477975097,13440
8710,15768144668,320
8711,199895486317,0
8712,2522568265,550
8713,199895486317,0
8714,44415637231,30
8715,199895486317,0
8716,21332531984,20
8717,21332531984,20
8718,104885914635,100
8719,199895486317,0
8720,53449446575,40
8721,199895486317,0
8722,44415637231,30
8723,199895486317,0
8724,199895486317,0
8725,53449446575,40
8726,199895486317,0
8727,5164513348,300
8728,199895486317,0
8729,9363159852,250
8730,1994748,58210
8731,117440372739,60
8732,2520958440,19230
8733,117440372739,60
8734,199895486317,0
8735,199895486317,0
8736,199895486317,0
8737,465325462,1200
8738,129635302966,80
8739,522059169783,90
8740,21332531984,20
8741,21332531984,20
8742,199895486317,0
8743,21332531984,20
8744,199895486317,0
8745,199895486317,0
8746,61836819234,50
8747,15768144668,320
8748,6537126688,13380
8749,53449446575,40
8750,6692323678,2000
8751,21332531984,20
8752,199895486317,0
8753,199895486317,0
8754,199895486317,0
8755,3333595,30590
8756,9363159852,250
8757,61836819234,50
8758,199895486317,0
8759,328426231,1040
8760,199895486317,0
8761,4116667723,200
8762,21332531984,20
8763,53449446575,40
8764,2315245020,350
8765,61836819234,50
8766,199895486317,0
8767,199895486317,0
8768,21332531984,20
8769,21332531984,20
8770,452167350,23960
8771,21332531984,20
8772,21332531984,20
8773,21332531984,20
8774,4116667723,200
8775,199895486317,0
8776,199895486317,0
8777,358041744,660
8778,21332531984,20
8779,21332531984,20
8780,522059169783,90
8781,199895486317,0
8782,104885914635,100
8783,5164513348,300
8784,17998668670,400
8785,199895486317,0
8786,199895486317,0
8787,21332531984,20
8788,21332531984,20
8789,199895486317,0
8790,104885914635,100
8791,199895486317,0
8792,199895486317,0
8793,199895486317,0
8794,117440372739,60
8795,117440372739,60
8796,199895486317,0
8797,104885914635,100
8798,21332531984,20
8799,53449446575,40
8800,199895486317,0
8801,199895486317,0
8802,10196564455,1000
8803,199895486317,0
8804,446129305,460
8805,5164513348,300
8806,4116667723,200
8807,199895486317,0
8808,199895486317,0
8809,4116667723,200
8810,21332531984,20
8811,1463242636,730
8812,199895486317,0
8813,29100578577,240
8814,61836819234,50
8815,44415637231,30
8816,15768144668,320
8817,117440372739,60
8818,199895486317,0
8819,25822550168,2000
8820,9568685,60900
8821,199895486317,0
8822,21332531984,20
8823,199895486317,0
8824,104885914635,100
8825,117440372739,60
8826,117440372739,60
8827,44415637231,30
8828,21332531984,20
8829,199895486317,0
8830,522059169783,90
8831,27401757,44270
8832,199895486317,0
8833,9363159852,250
8834,199895486317,0
8835,44415637231,30
8836,104885914635,100
8837,44415637231,30
8838,199895486317,0
8839,199895486317,0
8840,199895486317,0
8841,199895486317,0
8842,5164513348,300
8843,199895486317,0
8844,199895486317,0
8845,5164513348,300
8846,199895486317,0
8847,199895486317,0
8848,199895486317,0
8849,21332531984,20
8850,8610077508,6600
8851,21332531984,20
8852,199895486317,0
8853,21332531984,20
8854,3806544679,2210
8855,199895486317,0
8856,128092363,25080
8857,199895486317,0
8858,522059169783,90
8859,53449446575,40
8860,61836819234,50
8861,5164513348,300
8862,53449446575,40
8863,199895486317,0
8864,44415637231,30
8865,44415637231,30
8866,21332531984,20
8867,2178432986,70
8868,15167234,83370
8869,4116667723,200
8870,199895486317,0
8871,199895486317,0
8872,117440372739,60
8873,150201021039,70
8874,199895486317,0
8875,61836819234,50
8876,104885914635,100
8877,199895486317,0
8878,199895486317,0
8879,129635302966,80
8880,21332531984,20
8881,150201021039,70
8882,4116667723,200
8883,199895486317,0
8884,199895486317,0
8885,199895486317,0
8886,730945570,2080
8887,199895486317,0
8888,2629301922,16670
8889,25827905,138140
8890,4116667723,200
8891,21332531984,20
8892,53449446575,40
8893,199895486317,0
8894,53449446575,40
8895,44415637231,30
8896,117440372739,60
8897,199895486317,0
8898,21332531984,20
8899,1372816322,970
8900,117440372739,60
8901,199895486317,0
8902,21332531984,20
8903,4116667723,200
8904,1086159850,120
8905,4116667723,200
8906,21332531984,20
8907,199895486317,0
8908,117440372739,60
8909,117440372739,60
8910,199895486317,0
8911,21332531984,20
8912,53449446575,40
8913,199895486317,0
8914,117440372739,60
8915,199895486317,0
8916,199895486317,0
8917,53449446575,40
8918,199895486317,0
8919,5164513348,300
8920,999401064,1540
8921,2467071056,8670
8922,53449446575,40
8923,61836819234,50
8924,199895486317,0
8925,299875844,930
8926,199895486317,0
8927,117440372739,60
8928,199895486317,0
8929,44415637231,30
8930,199895486317,0
8931,199895486317,0
8932,199895486317,0
8933,21332531984,20
8934,199895486317,0
8935,199895486317,0
8936,199895486317,0
8937,53449446575,40
8938,199895486317,0
8939,199895486317,0
8940,17998668670,400
8941,199895486317,0
8942,25822550168,2000
8943,11995195252,12290
8944,199895486317,0
8945,21332531984,20
8946,21332531984,20
8947,199895486317,0
8948,2844615212,5080
8949,44415637231,30
8950,117440372739,60
8951,44415637231,30
8952,199895486317,0
8953,21332531984,20
8954,961638927,800
8955,14151684670,220
8956,53449446575,40
8957,522059169783,90
8958,199895486317,0
8959,32594629589,600
8960,44415637231,30
8961,199895486317,0
8962,61836819234,50
8963,61836819234,50
8964,199895486317,0
8965,199895486317,0
8966,21332531984,20
8967,5164513348,300
8968,199895486317,0
8969,199895486317,0
8970,53449446575,40
8971,199895486317,0
8972,53449446575,40
8973,5091036762,2790
8974,199895486317,0
8975,1595896584,370
8976,1503950766,2670
8977,117440372739,60
8978,442856850,640
8979,61836819234,50
8980,199895486317,0
8981,618274286,23040
8982,21332531984,20
8983,44415637231,30
8984,83535612,26830
8985,199895486317,0
8986,199895486317,0
8987,53449446575,40
8988,199895486317,0
8989,199895486317,0
8990,53449446575,40
8991,21332531984,20
8992,199895486317,0
8993,4116667723,200
8994,38651054,37450
8995,199895486317,0
8996,1074773547,5180
8997,53449446575,40
8998,199895486317,0
8999,44415637231,30
9000,44415637231,30
9001,53449446575,40
9002,199895486317,0
9003,199895486317,0
9004,199895486317,0
9005,5164513348,300
9006,21332531984,20
9007,186422006870,510
9008,51185431770,180
9009,199895486317,0
9010,21332531984,20
9011,8520889919,3030
9012,21332531984,20
9013,21332531984,20
9014,4116667723,200
9015,61836819234,50
9016,44415637231,30
9017,1232930149,360
9018,199895486317,0
9019,150201021039,70
9020,199895486317,0
9021,21332531984,20
9022,53449446575,40
9023,199895486317,0
9024,199895486317,0
9025,199895486317,0
9026,129635302966,80
9027,21332531984,20
9028,199895486317,0
9029,199895486317,0
9030,199895486317,0
9031,61836819234,50
9032,199895486317,0
9033,199895486317,0
9034,5164513348,300
9035,199895486317,0
9036,1377215920,1590
9037,53449446575,40
9038,53449446575,40
9039,21332531984,20
9040,3240668564,6580
9041,199895486317,0
9042,199895486317,0
9043,199895486317,0
9044,104885914635,100
9045,21332531984,20
9046,199895486317,0
9047,150201021039,70
9048,21332531984,20
9049,10196564455,1000
9050,199895486317,0
9051,84274844789,330
9052,199895486317,0
9053,199895486317,0
9054,117440372739,60
9055,199895486317,0
9056,53449446575,40
9057,199895486317,0
9058,199895486317,0
9059,44415637231,30
9060,199895486317,0
9061,53449446575,40
9062,5164513348,300
9063,21332531984,20
9064,5164513348,300
9065,44415637231,30
9066,199895486317,0
9067,199895486317,0
9068,199895486317,0
9069,44415637231,30
9070,199895486317,0
9071,199895486317,0
9072,199895486317,0
9073,813301865,18810
9074,199895486317,0
9075,199895486317,0
9076,199895486317,0
9077,21332531984,20
9078,14151684670,220
9079,778971689010,700
9080,150201021039,70
9081,199895486317,0
9082,199895486317,0
9083,61836819234,50
9084,199895486317,0
9085,199895486317,0
9086,21332531984,20
9087,21332531984,20
9088,117440372739,60
9089,199895486317,0
9090,199895486317,0
9091,199895486317,0
9092,21332531984,20
9093,199895486317,0
9094,199895486317,0
9095,1855122276,2360
9096,44415637231,30
9097,14151684670,220
9098,199895486317,0
9099,61836819234,50
9100,199895486317,0
9101,21332531984,20
9102,199895486317,0
9103,199895486317,0
9104,199895486317,0
9105,199895486317,0
9106,44415637231,30
9107,199895486317,0
9108,4116667723,200
9109,44415637231,30
9110,5164513348,300
9111,44415637231,30
9112,372402703,22770
9113,5164513348,300
9114,148750408906,1040
9115,44415637231,30
9116,7074827843,11640
9117,199895486317,0
9118,5164513348,300
9119,21332531984,20
9120,12495135958,4200
9121,199895486317,0
9122,117440372739,60
9123,129635302966,80
9124,199895486317,0
9125,3211544775,120
9126,53449446575,40
9127,25822550168,2000
9128,199895486317,0
9129,199895486317,0
9130,199895486317,0
9131,199895486317,0
9132,61836819234,50
9133,104885914635,100
9134,199895486317,0
9135,199895486317,0
9136,104885914635,100
9137,199895486317,0
9138,3109255564,3100
9139,522059169783,90
9140,5514740325,8000
9141,199895486317,0
9142,84990113859,420
9143,16803552872,140
9144,53449446575,40
9145,150201021039,70
9146,5164513348,300
9147,199895486317,0
9148,199895486317,0
9149,14151684670,220
9150,199895486317,0
9151,53449446575,40
9152,199895486317,0
9153,44415637231,30
9154,117440372739,60
9155,199895486317,0
9156,53449446575,40
9157,199895486317,0
9158,199895486317,0
9159,3194889606,16820
9160,10196564455,1000
9161,996430473,1480
9162,17998668670,400
9163,199895486317,0
9164,82120903,26900
9165,14628181561,14830
9166,869603522,1560
9167,199895486317,0
9168,21332531984,20
9169,199895486317,0
9170,104885914635,100
9171,199895486317,0
9172,9363159852,250
9173,29100578577,240
9174,104885914635,100
9175,44415637231,30
9176,21332531984,20
9177,47039770142,8530
9178,104885914635,100
9179,9363159852,250
9180,21332531984,20
9181,199895486317,0
9182,522059169783,90
9183,199895486317,0
9184,199895486317,0
9185,199895486317,0
9186,199895486317,0
9187,12011804493,5510
9188,53449446575,40
9189,53449446575,40
9190,44415637231,30
9191,199895486317,0
9192,1179949453,1110
9193,21332531984,20
9194,4023360750,2690
9195,199895486317,0
9196,21332531984,20
9197,199895486317,0
9198,199895486317,0
9199,21332531984,20
9200,5164513348,300
9201,150201021039,70
9202,5164513348,300
9203,53449446575,40
9204,129635302966,80
9205,199895486317,0
9206,199895486317,0
9207,199895486317,0
9208,129635302966,80
9209,29176065526,1020
9210,199895486317,0
9211,53449446575,40
9212,199895486317,0
9213,44415637231,30
9214,117440372739,60
9215,104885914635,100
9216,199895486317,0
9217,10196564455,1000
9218,16803552872,140
9219,150201021039,70
9220,53449446575,40
9221,199895486317,0
9222,199895486317,0
9223,199895486317,0
9224,199895486317,0
9225,199895486317,0
9226,199895486317,0
9227,199895486317,0
9228,8883868837,5890
9229,199895486317,0
9230,894919366,270
9231,44415637231,30
9232,803064498,20
9233,104885914635,100
9234,199895486317,0
9235,199895486317,0
9236,61836819234,50
9237,49558376686,9510
9238,53449446575,40
9239,53449446575,40
9240,63483326109,230
9241,29842787,140790
9242,199895486317,0
9243,5906111453,4370
9244,61836819234,50
9245,199895486317,0
9246,199895486317,0
9247,10196564455,1000
9248,5950500746,3040
9249,21332531984,20
9250,21332531984,20
9251,10196564455,1000
9252,53449446575,40
9253,21332531984,20
9254,199895486317,0
9255,61836819234,50
9256,104885914635,100
9257,53449446575,40
9258,199895486317,0
9259,44415637231,30
9260,199895486317,0
9261,4116667723,200
9262,105511360998,800
9263,44415637231,30
9264,199895486317,0
9265,199895486317,0
9266,199895486317,0
9267,199895486317,0
9268,4116667723,200
9269,17998668670,400
9270,199895486317,0
9271,199895486317,0
9272,21332531984,20
9273,21332531984,20
9274,14151684670,220
9275,53449446575,40
9276,150201021039,70
9277,199895486317,0
9278,44415637231,30
9279,199895486317,0
9280,4116667723,200
9281,199895486317,0
9282,199895486317,0
9283,10196564455,1000
9284,199895486317,0
9285,199895486317,0
9286,199895486317,0
9287,53449446575,40
9288,199895486317,0
9289,53723781777,150
9290,53449446575,40
9291,53449446575,40
9292,199895486317,0
9293,199895486317,0
9294,23724428925,5580
9295,199895486317,0
9296,199895486317,0
9297,199895486317,0
9298,21332531984,20
9299,61836819234,50
9300,199895486317,0
9301,4116667723,200
9302,44415637231,30
9303,44415637231,30
9304,104885914635,100
9305,199895486317,0
9306,204709073,500000
9307,12185516324,3350
9308,199895486317,0
9309,199895486317,0
9310,61836819234,50
9311,199895486317,0
9312,61836819234,50
9313,21332531984,20
9314,199895486317,0
9315,44415637231,30
9316,199895486317,0
9317,21332531984,20
9318,117440372739,60
9319,199895486317,0
9320,21332531984,20
9321,199895486317,0
9322,199895486317,0
9323,199895486317,0
9324,199895486317,0
9325,33518059034,9050
9326,44415637231,30
9327,61836819234,50
9328,5220980018,4120
9329,199895486317,0
9330,199895486317,0
9331,44415637231,30
9332,199895486317,0
9333,53449446575,40
9334,104885914635,100
9335,199895486317,0
9336,21332531984,20
9337,5164513348,300
9338,44415637231,30
9339,199895486317,0
9340,199895486317,0
9341,44415637231,30
9342,21332531984,20
9343,199895486317,0
9344,53449446575,40
9345,522059169783,90
9346,199895486317,0
9347,51185431770,180
9348,199895486317,0
9349,199895486317,0
9350,199895486317,0
9351,199895486317,0
9352,199895486317,0
9353,150201021039,70
9354,199895486317,0
9355,9363159852,250
9356,199895486317,0
9357,21332531984,20
9358,51185431770,180
9359,4116667723,200
9360,1320300919,1610
9361,44415637231,30
9362,129635302966,80
9363,10227064830,13700
9364,14151684670,220
9365,44415637231,30
9366,53449446575,40
9367,199895486317,0
9368,199895486317,0
9369,21332531984,20
9370,199895486317,0
9371,117440372739,60
9372,199895486317,0
9373,117440372739,60
9374,21332531984,20
9375,199895486317,0
9376,104885914635,100
9377,199895486317,0
9378,199895486317,0
9379,199895486317,0
9380,5164513348,300
9381,8894878,92730
9382,199895486317,0
9383,28239059547,6750
9384,44415637231,30
9385,4116667723,200
9386,21332531984,20
9387,199895486317,0
9388,199895486317,0
9389,199895486317,0
9390,61836819234,50
9391,21332531984,20
9392,199895486317,0
9393,199895486317,0
9394,61836819234,50
9395,44415637231,30
9396,199895486317,0
9397,21332531984,20
9398,21332531984,20
9399,199895486317,0
9400,199895486317,0
9401,199895486317,0
9402,53449446575,40
9403,53449446575,40
9404,61836819234,50
9405,199895486317,0
9406,21332531984,20
9407,21332531984,20
9408,21332531984,20
9409,199895486317,0
9410,1687690552,950
9411,199895486317,0
9412,199895486317,0
9413,117440372739,60
9414,9363159852,250
9415,199895486317,0
9416,117440372739,60
9417,199895486317,0
9418,199895486317,0
9419,199895486317,0
9420,407239802,200
9421,21332531984,20
9422,199895486317,0
9423,10521146065,15220
9424,199895486317,0
9425,199895486317,0
9426,1730207458,3420
9427,199895486317,0
9428,199895486317,0
9429,199895486317,0
9430,21332531984,20
9431,199895486317,0
9432,13113518271,6820
9433,199895486317,0
9434,5164513348,300
9435,53449446575,40
9436,2609039810,1580
9437,150201021039,70
9438,199895486317,0
9439,199895486317,0
9440,53449446575,40
9441,199895486317,0
9442,199895486317,0
9443,21332531984,20
9444,29176065526,1020
9445,13398804870,4130
9446,117440372739,60
9447,21332531984,20
9448,53449446575,40
9449,29798105201,10990
9450,199895486317,0
9451,21332531984,20
9452,199895486317,0
9453,199895486317,0
9454,129635302966,80
9455,129635302966,80
9456,199895486317,0
9457,21332531984,20
9458,21332531984,20
9459,3211544775,120
9460,199895486317,0
9461,199895486317,0
9462,199895486317,0
9463,150201021039,70
9464,4116667723,200
9465,117440372739,60
9466,61836819234,50
9467,199895486317,0
9468,199895486317,0
9469,199895486317,0
9470,3211544775,120
9471,150201021039,70
9472,21332531984,20
9473,588547895,720
9474,199895486317,0
9475,129635302966,80
9476,1452932096,980
9477,3970492257,2040
9478,199895486317,0
9479,53449446575,40
9480,21332531984,20
9481,16803552872,140
9482,21332531984,20
9483,4116667723,200
9484,104885914635,100
9485,3195985576,3320
9486,199895486317,0
9487,17998668670,400
9488,199895486317,0
9489,199895486317,0
9490,21332531984,20
9491,199895486317,0
9492,199895486317,0
9493,53449446575,40
9494,53449446575,40
9495,53449446575,40
9496,17999398528,11750
9497,199895486317,0
9498,19285673906,270
9499,129635302966,80
9500,199895486317,0
9501,4116667723,200
9502,53449446575,40
9503,199895486317,0
9504,53449446575,40
9505,199895486317,0
9506,11962122,71120
9507,25503034,63570
9508,53449446575,40
9509,5164513348,300
9510,53449446575,40
9511,6065456145,2950
9512,1376311914029,1450
9513,21332531984,20
9514,51185431770,180
9515,6178633302,6410
9516,21332531984,20
9517,21332531984,20
9518,199895486317,0
9519,199895486317,0
9520,21332531984,20
9521,199895486317,0
9522,25727830476,170
9523,21332531984,20
9524,414086011,680
9525,475401775,23430
9526,21332531984,20
9527,199895486317,0
9528,199895486317,0
9529,199895486317,0
9530,199895486317,0
9531,53449446575,40
9532,53449446575,40
9533,19285673906,270
9534,21332531984,20
9535,199895486317,0
9536,199895486317,0
9537,117440372739,60
9538,199895486317,0
9539,21332531984,20
9540,199895486317,0
9541,53449446575,40
9542,61836819234,50
9543,199895486317,0
9544,199895486317,0
9545,204709073,500000
9546,1890529848,18720
9547,199895486317,0
9548,21332531984,20
9549,9363159852,250
9550,150201021039,70
9551,4116667723,200
9552,199895486317,0
9553,199895486317,0
9554,61836819234,50
9555,199895486317,0
9556,44415637231,30
9557,199895486317,0
9558,61836819234,50
9559,12031765334,5630
9560,53449446575,40
9561,44415637231,30
9562,14151684670,220
9563,104885914635,100
9564,21332531984,20
9565,150201021039,70
9566,199895486317,0
9567,199895486317,0
9568,84274844789,330
9569,21332531984,20
9570,1328972307,430
9571,199895486317,0
9572,26570682894,5950
9573,5164513348,300
9574,199895486317,0
9575,21332531984,20
9576,21332531984,20
9577,44415637231,30
9578,199895486317,0
9579,199895486317,0
9580,5164513348,300
9581,199895486317,0
9582,104885914635,100
9583,44415637231,30
9584,199895486317,0
9585,199895486317,0
9586,199895486317,0
9587,53449446575,40
9588,2384409420,1740
9589,150201021039,70
9590,104885914635,100
9591,16803552872,140
9592,1214109369,80
9593,61836819234,50
9594,5164513348,300
9595,199895486317,0
9596,61836819234,50
9597,21332531984,20
9598,53449446575,40
9599,5164513348,300
9600,44415637231,30
9601,3211544775,120
9602,9363159852,250
9603,45836786246,1050
9604,199895486317,0
9605,61836819234,50
9606,199895486317,0
9607,199895486317,0
9608,53449446575,40
9609,16803552872,140
9610,53449446575,40
9611,150201021039,70
9612,199895486317,0
9613,199895486317,0
9614,53449446575,40
9615,199895486317,0
9616,37978462,71940
9617,199895486317,0
9618,5164513348,300
9619,21332531984,20
9620,25822550168,2000
9621,61836819234,50
9622,199895486317,0
9623,5164513348,300
9624,117440372739,60
9625,7311758687,6500
9626,53449446575,40
9627,199895486317,0
9628,5164513348,300
9629,199895486317,0
9630,21332531984,20
9631,199895486317,0
9632,21332531984,20
9633,199895486317,0
9634,199895486317,0
9635,3211544775,120
9636,199895486317,0
9637,53449446575,40
9638,199895486317,0
9639,53449446575,40
9640,61836819234,50
9641,61836819234,50
9642,199895486317,0
9643,4116667723,200
9644,21332531984,20
9645,21332531984,20
9646,199895486317,0
9647,1086159850,120
9648,61836819234,50
9649,2051518807,1120
9650,199895486317,0
9651,199895486317,0
9652,199895486317,0
9653,199895486317,0
9654,199895486317,0
9655,150201021039,70
9656,5164513348,300
9657,199895486317,0
9658,199895486317,0
9659,10196564455,1000
9660,199895486317,0
9661,1031068336,17760
9662,61836819234,50
9663,21332531984,20
9664,199895486317,0
9665,53449446575,40
9666,199895486317,0
9667,150201021039,70
9668,3211544775,120
9669,21332531984,20
9670,53449446575,40
9671,21332531984,20
9672,199895486317,0
9673,199895486317,0
9674,61836819234,50
9675,199895486317,0
9676,61836819234,50
9677,21332531984,20
9678,199895486317,0
9679,199895486317,0
9680,117440372739,60
9681,199895486317,0
9682,117440372739,60
9683,8156116112,3870
9684,199895486317,0
9685,5164513348,300
9686,199895486317,0
9687,199895486317,0
9688,199895486317,0
9689,21332531984,20
9690,61836819234,50
9691,61836819234,50
9692,199895486317,0
9693,21332531984,20
9694,199895486317,0
9695,199895486317,0
9696,199895486317,0
9697,29158154,32030
9698,5458174540,12260
9699,4116667723,200
9700,199895486317,0
9701,104885914635,100
9702,53449446575,40
9703,150201021039,70
9704,199895486317,0
9705,199895486317,0
9706,199895486317,0
9707,20212833,71190
9708,199895486317,0
9709,3211544775,120
9710,5164513348,300
9711,199895486317,0
9712,199895486317,0
9713,21332531984,20
9714,61836819234,50
9715,21332531984,20
9716,208213571326,210
9717,53449446575,40
9718,3340616288,2190
9719,104885914635,100
9720,129635302966,80
9721,53449446575,40
9722,117440372739,60
9723,199895486317,0
9724,199895486317,0
9725,3742598792,3470
9726,961638927,800
9727,843078366,900
9728,199895486317,0
9729,199895486317,0
9730,199895486317,0
9731,21332531984,20
9732,53449446575,40
9733,199895486317,0
9734,199895486317,0
9735,199895486317,0
9736,104885914635,100
9737,199895486317,0
9738,4777089670,5290
9739,199895486317,0
9740,522059169783,90
9741,104885914635,100
9742,199895486317,0
9743,199895486317,0
9744,199895486317,0
9745,199895486317,0
9746,199895486317,0
9747,199895486317,0
9748,199895486317,0
9749,199895486317,0
9750,61836819234,50
9751,2153619002,150
9752,8668509828,4390
9753,199895486317,0
9754,6909261513,4670
9755,21332531984,20
9756,25727830476,170
9757,5164513348,300
9758,676277226,13400
9759,199895486317,0
9760,199895486317,0
9761,21332531984,20
9762,199895486317,0
9763,104885914635,100
9764,1816520776,20730
9765,21332531984,20
9766,150201021039,70
9767,21332531984,20
9768,12223559387,340
9769,7992905228,2500
9770,204709073,500000
9771,53449446575,40
9772,44415637231,30
9773,61836819234,50
9774,117440372739,60
9775,199895486317,0
9776,199895486317,0
9777,199895486317,0
9778,129635302966,80
9779,199895486317,0
9780,371935106,740
9781,3211544775,120
9782,53449446575,40
9783,129635302966,80
9784,1388611024,1140
9785,21332531984,20
9786,29100578577,240
9787,53449446575,40
9788,889414425028,2500
9789,199895486317,0
9790,199895486317,0
9791,199895486317,0
9792,104885914635,100
9793,199895486317,0
9794,129635302966,80
9795,2153619002,150
9796,199895486317,0
9797,53449446575,40
9798,4116667723,200
9799,21332531984,20
9800,199895486317,0
9801,104885914635,100
9802,44415637231,30
9803,199895486317,0
9804,129635302966,80
9805,61836819234,50
9806,199895486317,0
9807,199895486317,0
9808,199895486317,0
9809,4116667723,200
9810,453006998,21640
9811,129635302966,80
9812,199895486317,0
9813,61836819234,50
9814,8745932,252260
9815,4116667723,200
9816,199895486317,0
9817,199895486317,0
9818,117440372739,60
9819,14151684670,220
9820,44415637231,30
9821,129635302966,80
9822,117440372739,60
9823,61836819234,50
9824,53449446575,40
9825,28420642948,12240
9826,199895486317,0
9827,4116667723,200
9828,104885914635,100
9829,199895486317,0
9830,199895486317,0
9831,104885914635,100
9832,104885914635,100
9833,199895486317,0
9834,199895486317,0
9835,32959691054,8310
9836,199895486317,0
9837,199895486317,0
9838,21332531984,20
9839,21332531984,20
9840,9363159852,250
9841,199895486317,0
9842,199895486317,0
9843,9363159852,250
9844,199895486317,0
9845,53449446575,40
9846,8019642,37400
9847,61836819234,50
9848,117440372739,60
9849,44415637231,30
9850,199895486317,0
9851,53449446575,40
9852,522059169783,90
9853,199895486317,0
9854,199895486317,0
9855,199895486317,0
9856,199895486317,0
9857,199895486317,0
9858,199895486317,0
9859,5164513348,300
9860,117440372739,60
9861,134220015,25920
9862,12823266959,3070
9863,199895486317,0
9864,17998668670,400
9865,199895486317,0
9866,199895486317,0
9867,199895486317,0
9868,21655402,70450
9869,1611356906,1370
9870,199895486317,0
9871,53449446575,40
9872,199895486317,0
9873,53449446575,40
9874,199895486317,0
9875,21332531984,20
9876,199895486317,0
9877,199895486317,0
9878,799426074,400
9879,199895486317,0
9880,21332531984,20
9881,117440372739,60
9882,21332531984,20
9883,24311385,101330
9884,199895486317,0
9885,199895486317,0
9886,199895486317,0
9887,199895486317,0
9888,117440372739,60
9889,117440372739,60
9890,199895486317,0
9891,117440372739,60
9892,199895486317,0
9893,199895486317,0
9894,199895486317,0
9895,11332476,59760
9896,199895486317,0
9897,199895486317,0
9898,117440372739,60
9899,21332531984,20
9900,14151684670,220
9901,199895486317,0
9902,129635302966,80
9903,199895486317,0
9904,5164513348,300
9905,53449446575,40
9906,53449446575,40
9907,199895486317,0
9908,10196564455,1000
9909,117440372739,60
9910,53449446575,40
9911,199895486317,0
9912,199895486317,0
9913,104885914635,100
9914,199895486317,0
9915,44415637231,30
9916,44415637231,30
9917,104885914635,100
9918,199895486317,0
9919,1533111231,1100
9920,199895486317,0
9921,199895486317,0
9922,199895486317,0
9923,199895486317,0
9924,18720619299,500
9925,199895486317,0
9926,6920568822,1900
9927,199895486317,0
9928,199895486317,0
9929,199895486317,0
9930,199895486317,0
9931,199895486317,0
9932,5164513348,300
9933,5164513348,300
9934,117440372739,60
9935,5164513348,300
9936,199895486317,0
9937,53449446575,40
9938,199895486317,0
9939,44415637231,30
9940,44415637231,30
9941,53449446575,40
9942,199895486317,0
9943,104885914635,100
9944,21332531984,20
9945,53449446575,40
9946,199895486317,0
9947,199895486317,0
9948,44415637231,30
9949,199895486317,0
9950,199895486317,0
9951,53449446575,40
9952,53449446575,40
9953,53449446575,40
9954,199895486317,0
9955,199895486317,0
9956,18720619299,500
9957,5164513348,300
9958,199895486317,0
9959,199895486317,0
9960,199895486317,0
9961,104885914635,100
9962,199895486317,0
9963,199895486317,0
9964,53449446575,40
9965,199895486317,0
9966,21332531984,20
9967,53449446575,40
9968,16994737312,12930
9969,44415637231,30
9970,199895486317,0
9971,2119627214,1780
9972,21332531984,20
9973,199895486317,0
9974,199895486317,0
9975,53449446575,40
9976,21738002148,110
9977,78800927675,160
9978,61836819234,50
9979,199895486317,0
9980,61836819234,50
9981,53449446575,40
9982,117440372739,60
9983,199895486317,0
9984,53449446575,40
9985,21332531984,20
9986,61836819234,50
9987,199895486317,0
9988,199895486317,0
9989,150201021039,70
9990,199895486317,0
9991,104885914635,100
9992,14151684670,220
9993,199895486317,0
9994,199895486317,0
9995,199895486317,0
9996,199895486317,0
9997,199895486317,0
9998,5164513348,300
9999,199895486317,0
