0,62013573775,8410
1,52214596393,10020
2,80770823658,440
3,201156783592,2850
4,84252583580,700
5,58890270416,280
6,36267392414,2280
7,125260708371,1450
8,102833243252,2620
9,120476431461,990
10,82839366775,170
11,71572254688,200
12,117344653319,4800
13,162774389031,11860
14,62302014435,2710
15,63901744369,9700
16,181644364579,1950
17,71572254688,200
18,70384229837,1250
19,80858363229,3570
20,82856993876,6640
21,52388407628,9660
22,49863135579,360
23,3122753214,47380
24,143424719316,3880
25,191161397907,29890
26,178135035146,3640
27,34897395316,160
28,43302018275,100
29,16296896986,5070
30,334194683668,12720
31,76776947223,480
32,113525610866,8370
33,58178546254,110
34,93697602462,3000
35,58890270416,280
36,229206780127,1870
37,174690943564,1980
38,131766787518,4020
39,22895366458,5110
40,49863135579,360
41,58816675549,2070
42,378765718554,16660
43,131824150622,1160
44,103589066421,710
45,38142273217,3010
46,103589066421,710
47,137695559583,18370
48,266308080805,4620
49,43439102506,510
50,135349753587,790
51,111215762140,1010
52,25596876568,5660
53,7318557990,45310
54,62302014435,2710
55,101198954808,11720
56,227727692647,940
57,6506557982,4950
58,45425720151,1300
59,131113847270,390
60,67737160904,350
61,34145415688,5060
62,575967461022,20000
63,57403176979,550
64,76776947223,480
65,94727488090,820
66,172591161698,1350
67,32076400274,490
68,104378837642,2030
69,162586616193,1540
70,30812375782,240
71,61453934039,2340
72,179500055686,2750
73,131655069183,3650
74,37822601018,6130
75,27692870168,150
76,106142514829,1500
77,57973326518,7500
78,133775738410,8420
79,123379712582,1990
80,50451623609,270
81,144656503752,1230
82,101885162982,830
83,182159903025,2390
84,25596876568,5660
85,303072730942,11340
86,80392225592,20010
87,99377160657,1020
88,57403176979,550
89,80059777386,740
90,361251663187,16530
91,180330948142,1120
92,77661456540,10730
93,109313562938,1380
94,97224371604,2820
95,62207794618,40740
96,101726564157,610
97,49863135579,360
98,88020370137,530
99,80269688485,11210
100,281060567100,25330
101,283609643663,28170
102,84779091176,810
103,4512942057,48300
104,26500472506,7150
105,94727488090,820
106,91909307877,1290
107,1014419498,55740
108,95853027517,14180
109,475102707,95440
110,101329016040,4060
111,118418839284,50
112,370336961691,23930
113,122415197193,12280
114,101329016040,4060
115,129698711078,15610
116,61725941944,60
117,27208814815,6520
118,101290076379,3210
119,2548999009,48840
120,212157818197,3590
121,1975262994,500000
122,287947787978,1780
123,233827663232,13860
124,40624617520,8470
125,139063625464,4640
126,4989145611,46540
127,33829669173,6280
128,154593299762,35650
129,65163237561,140
130,49129027283,90
131,56579415820,8730
132,476727785676,25820
133,3591505185,45790
134,65334573095,10880
135,223989555624,1310
136,49129027283,90
137,80320998736,16220
138,101369152900,1000
139,84608950633,1150
140,105539689951,210
141,1182275451,59560
142,228892226035,1570
143,116274286700,3150
144,194732885469,15560
145,106296903207,310
146,68924808345,2400
147,143540379519,8270
148,78948063325,750
149,124271447533,3940
150,91558294070,8680
151,113525610866,8370
152,132346749300,38350
153,177677256234,21270
154,119371344394,2740
155,65320171858,2840
156,71572254688,200
157,385293839703,16570
158,40850300611,590
159,221798088479,4190
160,28514346275,2600
161,76469790341,850
162,12286166274,45320
163,64993513360,800
164,155696682352,3550
165,123526950266,3540
166,128453738208,3530
167,233175820769,1640
168,166858262160,4280
169,911011081,68860
170,231197845378,4430
171,100284279990,7350
172,419231878602,21570
173,50205229496,8000
174,43933893144,190
175,63739873644,2200
176,36267392414,2280
177,262535992150,3990
178,49758437040,660
179,113545832815,9040
180,120476431461,990
181,137394427537,2150
182,180330948142,1120
183,168161735445,11590
184,6186958534,4990
185,104780264134,2590
186,75741317424,3560
187,238418766511,1390
188,239824043077,1970
189,281060567100,25330
190,25305174319,5990
191,227727692647,940
192,340755610928,13090
193,178443406618,20980
194,71572254688,200
195,62421603863,2550
196,162586616193,1540
197,231197845378,4430
198,80269688485,11210
199,86180982971,420
200,34897395316,160
201,85124393983,4070
202,192091558371,4340
203,50451623609,270
204,31826517683,720
205,258642936048,3520
206,672197233,75490
207,156116867654,7520
208,41955067990,320
209,60048258216,6770
210,141153086232,1260
211,333089739912,17140
212,898596032,109530
213,105539689951,210
214,47281983995,640
215,152986695780,910
216,51031481674,6180
217,135590149921,1890
218,92043425449,9210
219,88413942001,2510
220,345237577442,4160
221,84911739839,1400
222,27692870168,150
223,86978178616,1340
224,135991314182,20640
225,205856361607,9770
226,341226036865,7530
227,109313562938,1380
228,120476431461,990
229,112685745512,1750
230,56372415338,3240
231,38372501717,5920
232,50990217048,1240
233,27692870168,150
234,46330372278,6260
235,282290464653,16470
236,55767366440,340
237,392420983744,1830
238,55767366440,340
239,460836664182,27110
240,132569566119,14470
241,90509717926,37190
242,87766938435,3780
243,35494189856,9190
244,89151303367,19200
245,266771445660,23090
246,241239847562,3790
247,80019714012,1190
248,74144400044,1460
249,80269688485,11210
250,152510402390,27610
251,780398204,100190
252,81139498985,900
253,147806837757,30860
254,98639184346,1360
255,56223813455,120
256,46658356612,860
257,258450757954,4180
258,53659114336,6230
259,13622604137,41550
260,88722338813,3090
261,42126771892,2270
262,80019714012,1190
263,33793016340,290
264,366469645961,4650
265,334489413003,19080
266,72983359245,2180
267,41554485205,2660
268,196383699745,13380
269,226520592845,1530
270,29777124897,10150
271,596548082,68040
272,32108193280,300
273,21018998355,4980
274,43439102506,510
275,157396938442,8140
276,57008622877,410
277,1085515537,74640
278,820022367,76830
279,32076400274,490
280,76469790341,850
281,96967453903,1370
282,56037529813,1030
283,20495524118,5080
284,67737160904,350
285,228514726237,3330
286,68929957778,260
287,515733179304,29500
288,164363345478,890
289,76776947223,480
290,653026297,100710
291,11841633011,42300
292,33779249347,7660
293,94727488090,820
294,121937415567,1220
295,30110850142,5520
296,97743244932,4700
297,104506677025,2100
298,120982208196,690
299,44411649178,6400
300,46658356612,860
301,641928383,86580
302,80021522014,500
303,125860219894,8950
304,76167391859,9270
305,225058113521,19000
306,101361612453,1280
307,61101547937,920
308,51471762774,11360
309,101275228650,380
310,28236807290,5510
311,229206780127,1870
312,103276979962,11970
313,101361612453,1280
314,61101547937,920
315,49758437040,660
316,729166988,356250
317,45939911069,220
318,167104865360,1790
319,224240547478,1590
320,150794435219,3700
321,195015540362,3920
322,71572254688,200
323,112751538289,13250
324,84252583580,700
325,91909307877,1290
326,40850300611,590
327,151254074807,1060
328,78067269993,2580
329,4808236957,4880
330,992111515,48670
331,372940461796,8880
332,40516074364,370
333,147412241895,8930
334,81055792434,40
335,537508148036,25680
336,33793016340,290
337,47281983995,640
338,43724517146,730
339,77172195068,2540
340,45098367904,570
341,43302018275,100
342,366469645961,4650
343,50451623609,270
344,99422780938,3720
345,97665111054,8360
346,118418839284,50
347,120982208196,690
348,245427414755,20420
349,230397823635,28870
350,88722338813,3090
351,5418906850,4840
352,80105756651,1760
353,117367881365,3730
354,55550010176,35680
355,415101964551,3670
356,282615939486,1880
357,191312582704,1180
358,82642971223,1130
359,147173278807,24030
360,93588030834,1850
361,55366832003,1700
362,1248920320,55650
363,65245340487,2880
364,196282603603,14290
365,38258660427,13570
366,316089817330,4490
367,1975262994,500000
368,238418766511,1390
369,112339940378,30
370,149207378567,1070
371,122066618459,1740
372,333445545208,4030
373,82612794109,2990
374,101994356262,2230
375,154370041039,35390
376,73070116809,3470
377,68628186945,9000
378,330266969714,27650
379,40061083011,6250
380,71998367586,7390
381,86180982971,420
382,87766938435,3780
383,89987558558,8260
384,94493753555,1410
385,98639184346,1360
386,151001162246,2770
387,55366832003,1700
388,92100406900,12060
389,70399641350,7310
390,62014001900,7490
391,354666194948,14200
392,80305972008,7540
393,251893132191,30130
394,274265147141,20280
395,52166381291,10990
396,52570165285,3200
397,56037529813,1030
398,77749403486,70
399,153540760460,780
400,114588076953,4000
401,91398627431,2140
402,36545224181,330
403,71920865826,10600
404,59204368415,430
405,79995350652,2410
406,145845295998,7420
407,124271447533,3940
408,21038498155,6670
409,137695559583,18370
410,266101104994,11850
411,208679508709,2490
412,60821987225,450
413,333445545208,4030
414,38161270780,2800
415,35779916790,2420
416,75809865245,35790
417,40087061717,5630
418,36267392414,2280
419,70687156451,3310
420,64993513360,800
421,62302014435,2710
422,84252583580,700
423,164363345478,890
424,45939911069,220
425,32108193280,300
426,391935912275,26380
427,63674638577,7330
428,94685363016,7780
429,495073188366,25180
430,195015540362,3920
431,105172482088,8320
432,38546372626,13350
433,174690943564,1980
434,131113847270,390
435,145155845440,4290
436,94727488090,820
437,74144400044,1460
438,109939514770,1710
439,42204794671,2050
440,45098367904,570
441,47118323268,620
442,271809758290,4630
443,129711314691,1470
444,26140023194,11480
445,205037069558,3480
446,76700575459,15850
447,223989555624,1310
448,110232545646,12210
449,126534011785,2980
450,304696172603,10790
451,63901744369,9700
452,45939911069,220
453,38161270780,2800
454,178135035146,3640
455,227727692647,940
456,78381450326,4230
457,72983359245,2180
458,614813045514,30670
459,45120559035,470
460,90647349217,4200
461,93697602462,3000
462,120476431461,990
463,193231102389,9760
464,23160368456,6690
465,46658356612,860
466,62227548864,3960
467,276736276458,4480
468,33793016340,290
469,27465739697,5240
470,43916963218,11100
471,37333374095,40630
472,93783243686,760
473,78707887657,8430
474,888302094,79460
475,59541260882,2060
476,101275228650,380
477,519073439794,18580
478,177297274146,27060
479,50990217048,1240
480,869605184,63320
481,40061083011,6250
482,21748102406,5490
483,77749403486,70
484,80019714012,1190
485,113545832815,9040
486,68941641310,8660
487,31826517683,720
488,96939994391,9460
489,7888145016,45520
490,236953526307,23470
491,148910116287,27080
492,456366845,67250
493,60099935059,1200
494,133643175160,8700
495,272875912537,21610
496,150192835139,4370
497,78692978610,970
498,75294730912,1620
499,223989555624,1310
500,129698711078,15610
501,46486513308,5290
502,44837788399,10190
503,285385900882,12530
504,5331103118,47270
505,230882269077,19450
506,47118323268,620
507,43933893144,190
508,82856993876,6640
509,80021522014,500
510,380396397300,34200
511,79243000809,2520
512,17416885504,5210
513,381106464559,13240
514,252836184487,4400
515,122158310755,3160
516,151861797967,18000
517,362377852497,30920
518,100028100898,930
519,45425720151,1300
520,86618926731,13870
521,43302018275,100
522,48663318307,12740
523,98981538231,2920
524,70066559000,460
525,66395450977,1840
526,126412264124,3490
527,117367881365,3730
528,78192015537,180
529,47047242349,8090
530,74788927990,2110
531,50451623609,270
532,70545513912,3120
533,380685557442,27300
534,59541260882,2060
535,109313562938,1380
536,519212815078,25520
537,52431716949,20
538,81055792434,40
539,99451906043,2040
540,344511755830,4500
541,124686738265,1660
542,45098367904,570
543,101726564157,610
544,65163237561,140
545,112685745512,1750
546,36545224181,330
547,218872495276,3900
548,41554485205,2660
549,61532955650,11350
550,100028100898,930
551,178051754562,840
552,67934457459,540
553,22895366458,5110
554,93588030834,1850
555,33720088843,6020
556,153540760460,780
557,55815878864,5850
558,65163237561,140
559,244534452028,24700
560,27465739697,5240
561,80795531424,9420
562,10756893633,5300
563,744249622,66280
564,368122922634,13220
565,774681739,63960
566,41955067990,320
567,34245309499,12340
568,92050091720,400
569,94493753555,1410
570,82839366775,170
571,106322342137,2720
572,75017512010,15620
573,173986076437,4600
574,80059777386,740
575,531924719,82400
576,99377160657,1020
577,84911739839,1400
578,1029546277,55390
579,124618142108,3050
580,84198922825,13400
581,81055792434,40
582,90779940077,600
583,41042771838,1040
584,120982208196,690
585,124271447533,3940
586,914941097,80610
587,137367530190,3770
588,91398627431,2140
589,587196280706,31210
590,150903458658,4350
591,1975262994,500000
592,64666929483,8500
593,98639184346,1360
594,69042332603,3400
595,104708153949,1080
596,23160368456,6690
597,113493345627,10700
598,256411325907,29300
599,159893026920,8070
600,58480373169,6900
601,125860219894,8950
602,50451623609,270
603,63451338348,3280
604,1002315658,54560
605,90647349217,4200
606,122525513730,5620
607,58178546254,110
608,485564707999,26270
609,56037529813,1030
610,102833243252,2620
611,80688898385,2190
612,404374817032,19220
613,121872840177,1320
614,170043687108,1600
615,57403176979,550
616,170820761152,1270
617,191982732155,4680
618,41793374223,3420
619,133662122763,1090
620,200858741764,2910
621,66395450977,1840
622,105539689951,210
623,102833243252,2620
624,40061083011,6250
625,152742817839,1140
626,45425720151,1300
627,45120559035,470
628,59541260882,2060
629,106322342137,2720
630,258642936048,3520
631,84198922825,13400
632,37686582514,5800
633,178135035146,3640
634,25253434846,80
635,127400659985,1560
636,42204794671,2050
637,97665111054,8360
638,167104865360,1790
639,70384229837,1250
640,34897395316,160
641,104780264134,2590
642,202768795529,1820
643,47118323268,620
644,15362821931,5140
645,82256313594,1900
646,40237694526,2500
647,577504946,78230
648,52663608216,7680
649,37541970710,6750
650,55366832003,1700
651,127400659985,1560
652,241911685481,18780
653,61101547937,920
654,141153086232,1260
655,223989555624,1310
656,242292457524,1690
657,55366832003,1700
658,143504829937,19540
659,91398627431,2140
660,55767366440,340
661,105539689951,210
662,59204368415,430
663,41923219628,12830
664,104862428802,560
665,32108193280,300
666,42204794671,2050
667,58281683024,2690
668,508656431808,22520
669,27692870168,150
670,224310406795,1940
671,106296903207,310
672,41955067990,320
673,154724189187,13670
674,43724517146,730
675,121820400642,9620
676,93588030834,1850
677,256551427598,32400
678,152742817839,1140
679,86180982971,420
680,90010946176,580
681,132682966296,7480
682,96668564087,2650
683,34245309499,12340
684,83898868552,13160
685,59635222634,6380
686,46658356612,860
687,58480373169,6900
688,153540760460,780
689,45939911069,220
690,33779249347,7660
691,1975262994,500000
692,106296903207,310
693,3209037111,4830
694,192113027593,13590
695,84472614681,1170
696,68924808345,2400
697,32108193280,300
698,66789323270,1720
699,174690943564,1980
700,43439102506,510
701,205905491357,4590
702,27692870168,150
703,479025022,71030
704,369607020429,1860
705,49129027283,90
706,60821987225,450
707,112685745512,1750
708,58890270416,280
709,82839366775,170
710,90779940077,600
711,101361612453,1280
712,99377160657,1020
713,170830622408,27760
714,49758437040,660
715,27692870168,150
716,42433732203,2130
717,93588030834,1850
718,69042332603,3400
719,59496654138,2290
720,173946973349,34040
721,67934457459,540
722,93588030834,1850
723,228673287054,4410
724,124821083928,4760
725,77749403486,70
726,241239847562,3790
727,78948063325,750
728,91909307877,1290
729,271510842228,130
730,143986019833,2450
731,94241764796,2810
732,48663318307,12740
733,71572254688,200
734,67737160904,350
735,149493836232,2080
736,59226881337,870
737,94707134146,2380
738,202768795529,1820
739,156188990517,17920
740,691028747,423530
741,153744453666,4100
742,131824150622,1160
743,285880002791,30810
744,118418839284,50
745,43724517146,730
746,60821987225,450
747,132008669929,1420
748,99377160657,1020
749,179432988679,1680
750,121464272029,11010
751,84252583580,700
752,42173609553,11120
753,121937415567,1220
754,78192015537,180
755,92050091720,400
756,103589066421,710
757,107936557388,680
758,172383712018,37200
759,124271447533,3940
760,127400659985,1560
761,84472614681,1170
762,70066559000,460
763,137394427537,2150
764,56037529813,1030
765,987137085,64840
766,101290076379,3210
767,1975262994,500000
768,135687597391,4050
769,69042332603,3400
770,52570165285,3200
771,101714752894,1440
772,76776947223,480
773,76469790341,850
774,80688898385,2190
775,90779940077,600
776,253423411581,24740
777,260799438261,9940
778,865263625,100400
779,27692870168,150
780,82256313594,1900
781,191982732155,4680
782,1795685887,50250
783,36856334895,11390
784,86180982971,420
785,178051754562,840
786,490814560144,25460
787,178805391189,1650
788,86180982971,420
789,34095331492,5340
790,201156783592,2850
791,137394427537,2150
792,115462754291,9320
793,30812375782,240
794,64412539941,10780
795,63451338348,3280
796,30431174812,7750
797,191312582704,1180
798,1975262994,500000
799,66082337379,250
800,64125172050,7410
801,178051754562,840
802,32108193280,300
803,120476431461,990
804,62227548864,3960
805,131655069183,3650
806,37562582908,6530
807,78067269993,2580
808,124271447533,3940
809,60496631352,880
810,42204794671,2050
811,216632156364,9850
812,66948224940,10180
813,67674258094,3140
814,94241764796,2810
815,49863135579,360
816,55438438977,7280
817,41042771838,1040
818,196424010414,14080
819,65163237561,140
820,61725941944,60
821,189214783205,14610
822,87548860167,520
823,88020370137,530
824,59204368415,430
825,18740281745,7400
826,91224616445,12160
827,118789231893,23080
828,52388407628,9660
829,226520592845,1530
830,65163237561,140
831,262667263053,32280
832,2948595252,4860
833,89618290693,8560
834,59226881337,870
835,52431716949,20
836,56223813455,120
837,93588030834,1850
838,106899816185,1050
839,284420946270,34580
840,115405837134,9060
841,131766787518,4020
842,71334957072,3660
843,131655069183,3650
844,53577766147,8540
845,601358006,196670
846,126486814426,8150
847,148952473647,12020
848,202638066814,1580
849,4808236957,4880
850,31997364361,6440
851,55256179801,6810
852,20251836273,6720
853,183787441844,1670
854,45939911069,220
855,18561430017,5180
856,27560964378,6270
857,57008622877,410
858,87678326759,4580
859,46486513308,5290
860,149993403059,6800
861,55256179801,6810
862,81055792434,40
863,50698156620,6010
864,70066559000,460
865,44617558815,7240
866,42994828387,39910
867,80059777386,740
868,61101547937,920
869,49758437040,660
870,101369152900,1000
871,60496631352,880
872,33793016340,290
873,103589066421,710
874,81633701432,3260
875,135082063733,7470
876,59541260882,2060
877,129711314691,1470
878,45425720151,1300
879,248027794273,24570
880,58281683024,2690
881,181644364579,1950
882,324244629581,3510
883,32913152210,6370
884,363538806882,13100
885,49863135579,360
886,59204368415,430
887,49753601913,40500
888,67934457459,540
889,120920027767,17560
890,201500651433,4110
891,55506584156,9610
892,60821987225,450
893,121720223652,2220
894,25253434846,80
895,124534791685,1490
896,5323028053,4870
897,43437017857,6340
898,80059777386,740
899,178805391189,1650
900,92050091720,400
901,827733098,74630
902,78468836556,11080
903,148201167209,4560
904,124686738265,1660
905,78192015537,180
906,40186862557,7080
907,778342787,74200
908,102833243252,2620
909,12884573908,4890
910,84493526570,8350
911,105172482088,8320
912,42126771892,2270
913,92050091720,400
914,90779940077,600
915,191982732155,4680
916,43686305551,5880
917,376544888218,20920
918,34415010131,5870
919,173828623959,21060
920,211626202577,18290
921,43302018275,100
922,9522628999,4910
923,50451623609,270
924,201156783592,2850
925,51660600956,6730
926,41955067990,320
927,945162311,86220
928,104708153949,1080
929,425588464,113880
930,99600299706,36140
931,592627393,85640
932,57008622877,410
933,41554485205,2660
934,1015471269,51270
935,179047377523,1520
936,120476431461,990
937,14518655627,5040
938,103217171896,2560
939,121720223652,2220
940,130624045428,13880
941,65781117310,650
942,106142514829,1500
943,102090220086,1100
944,554745911,91590
945,215681723785,17230
946,112600450750,3610
947,30583398092,5580
948,545000049367,20150
949,89132432651,3680
950,20705653347,43250
951,67737160904,350
952,125260708371,1450
953,562344202,82580
954,65522913644,3980
955,45517893441,5840
956,186260709471,16820
957,84252583580,700
958,74144400044,1460
959,92100406900,12060
960,202768795529,1820
961,132885330450,9740
962,129678999068,7450
963,208679508709,2490
964,153540760460,780
965,101726564157,610
966,87766938435,3780
967,43933893144,190
968,162737542672,14170
969,139063625464,4640
970,157607650966,21760
971,124683617883,9570
972,93047133585,3190
973,69047031501,6940
974,76441529591,2170
975,120765947488,10890
976,415095007361,17210
977,124686738265,1660
978,81055792434,40
979,70384229837,1250
980,305921630537,1330
981,451949794989,4090
982,34505331982,41900
983,157337050915,9290
984,64890073194,2020
985,42433732203,2130
986,215270420349,3290
987,143424719316,3880
988,156235749232,3440
989,569838038,99350
990,158978114121,4380
991,313256110030,3270
992,49758437040,660
993,73907223708,15220
994,117367881365,3730
995,178184420633,2350
996,475312181556,28730
997,180440230927,10560
998,44617558815,7240
999,205037069558,3480
1000,33793016340,290
1001,242128856846,1610
1002,86524639298,16500
1003,22188796969,5470
1004,55767366440,340
1005,121720223652,2220
1006,369999005854,13110
1007,112339940378,30
1008,405639057150,14790
1009,7737130234,42270
1010,90647349217,4200
1011,426658189893,27550
1012,116198145860,9350
1013,369162015873,8230
1014,23956868085,6000
1015,52570165285,3200
1016,90848858659,2000
1017,153540760460,780
1018,75294730912,1620
1019,33793016340,290
1020,112751538289,13250
1021,150794435219,3700
1022,37502207624,8100
1023,75701310562,13270
1024,596270858,260220
1025,84779091176,810
1026,36647658419,6740
1027,395221608962,23590
1028,62710349910,2440
1029,74144400044,1460
1030,116198145860,9350
1031,38142273217,3010
1032,51272547066,5760
1033,30431174812,7750
1034,30431174812,7750
1035,32076400274,490
1036,99451906043,2040
1037,15397241800,5790
1038,404239455047,20860
1039,47281983995,640
1040,197438218185,26200
1041,202638066814,1580
1042,182051976771,20180
1043,184771619429,25940
1044,251995681300,1430
1045,179675439435,4320
1046,40516074364,370
1047,70066559000,460
1048,31145229417,42590
1049,34897395316,160
1050,44593454671,2310
1051,74390727076,10200
1052,51272547066,5760
1053,141153086232,1260
1054,7494105892,45780
1055,90848858659,2000
1056,66067884659,7010
1057,131645711879,3300
1058,80770823658,440
1059,10413993152,43910
1060,128711367160,4120
1061,90010946176,580
1062,1975262994,500000
1063,104862428802,560
1064,17201365042,5540
1065,78692978610,970
1066,192885571993,36250
1067,65163237561,140
1068,124271447533,3940
1069,529350283737,20050
1070,452523025,76820
1071,389317635921,15370
1072,85124393983,4070
1073,47391912032,630
1074,34897395316,160
1075,14518655627,5040
1076,121872840177,1320
1077,118197247984,13080
1078,273295045950,21300
1079,108700485294,7740
1080,50990217048,1240
1081,153540760460,780
1082,22895366458,5110
1083,30583398092,5580
1084,136966839363,4730
1085,179432988679,1680
1086,222283431516,31190
1087,82839366775,170
1088,69360535218,8200
1089,77537537307,4300
1090,60099935059,1200
1091,410427909,111870
1092,103589066421,710
1093,131662964930,1960
1094,55767366440,340
1095,101275228650,380
1096,61453934039,2340
1097,50451623609,270
1098,101369152900,1000
1099,30110850142,5520
1100,119394902582,8970
1101,126412264124,3490
1102,60821987225,450
1103,94685363016,7780
1104,112723834382,3320
1105,172901447040,1770
1106,84608950633,1150
1107,82612794109,2990
1108,80019714012,1190
1109,81478380126,11830
1110,123375792196,3500
1111,209761746861,16300
1112,47281983995,640
1113,102837569123,26900
1114,56037529813,1030
1115,31473004305,6540
1116,118418839284,50
1117,79243000809,2520
1118,65781117310,650
1119,69244101927,16370
1120,52214596393,10020
1121,81139498985,900
1122,118418839284,50
1123,56372415338,3240
1124,34320049839,6650
1125,804581190,135860
1126,65245340487,2880
1127,14435041218,45360
1128,54269532908,5980
1129,164363345478,890
1130,20251836273,6720
1131,88722338813,3090
1132,112685745512,1750
1133,47281983995,640
1134,55767366440,340
1135,210007075326,4260
1136,6421976007,4940
1137,124618142108,3050
1138,263156869561,17180
1139,1975262994,500000
1140,174690943564,1980
1141,100028100898,930
1142,32108193280,300
1143,61101547937,920
1144,271809758290,4630
1145,945124072,74190
1146,141153086232,1260
1147,43352128736,6550
1148,77749403486,70
1149,164363345478,890
1150,60496631352,880
1151,90779940077,600
1152,105539689951,210
1153,49863135579,360
1154,45098367904,570
1155,48663318307,12740
1156,98918725019,6510
1157,316545120802,29270
1158,60821987225,450
1159,43933893144,190
1160,933778347,69240
1161,103785924505,17440
1162,56513317946,10340
1163,70066559000,460
1164,1017230930,82700
1165,259124903098,19130
1166,472478928150,26050
1167,25253434846,80
1168,45425720151,1300
1169,52431716949,20
1170,341113438421,9410
1171,113226429143,23860
1172,74788927990,2110
1173,66395450977,1840
1174,42433732203,2130
1175,246446982302,26290
1176,120556540467,2870
1177,89286849566,7840
1178,202638066814,1580
1179,90010946176,580
1180,167279041480,12310
1181,65730522904,10490
1182,93588030834,1850
1183,43439102506,510
1184,274573692769,4690
1185,92738040544,17750
1186,57008622877,410
1187,214627096763,11300
1188,95346828339,2610
1189,77548775779,3800
1190,31478140420,5320
1191,63833437406,2370
1192,375789213248,29320
1193,56037529813,1030
1194,170043687108,1600
1195,173368628763,13940
1196,33720023260,5730
1197,70589778267,9900
1198,75294730912,1620
1199,41793374223,3420
1200,36545224181,330
1201,155373049042,3430
1202,367443038137,12550
1203,110464862700,960
1204,167104865360,1790
1205,240194560909,14160
1206,33829669173,6280
1207,35779916790,2420
1208,86524639298,16500
1209,31826517683,720
1210,202638066814,1580
1211,34897395316,160
1212,66789323270,1720
1213,300231180326,33620
1214,45098367904,570
1215,664505646,220680
1216,680083528,64620
1217,30812375782,240
1218,101885162982,830
1219,87766938435,3780
1220,101726564157,610
1221,227727692647,940
1222,42126771892,2270
1223,224310406795,1940
1224,10826348650,6150
1225,287947787978,1780
1226,44040789417,10370
1227,78192015537,180
1228,102090220086,1100
1229,31826517683,720
1230,87678326759,4580
1231,58178546254,110
1232,67737160904,350
1233,121937415567,1220
1234,451557208076,33300
1235,202768795529,1820
1236,104862428802,560
1237,191312582704,1180
1238,305309219668,22420
1239,341184925517,4250
1240,107936557388,680
1241,36545224181,330
1242,1975262994,500000
1243,67934457459,540
1244,109313562938,1380
1245,233175820769,1640
1246,153355585530,3340
1247,36856334895,11390
1248,104862428802,560
1249,59204368415,430
1250,725396322,73620
1251,120768761351,1510
1252,112860170346,15830
1253,1902608449,51600
1254,109939514770,1710
1255,101275228650,380
1256,306094255917,10800
1257,195860493532,8050
1258,92050091720,400
1259,59777924621,670
1260,118418839284,50
1261,68929957778,260
1262,95277379545,5370
1263,114395401594,17380
1264,40624617520,8470
1265,313723099961,20470
1266,70545513912,3120
1267,34897395316,160
1268,80019714012,1190
1269,40624617520,8470
1270,46658356612,860
1271,97224371604,2820
1272,126412264124,3490
1273,77749403486,70
1274,303320249629,16440
1275,106216221633,2640
1276,56579415820,8730
1277,60821987225,450
1278,155613479721,16910
1279,215946571581,36160
1280,57008622877,410
1281,61725941944,60
1282,227254890154,10710
1283,150794435219,3700
1284,95346828339,2610
1285,12797224220,5120
1286,195015540362,3920
1287,352529688344,14130
1288,46132598759,6930
1289,528310335365,19660
1290,622802616,247320
1291,90779940077,600
1292,84608950633,1150
1293,701874343,336770
1294,112685745512,1750
1295,300740118547,14320
1296,122936872239,2240
1297,32108193280,300
1298,1975262994,500000
1299,42204794671,2050
1300,59541260882,2060
1301,18022450266,5460
1302,26140023194,11480
1303,124990514704,9590
1304,72806873060,980
1305,80392225592,20010
1306,139028546394,16560
1307,41042771838,1040
1308,92050091720,400
1309,72806873060,980
1310,43302018275,100
1311,16168239598,39990
1312,84472614681,1170
1313,33636922998,10320
1314,104862428802,560
1315,18561430017,5180
1316,49863135579,360
1317,104862428802,560
1318,174740145547,16080
1319,163009793070,2760
1320,155373049042,3430
1321,88066429072,12100
1322,18022450266,5460
1323,64993513360,800
1324,122158310755,3160
1325,228514726237,3330
1326,120982208196,690
1327,61101547937,920
1328,55767366440,340
1329,260722196694,20260
1330,74244937398,2460
1331,122066618459,1740
1332,22400649477,6320
1333,24911301446,7120
1334,31993437394,7580
1335,66395450977,1840
1336,77749403486,70
1337,287700147534,32770
1338,594915419818,24470
1339,170820761152,1270
1340,59017500672,6200
1341,65320171858,2840
1342,189488227900,26320
1343,151254074807,1060
1344,50451623609,270
1345,81478445793,3130
1346,59496654138,2290
1347,40890665925,13430
1348,80770823658,440
1349,33793016340,290
1350,395051521358,21980
1351,43458728118,5390
1352,56223813455,120
1353,81139498985,900
1354,101361612453,1280
1355,1266667451,49400
1356,693281029,57580
1357,396362019996,28910
1358,62131654487,2480
1359,366012467438,12710
1360,15362821931,5140
1361,14518655627,5040
1362,84472614681,1170
1363,148156301364,1630
1364,13492504742,40690
1365,101275228650,380
1366,104862428802,560
1367,65245340487,2880
1368,543425926841,22400
1369,190950024917,29510
1370,69946297306,7760
1371,273772369048,24620
1372,59226881337,870
1373,109313562938,1380
1374,114588076953,4000
1375,74240722583,7260
1376,42685417379,2360
1377,1975262994,500000
1378,49129027283,90
1379,193818529453,8630
1380,45120559035,470
1381,173986076437,4600
1382,94493753555,1410
1383,177258316317,17080
1384,75741317424,3560
1385,56018896642,7370
1386,49816641833,3020
1387,23160368456,6690
1388,60099935059,1200
1389,125260708371,1450
1390,49782071365,7360
1391,53863237162,6170
1392,71888324605,7800
1393,50451623609,270
1394,112339940378,30
1395,65781117310,650
1396,62090598264,11640
1397,321901139089,34250
1398,21252476686,43350
1399,70302613108,5350
1400,42204794671,2050
1401,34145415688,5060
1402,426494529110,21820
1403,242128856846,1610
1404,94241764796,2810
1405,80021522014,500
1406,65163237561,140
1407,56372415338,3240
1408,56223813455,120
1409,185086674754,21430
1410,89513417363,8180
1411,103276979962,11970
1412,410610135743,14460
1413,153488493509,4130
1414,34897395316,160
1415,131113847270,390
1416,81055792434,40
1417,87747034274,13600
1418,59777924621,670
1419,263598225132,12010
1420,45098367904,570
1421,60047086156,10280
1422,185856469999,27430
1423,224240547478,1590
1424,94727488090,820
1425,111215762140,1010
1426,239271222781,10170
1427,56223813455,120
1428,89987558558,8260
1429,25253434846,80
1430,229206780127,1870
1431,271510842228,130
1432,80021522014,500
1433,55767366440,340
1434,197436055894,13970
1435,67934457459,540
1436,128575748924,2430
1437,352909126331,20990
1438,76776947223,480
1439,30812375782,240
1440,98507217845,11420
1441,45939911069,220
1442,50698156620,6010
1443,119851143101,11240
1444,60960264234,230
1445,67737160904,350
1446,125260708371,1450
1447,145010840061,8510
1448,179047377523,1520
1449,81055792434,40
1450,71572254688,200
1451,64666929483,8500
1452,120556540467,2870
1453,177677256234,21270
1454,151254074807,1060
1455,120556540467,2870
1456,432891500310,16160
1457,40262456835,5700
1458,89286849566,7840
1459,98639184346,1360
1460,106899816185,1050
1461,638194643,341620
1462,58816675549,2070
1463,28514346275,2600
1464,60099935059,1200
1465,260934670274,26110
1466,31993437394,7580
1467,531631120,138890
1468,216760080,66690
1469,159175440083,4220
1470,27692870168,150
1471,43302018275,100
1472,20551428147,5330
1473,81055792434,40
1474,302067305271,7140
1475,45098367904,570
1476,187195591661,4720
1477,78125484742,6100
1478,162586616193,1540
1479,799418168,60590
1480,22723842538,6080
1481,23956868085,6000
1482,172901447040,1770
1483,12618679922,40530
1484,275876043279,11160
1485,86526636307,3620
1486,191982732155,4680
1487,110087307204,3220
1488,43302018275,100
1489,67934457459,540
1490,135590149921,1890
1491,169427891276,4510
1492,60821987225,450
1493,523059688,55170
1494,76776947223,480
1495,219422068903,16390
1496,67934457459,540
1497,122760252495,18720
1498,57211618844,6960
1499,78948063325,750
1500,49782071365,7360
1501,109939514770,1710
1502,49758437040,660
1503,3289417776,48970
1504,106142514829,1500
1505,11453888266,43920
1506,43302018275,100
1507,278142139710,11280
1508,208679508709,2490
1509,84911739839,1400
1510,83230192297,2090
1511,133662122763,1090
1512,78948063325,750
1513,170043687108,1600
1514,244305136823,25270
1515,12224809391,43100
1516,67934457459,540
1517,710569426,121480
1518,42126771892,2270
1519,86978178616,1340
1520,57345735033,8820
1521,155237336736,4010
1522,64993513360,800
1523,60960264234,230
1524,69042332603,3400
1525,40516074364,370
1526,104862428802,560
1527,84779091176,810
1528,65781117310,650
1529,310531727670,19510
1530,37306357014,5090
1531,28514346275,2600
1532,160004804489,17220
1533,127233082220,18850
1534,4808236957,4880
1535,128711367160,4120
1536,93783243686,760
1537,42126771892,2270
1538,34329875908,10660
1539,36267392414,2280
1540,125260708371,1450
1541,47118323268,620
1542,57008622877,410
1543,114395401594,17380
1544,56223813455,120
1545,252337266185,4450
1546,79243000809,2520
1547,111215762140,1010
1548,47737033565,5930
1549,137367530190,3770
1550,101714752894,1440
1551,18561430017,5180
1552,31668216738,5740
1553,30812375782,240
1554,106216221633,2640
1555,61725941944,60
1556,61725941944,60
1557,267349302997,7810
1558,67934457459,540
1559,245427414755,20420
1560,586956293,57750
1561,33793016340,290
1562,3209037111,4830
1563,1975262994,500000
1564,200770473590,4540
1565,179675439435,4320
1566,170603079825,35480
1567,81633701432,3260
1568,5401017183,4900
1569,43439102506,510
1570,129711314691,1470
1571,153744453666,4100
1572,165339924479,22370
1573,27692870168,150
1574,226757083830,7550
1575,76989821230,4080
1576,149082121519,3820
1577,64993513360,800
1578,519556299112,18420
1579,92867734927,7380
1580,80654514782,12330
1581,35779916790,2420
1582,271510842228,130
1583,61555089296,39770
1584,45425720151,1300
1585,49129027283,90
1586,172526290279,2630
1587,56832116723,2160
1588,149082121519,3820
1589,56223813455,120
1590,1146104968,76420
1591,80059777386,740
1592,131113847270,390
1593,67215468307,4670
1594,87678326759,4580
1595,15397241800,5790
1596,107565707849,6630
1597,181582225199,19860
1598,231197845378,4430
1599,41955067990,320
1600,195316889226,8710
1601,113525610866,8370
1602,75741317424,3560
1603,57008622877,410
1604,172348328415,36980
1605,133539019697,3380
1606,139956730726,13930
1607,40850300611,590
1608,218876297810,10010
1609,177965896499,12300
1610,32774509410,40700
1611,90727877797,10250
1612,64993513360,800
1613,124066917565,950
1614,68924808345,2400
1615,49758437040,660
1616,117138566163,2830
1617,49129027283,90
1618,80059777386,740
1619,233596218350,6060
1620,262535992150,3990
1621,109939514770,1710
1622,252836184487,4400
1623,93047133585,3190
1624,60960264234,230
1625,157607650966,21760
1626,79243000809,2520
1627,34897395316,160
1628,82612794109,2990
1629,312814887146,20940
1630,279050211749,23760
1631,60821987225,450
1632,58890270416,280
1633,132008669929,1420
1634,121872840177,1320
1635,111215762140,1010
1636,101361612453,1280
1637,87598295456,14820
1638,191429533935,30570
1639,97925784490,5310
1640,271840063,63880
1641,170043687108,1600
1642,133491773460,15880
1643,104862428802,560
1644,120982208196,690
1645,80059777386,740
1646,30398293188,5280
1647,58281683024,2690
1648,50698156620,6010
1649,162586616193,1540
1650,26108440075,42810
1651,101369152900,1000
1652,14518655627,5040
1653,30812375782,240
1654,41793374223,3420
1655,30431174812,7750
1656,125454079313,2530
1657,122936872239,2240
1658,151236522762,1110
1659,101290076379,3210
1660,41042771838,1040
1661,101290076379,3210
1662,34320049839,6650
1663,86171284298,11880
1664,18475709910,6420
1665,107936557388,680
1666,68924808345,2400
1667,82839366775,170
1668,92220337179,9540
1669,104356545549,9730
1670,5492077894,47000
1671,30812375782,240
1672,64793615703,3030
1673,668380401,85800
1674,44526267653,6700
1675,69042332603,3400
1676,18981195134,5200
1677,78192015537,180
1678,41923219628,12830
1679,116274286700,3150
1680,131113847270,390
1681,148910116287,27080
1682,84779091176,810
1683,24911301446,7120
1684,93697602462,3000
1685,357080915388,16850
1686,98366899431,3460
1687,44411649178,6400
1688,233232930427,25280
1689,792625629,55060
1690,227727692647,940
1691,101726564157,610
1692,229039836263,27410
1693,76776947223,480
1694,33636922998,10320
1695,45425720151,1300
1696,71334957072,3660
1697,40516074364,370
1698,282615939486,1880
1699,96939994391,9460
1700,63739873644,2200
1701,104708153949,1080
1702,76989821230,4080
1703,36545224181,330
1704,74244937398,2460
1705,84779091176,810
1706,114859139731,7290
1707,139289824898,27700
1708,179432988679,1680
1709,65334573095,10880
1710,63901744369,9700
1711,41793374223,3420
1712,137271974497,22920
1713,187760465383,15160
1714,80890075327,7060
1715,76776947223,480
1716,228892226035,1570
1717,71920865826,10600
1718,47118323268,620
1719,121872840177,1320
1720,117344653319,4800
1721,67215468307,4670
1722,222569438464,4150
1723,223989555624,1310
1724,65163237561,140
1725,141153086232,1260
1726,172821620399,15040
1727,278784351538,32640
1728,75454446392,12970
1729,78913019840,7130
1730,91909307877,1290
1731,80059777386,740
1732,58480142922,6430
1733,74144400044,1460
1734,81999450566,3370
1735,106142514829,1500
1736,138384485873,12750
1737,99377160657,1020
1738,32076400274,490
1739,179500055686,2750
1740,67215468307,4670
1741,225492421384,4390
1742,129711314691,1470
1743,69047031501,6940
1744,124683617883,9570
1745,117505305482,9750
1746,81139498985,900
1747,30812375782,240
1748,4808236957,4880
1749,40273639943,6680
1750,164363345478,890
1751,37502207624,8100
1752,84252583580,700
1753,46658356612,860
1754,46330372278,6260
1755,96351341163,7970
1756,11967505896,5190
1757,49863135579,360
1758,155237336736,4010
1759,172901447040,1770
1760,96967453903,1370
1761,45939911069,220
1762,395733798517,16140
1763,59541260882,2060
1764,93783243686,760
1765,225492421384,4390
1766,369607020429,1860
1767,252337266185,4450
1768,552921007,118260
1769,78692978610,970
1770,110464862700,960
1771,57345735033,8820
1772,202428532003,20600
1773,279599592779,29630
1774,111215762140,1010
1775,1975262994,500000
1776,67934457459,540
1777,189057428177,10910
1778,25884123093,6950
1779,145155845440,4290
1780,56223813455,120
1781,44593454671,2310
1782,14289240146,5160
1783,60960264234,230
1784,489664421119,24810
1785,172591161698,1350
1786,131824150622,1160
1787,45517893441,5840
1788,152742817839,1140
1789,57008622877,410
1790,266934672316,23350
1791,40186862557,7080
1792,31997364361,6440
1793,296646787511,21120
1794,45098367904,570
1795,60420501673,10840
1796,163009793070,2760
1797,104378837642,2030
1798,60496631352,880
1799,80019714012,1190
1800,126534011785,2980
1801,35779916790,2420
1802,201156783592,2850
1803,65781117310,650
1804,32731776456,5770
1805,86180982971,420
1806,131645711879,3300
1807,52431716949,20
1808,20251836273,6720
1809,221798088479,4190
1810,25253434846,80
1811,126534011785,2980
1812,84665567643,9480
1813,271809758290,4630
1814,101885162982,830
1815,25305174319,5990
1816,80688898385,2190
1817,25253434846,80
1818,128711367160,4120
1819,318679082652,11170
1820,80059777386,740
1821,18475709910,6420
1822,315645036345,13010
1823,83473516964,2860
1824,244753823571,18570
1825,256096824020,22100
1826,47391912032,630
1827,850235476,237020
1828,80019714012,1190
1829,53483602576,9560
1830,24312071325,5960
1831,89132432651,3680
1832,72806873060,980
1833,35779916790,2420
1834,245484244784,18710
1835,131662964930,1960
1836,172591161698,1350
1837,10756893633,5300
1838,22136682356,44170
1839,668287438,273710
1840,80770823658,440
1841,139028546394,16560
1842,101361612453,1280
1843,90617778306,3080
1844,40850300611,590
1845,238418766511,1390
1846,62302014435,2710
1847,183787441844,1670
1848,120476431461,990
1849,44593454671,2310
1850,142246061155,15130
1851,167104865360,1790
1852,61725941944,60
1853,129711314691,1470
1854,41042771838,1040
1855,78067269993,2580
1856,246075626886,13050
1857,128711367160,4120
1858,191982732155,4680
1859,103217171896,2560
1860,188421022264,22340
1861,68813209846,8130
1862,179047377523,1520
1863,119202089530,8690
1864,106142514829,1500
1865,141153086232,1260
1866,181644364579,1950
1867,110464862700,960
1868,56223813455,120
1869,62710349910,2440
1870,255361763362,25230
1871,56579415820,8730
1872,24911301446,7120
1873,43302018275,100
1874,45098367904,570
1875,56037529813,1030
1876,164193034306,25130
1877,27692870168,150
1878,56037529813,1030
1879,55815878864,5850
1880,51885921711,7270
1881,78948063325,750
1882,131645711879,3300
1883,77172195068,2540
1884,35200687065,42730
1885,228832887805,4530
1886,64993513360,800
1887,205905491357,4590
1888,40061083011,6250
1889,611845527,63000
1890,109300546268,5720
1891,120768761351,1510
1892,84665567643,9480
1893,36545224181,330
1894,148156301364,1630
1895,155696682352,3550
1896,77548775779,3800
1897,102833243252,2620
1898,57008622877,410
1899,152986695780,910
1900,104862428802,560
1901,121711646690,26400
1902,123697776613,18360
1903,62171908965,5600
1904,322575767878,16070
1905,106296903207,310
1906,68813209846,8130
1907,122066618459,1740
1908,62421603863,2550
1909,172901447040,1770
1910,64890073194,2020
1911,37306357014,5090
1912,66789323270,1720
1913,101714752894,1440
1914,68929957778,260
1915,348383492331,17940
1916,106142514829,1500
1917,67934457459,540
1918,169427891276,4510
1919,43439102506,510
1920,98329836996,13140
1921,740775432,64040
1922,124534791685,1490
1923,102090220086,1100
1924,183458969290,1550
1925,157337050915,9290
1926,117063045686,37650
1927,495983624864,26080
1928,43927680861,14400
1929,40262456835,5700
1930,297892659217,21670
1931,31826517683,720
1932,112279561876,16110
1933,103589066421,710
1934,65522913644,3980
1935,110451953788,4460
1936,178051754562,840
1937,255068723459,31740
1938,90010946176,580
1939,121937415567,1220
1940,84252583580,700
1941,294939505922,3830
1942,122631567974,770
1943,90779940077,600
1944,33779249347,7660
1945,23212447256,43630
1946,81932610647,12490
1947,151236522762,1110
1948,87678326759,4580
1949,122936872239,2240
1950,93783243686,760
1951,532104391,66990
1952,110232545646,12210
1953,25253434846,80
1954,277409630520,25880
1955,103297944882,23170
1956,227870500774,3750
1957,61532955650,11350
1958,153744764876,19140
1959,111638319511,1730
1960,80795531424,9420
1961,37084520664,5400
1962,128622336689,16130
1963,81055792434,40
1964,46091536040,17160
1965,70545513912,3120
1966,364339417650,1810
1967,129291422550,6470
1968,117138566163,2830
1969,90010946176,580
1970,121076781976,3390
1971,31826517683,720
1972,356211501551,33750
1973,282767165989,25500
1974,92247556605,3930
1975,364339417650,1810
1976,51272547066,5760
1977,97960300472,14430
1978,76776947223,480
1979,101275228650,380
1980,25124630829,6210
1981,121937415567,1220
1982,171167282668,18990
1983,50990217048,1240
1984,32722598387,5810
1985,90617778306,3080
1986,41377748550,5050
1987,9522628999,4910
1988,170136776270,2670
1989,164396655657,3760
1990,80688898385,2190
1991,31478140420,5320
1992,153540760460,780
1993,380934199488,13230
1994,74244937398,2460
1995,106322342137,2720
1996,332547338433,24830
1997,142739595373,3840
1998,129525080666,7640
1999,270788684894,31060
2000,433274616,409950
2001,149207378567,1070
2002,40684599490,38900
2003,11967505896,5190
2004,36856334895,11390
2005,76270054146,8080
2006,84779091176,810
2007,174690943564,1980
2008,59777924621,670
2009,43302018275,100
2010,395141343432,30170
2011,43933893144,190
2012,64993513360,800
2013,120982208196,690
2014,323039799318,4750
2015,38161270780,2800
2016,113493345627,10700
2017,125260708371,1450
2018,150794435219,3700
2019,105539689951,210
2020,28580339714,5010
2021,104506677025,2100
2022,25596876568,5660
2023,170830622408,27760
2024,87548860167,520
2025,5323028053,4870
2026,64993513360,800
2027,40850300611,590
2028,944041530,117410
2029,452954349268,25170
2030,67640900762,10860
2031,182051976771,20180
2032,208679508709,2490
2033,42173609553,11120
2034,862194166,109730
2035,735908260,58030
2036,104378837642,2030
2037,43724517146,730
2038,2948595252,4860
2039,49863135579,360
2040,37716744379,5100
2041,187195591661,4720
2042,331164546818,18220
2043,15362821931,5140
2044,185378051988,6560
2045,62227548864,3960
2046,210007075326,4260
2047,112279561876,16110
2048,345237577442,4160
2049,32108193280,300
2050,60099935059,1200
2051,70545513912,3120
2052,57742883926,8920
2053,101369152900,1000
2054,62227548864,3960
2055,37562582908,6530
2056,513175813437,20250
2057,170134626396,3890
2058,101369152900,1000
2059,86526636307,3620
2060,332708158549,9870
2061,308217934782,18980
2062,78692978610,970
2063,152742817839,1140
2064,80021522014,500
2065,149207378567,1070
2066,41961946120,2210
2067,135349753587,790
2068,33793016340,290
2069,125579542486,6920
2070,106296903207,310
2071,56832116723,2160
2072,50990217048,1240
2073,84608950633,1150
2074,127976796983,2470
2075,258629029840,3410
2076,141346102237,11610
2077,342631459088,33710
2078,37502207624,8100
2079,70066559000,460
2080,86180982971,420
2081,340874282315,27930
2082,74788927990,2110
2083,101361612453,1280
2084,55438438977,7280
2085,301470860409,35070
2086,36856334895,11390
2087,82612794109,2990
2088,339409263750,18900
2089,42433732203,2130
2090,61725941944,60
2091,101775608322,8600
2092,121720223652,2220
2093,986788054,88800
2094,103217171896,2560
2095,43933893144,190
2096,382890635107,27320
2097,74788927990,2110
2098,229206780127,1870
2099,324244629581,3510
2100,48303593261,7320
2101,1975262994,500000
2102,55366832003,1700
2103,43927680861,14400
2104,110451953788,4460
2105,112600450750,3610
2106,80021522014,500
2107,80021522014,500
2108,134530967257,7990
2109,177361883563,2780
2110,23956868085,6000
2111,32076400274,490
2112,101714752894,1440
2113,127073676984,7980
2114,101726564157,610
2115,62993369560,11000
2116,32076400274,490
2117,43933893144,190
2118,1975262994,500000
2119,481453751451,24930
2120,65781117310,650
2121,86526636307,3620
2122,53985246186,2700
2123,62227548864,3960
2124,41042771838,1040
2125,407424172596,18970
2126,224240547478,1590
2127,535746325,99770
2128,752983685,150810
2129,595343357516,30830
2130,66395450977,1840
2131,123375792196,3500
2132,36267392414,2280
2133,396293504767,15470
2134,50451623609,270
2135,36545224181,330
2136,57028486592,5640
2137,170043687108,1600
2138,32108193280,300
2139,90779940077,600
2140,580153047,148530
2141,111645414870,13840
2142,10826348650,6150
2143,63833437406,2370
2144,93588030834,1850
2145,38546372626,13350
2146,90848858659,2000
2147,47391912032,630
2148,24478854824,5890
2149,78192015537,180
2150,68929957778,260
2151,115462754291,9320
2152,84665567643,9480
2153,4884108994,48280
2154,89926387340,1480
2155,49758437040,660
2156,75817189570,10770
2157,202768795529,1820
2158,171167282668,18990
2159,97617526589,14510
2160,1197670007,302660
2161,183787441844,1670
2162,91398627431,2140
2163,61453934039,2340
2164,31478140420,5320
2165,126995021244,4520
2166,43439102506,510
2167,389680854281,19760
2168,101994356262,2230
2169,314330182869,25690
2170,49816641833,3020
2171,52273881639,6360
2172,122631567974,770
2173,203805520226,22000
2174,41554485205,2660
2175,109205528500,10940
2176,101275228650,380
2177,178051754562,840
2178,111205261753,14930
2179,50451623609,270
2180,169278869654,16180
2181,40061083011,6250
2182,385123669242,14020
2183,40850300611,590
2184,736743944,65750
2185,226520592845,1530
2186,197436055894,13970
2187,49863135579,360
2188,34897395316,160
2189,25253434846,80
2190,148156301364,1630
2191,201156783592,2850
2192,102837569123,26900
2193,170820761152,1270
2194,183787441844,1670
2195,170820761152,1270
2196,112600450750,3610
2197,503107726764,32630
2198,8430993622,44780
2199,53985246186,2700
2200,145934329660,14920
2201,135349753587,790
2202,83230192297,2090
2203,174960063860,17370
2204,109313562938,1380
2205,106322342137,2720
2206,218525779967,18050
2207,195015540362,3920
2208,90647349217,4200
2209,84911739839,1400
2210,32108193280,300
2211,135590149921,1890
2212,148156301364,1630
2213,215425008752,17660
2214,119371344394,2740
2215,101994356262,2230
2216,68929957778,260
2217,66082337379,250
2218,62421603863,2550
2219,150794435219,3700
2220,291552944023,31290
2221,86180982971,420
2222,60048258216,6770
2223,93222876819,30900
2224,228673287054,4410
2225,52431716949,20
2226,13129102590,45260
2227,625647163,149870
2228,149207378567,1070
2229,66082337379,250
2230,204212895765,15600
2231,78948063325,750
2232,90779940077,600
2233,68929957778,260
2234,67795885527,3850
2235,18475709910,6420
2236,289729594445,34100
2237,378414883869,8520
2238,121711646690,26400
2239,139384412860,7950
2240,47118323268,620
2241,46658356612,860
2242,148725030062,12000
2243,46791050343,5420
2244,1975262994,500000
2245,205410892063,18470
2246,75741317424,3560
2247,122158310755,3160
2248,34897395316,160
2249,101369152900,1000
2250,431010362815,25430
2251,82839366775,170
2252,78192015537,180
2253,35494189856,9190
2254,80770823658,440
2255,49054603850,7210
2256,60960264234,230
2257,271809758290,4630
2258,223212162550,22940
2259,40850300611,590
2260,49250572269,2320
2261,141630065875,18160
2262,183458969290,1550
2263,261867889752,19600
2264,79243000809,2520
2265,750026384,106670
2266,115462754291,9320
2267,60821987225,450
2268,209714780048,3360
2269,60496631352,880
2270,315111064748,3180
2271,45120559035,470
2272,30258606523,6070
2273,11586090814,5430
2274,147649071647,24090
2275,27945882701,6620
2276,1176536344,68500
2277,128555597552,35280
2278,57403176979,550
2279,43687001740,5410
2280,234829643631,1930
2281,124271447533,3940
2282,80021522014,500
2283,404693821712,17020
2284,3209037111,4830
2285,44526267653,6700
2286,43621376315,10520
2287,149207378567,1070
2288,89926387340,1480
2289,53375455265,5220
2290,50451623609,270
2291,84252583580,700
2292,94727488090,820
2293,90053365692,2250
2294,70399641350,7310
2295,30110850142,5520
2296,66082337379,250
2297,101361612453,1280
2298,3932969791,48920
2299,74144400044,1460
2300,139858245129,15580
2301,72806873060,980
2302,178184420633,2350
2303,1975262994,500000
2304,67795885527,3850
2305,73428085564,9860
2306,47118323268,620
2307,104862428802,560
2308,344719910190,21960
2309,94727488090,820
2310,60899687022,8480
2311,244220446290,9100
2312,193976210509,8770
2313,192091558371,4340
2314,109327976514,15010
2315,111215762140,1010
2316,118418839284,50
2317,136543523683,3070
2318,143986019833,2450
2319,224240547478,1590
2320,49054603850,7210
2321,60899687022,8480
2322,25884123093,6950
2323,928916919,123020
2324,32108193280,300
2325,32108193280,300
2326,266308080805,4620
2327,212684483213,3100
2328,94707134146,2380
2329,32108193280,300
2330,68083932843,20650
2331,93047133585,3190
2332,258842654769,26090
2333,49758437040,660
2334,32108193280,300
2335,49863135579,360
2336,364339417650,1810
2337,176186454061,20820
2338,1025187596,62690
2339,20495524118,5080
2340,1975262994,500000
2341,32076400274,490
2342,162586616193,1540
2343,37595832015,7590
2344,333551399846,3250
2345,220049791449,9630
2346,847431147,309410
2347,28514346275,2600
2348,27465739697,5240
2349,68929957778,260
2350,149082121519,3820
2351,72806873060,980
2352,115311034217,9250
2353,65163237561,140
2354,46658356612,860
2355,74788927990,2110
2356,637749867,184490
2357,183787441844,1670
2358,67215468307,4670
2359,30812375782,240
2360,68813209846,8130
2361,121076781976,3390
2362,83413218383,37760
2363,132867208905,9580
2364,291784678562,1800
2365,6328605998,4850
2366,135687597391,4050
2367,80266363402,7460
2368,87678326759,4580
2369,229524354585,9470
2370,43439102506,510
2371,86978178616,1340
2372,179675439435,4320
2373,149493836232,2080
2374,131662964930,1960
2375,79243000809,2520
2376,68929957778,260
2377,131766787518,4020
2378,31826517683,720
2379,190449996714,3450
2380,327600523698,13680
2381,271510842228,130
2382,32525416093,5380
2383,30110850142,5520
2384,107968223274,7600
2385,47391912032,630
2386,90848858659,2000
2387,93047133585,3190
2388,6186958534,4990
2389,206511884505,35100
2390,57008622877,410
2391,94727488090,820
2392,359481667152,28520
2393,238418766511,1390
2394,224647795452,10850
2395,33793016340,290
2396,29703286032,40450
2397,141847400343,22090
2398,797377092,69910
2399,150307406258,14580
2400,157447917857,8760
2401,42173609553,11120
2402,65522913644,3980
2403,104708153949,1080
2404,49758437040,660
2405,80770823658,440
2406,404008627839,19020
2407,103253208214,3060
2408,80021522014,500
2409,1975262994,500000
2410,42204794671,2050
2411,121937415567,1220
2412,121872840177,1320
2413,41042771838,1040
2414,76954806930,14730
2415,237795498629,31440
2416,65163237561,140
2417,155696682352,3550
2418,18740281745,7400
2419,13747133265,44980
2420,80019714012,1190
2421,112339940378,30
2422,87766938435,3780
2423,182159903025,2390
2424,314501502745,25060
2425,1975262994,500000
2426,345237577442,4160
2427,148156301364,1630
2428,299014193105,14690
2429,34897395316,160
2430,85124393983,4070
2431,12797224220,5120
2432,13874621322,44230
2433,180330948142,1120
2434,49129027283,90
2435,110451953788,4460
2436,226520592845,1530
2437,45120559035,470
2438,169858858243,35770
2439,75741317424,3560
2440,258629029840,3410
2441,88598597766,6480
2442,118035892488,2300
2443,75294730912,1620
2444,120476431461,990
2445,874848212,52700
2446,55796440995,6160
2447,67674258094,3140
2448,558896539,174480
2449,578025281442,20510
2450,90053365692,2250
2451,224240547478,1590
2452,28537712346,7870
2453,106142514829,1500
2454,84911739839,1400
2455,2481305418,50380
2456,68302055099,7670
2457,198604419485,13200
2458,101275228650,380
2459,96668564087,2650
2460,125260708371,1450
2461,56037529813,1030
2462,1975262994,500000
2463,90848858659,2000
2464,42173609553,11120
2465,65163237561,140
2466,49863135579,360
2467,148201167209,4560
2468,78192015537,180
2469,4380319024,4920
2470,43302018275,100
2471,44412845232,8840
2472,72983359245,2180
2473,35494189856,9190
2474,101275228650,380
2475,60099935059,1200
2476,90779940077,600
2477,32108193280,300
2478,58890270416,280
2479,68929957778,260
2480,61101547937,920
2481,101885162982,830
2482,92738040544,17750
2483,703692220,55330
2484,123375792196,3500
2485,238418766511,1390
2486,89286849566,7840
2487,205905491357,4590
2488,110464862700,960
2489,86978178616,1340
2490,152986695780,910
2491,96351341163,7970
2492,86524639298,16500
2493,82642971223,1130
2494,132008669929,1420
2495,34095331492,5340
2496,77749403486,70
2497,1304139475,55010
2498,234829643631,1930
2499,151254074807,1060
2500,46132598759,6930
2501,339109530722,33370
2502,59761612101,7020
2503,284295772130,11150
2504,204331479501,18300
2505,910657524,178280
2506,101275228650,380
2507,183241998306,8720
2508,201364108321,9330
2509,43302018275,100
2510,144656503752,1230
2511,52625414043,7820
2512,77749403486,70
2513,94241764796,2810
2514,124066917565,950
2515,593007637265,21250
2516,90010946176,580
2517,71334957072,3660
2518,454432367774,16610
2519,7738216904,4970
2520,128711367160,4120
2521,131662964930,1960
2522,105539689951,210
2523,59213780392,14070
2524,84608950633,1150
2525,238865630052,3580
2526,109300546268,5720
2527,229206780127,1870
2528,126474855053,38140
2529,291784678562,1800
2530,120982208196,690
2531,291784678562,1800
2532,40516074364,370
2533,24911301446,7120
2534,77548775779,3800
2535,161505026558,15150
2536,23313047806,5820
2537,59496654138,2290
2538,205721365482,16880
2539,91398627431,2140
2540,203902884181,4040
2541,1975262994,500000
2542,94060658351,15410
2543,132491531539,10240
2544,38546372626,13350
2545,128622336689,16130
2546,183458969290,1550
2547,94676947058,10830
2548,52431716949,20
2549,42968305455,39680
2550,180330948142,1120
2551,80105756651,1760
2552,147690913146,29970
2553,32108193280,300
2554,5881067240,4820
2555,74144400044,1460
2556,228673287054,4410
2557,78948063325,750
2558,64793615703,3030
2559,56832116723,2160
2560,483691402730,30370
2561,320772974416,13180
2562,124534791685,1490
2563,90647349217,4200
2564,67674258094,3140
2565,143424719316,3880
2566,92691541599,6910
2567,74244937398,2460
2568,132008669929,1420
2569,81139498985,900
2570,191312582704,1180
2571,228832887805,4530
2572,152742817839,1140
2573,121872840177,1320
2574,57403176979,550
2575,127400659985,1560
2576,56037529813,1030
2577,33779249347,7660
2578,187195591661,4720
2579,69087221093,8190
2580,67737160904,350
2581,267003964742,19820
2582,47118323268,620
2583,180330948142,1120
2584,57403176979,550
2585,245484244784,18710
2586,78192015537,180
2587,45098367904,570
2588,7090893069,46790
2589,58178546254,110
2590,168229341702,7890
2591,101369152900,1000
2592,43916963218,11100
2593,55767366440,340
2594,71888324605,7800
2595,45425720151,1300
2596,80021522014,500
2597,10826348650,6150
2598,30431174812,7750
2599,369607020429,1860
2600,256357298906,1920
2601,55767366440,340
2602,236922431750,33260
2603,152986695780,910
2604,342875150331,7720
2605,228932479934,19110
2606,32108193280,300
2607,184333996991,9300
2608,34145415688,5060
2609,585277347,65080
2610,60496631352,880
2611,18981195134,5200
2612,356682952088,12200
2613,228892226035,1570
2614,40850300611,590
2615,168099800502,11040
2616,91909307877,1290
2617,121246945991,11950
2618,105405398718,4740
2619,18643171625,42600
2620,933783368,94670
2621,18475709910,6420
2622,107936557388,680
2623,756752079,50190
2624,102090220086,1100
2625,112600450750,3610
2626,22400649477,6320
2627,116274286700,3150
2628,42126771892,2270
2629,492505117454,23000
2630,172901447040,1770
2631,49129027283,90
2632,122631567974,770
2633,126412264124,3490
2634,1115763641,88790
2635,267019160938,16760
2636,52431716949,20
2637,350382610607,23950
2638,541715014969,26280
2639,43916963218,11100
2640,103589066421,710
2641,70066559000,460
2642,736660864,95460
2643,113817699212,6290
2644,75294730912,1620
2645,106296903207,310
2646,74931252431,7220
2647,27465739697,5240
2648,98366899431,3460
2649,38258660427,13570
2650,898585000,121290
2651,60821987225,450
2652,221081607963,34190
2653,101329016040,4060
2654,83230192297,2090
2655,344853948428,29130
2656,172901447040,1770
2657,84493526570,8350
2658,41042771838,1040
2659,61725941944,60
2660,876963613,74490
2661,90010946176,580
2662,64993513360,800
2663,123526950266,3540
2664,24212405468,6790
2665,26500472506,7150
2666,47281983995,640
2667,50430673148,6780
2668,23071302948,5780
2669,147999753166,8570
2670,227870500774,3750
2671,174244036136,7960
2672,65781117310,650
2673,101275228650,380
2674,62131654487,2480
2675,69359389346,18350
2676,315022888873,18680
2677,1975262994,500000
2678,327295143076,15430
2679,93697602462,3000
2680,191698526527,13770
2681,68924808345,2400
2682,691401150,68850
2683,78948063325,750
2684,57684669792,5150
2685,133662122763,1090
2686,228673287054,4410
2687,49863135579,360
2688,72806873060,980
2689,81999450566,3370
2690,75813796128,11790
2691,44593454671,2310
2692,244759486336,27130
2693,41955067990,320
2694,70066559000,460
2695,216760080,66690
2696,147517274856,37670
2697,56223813455,120
2698,78468836556,11080
2699,40237694526,2500
2700,129711314691,1470
2701,79011090020,2120
2702,77548775779,3800
2703,45517893441,5840
2704,67674258094,3140
2705,25253434846,80
2706,34897395316,160
2707,94493753555,1410
2708,222565225830,3350
2709,25253434846,80
2710,103589066421,710
2711,36647658419,6740
2712,59204368415,430
2713,33793016340,290
2714,126534011785,2980
2715,123375792196,3500
2716,164223220820,12880
2717,37084520664,5400
2718,25243567212,43670
2719,30812375782,240
2720,45098367904,570
2721,55767366440,340
2722,86978178616,1340
2723,287947787978,1780
2724,100028100898,930
2725,52431716949,20
2726,93783243686,760
2727,78948063325,750
2728,43708497780,6990
2729,13492504742,40690
2730,56223813455,120
2731,172901447040,1770
2732,131662964930,1960
2733,144656503752,1230
2734,47737033565,5930
2735,149712718448,19240
2736,60960264234,230
2737,179473219897,30440
2738,89926387340,1480
2739,78948063325,750
2740,58882365584,12290
2741,60432893646,10090
2742,239824043077,1970
2743,80688898385,2190
2744,1975262994,500000
2745,81999450566,3370
2746,147690913146,29970
2747,58281683024,2690
2748,56223813455,120
2749,96967453903,1370
2750,152986695780,910
2751,30812375782,240
2752,55366832003,1700
2753,181582225199,19860
2754,78192015537,180
2755,41377748550,5050
2756,32108193280,300
2757,80770823658,440
2758,70384229837,1250
2759,124999404660,19310
2760,324599180516,9840
2761,31826517683,720
2762,272357192248,21000
2763,172159655790,14890
2764,150192835139,4370
2765,1975262994,500000
2766,157173069735,3870
2767,104708153949,1080
2768,90848858659,2000
2769,22400649477,6320
2770,167104865360,1790
2771,125097024729,16340
2772,148952473647,12020
2773,65669169908,10140
2774,99377160657,1020
2775,22723842538,6080
2776,191751979614,1210
2777,23208513413,5650
2778,35354346609,6880
2779,68929957778,260
2780,28000164403,6220
2781,71437651225,13130
2782,127976796983,2470
2783,59204368415,430
2784,25253434846,80
2785,242128856846,1610
2786,76989821230,4080
2787,354517101281,22900
2788,67674258094,3140
2789,132008669929,1420
2790,179432988679,1680
2791,128453738208,3530
2792,101292285962,3230
2793,78067269993,2580
2794,103589066421,710
2795,1975262994,500000
2796,202638066814,1580
2797,128453738208,3530
2798,65320171858,2840
2799,89513417363,8180
2800,1070327905,71070
2801,774193177,195100
2802,137367530190,3770
2803,43933893144,190
2804,140241539796,10650
2805,101361612453,1280
2806,78192015537,180
2807,197890666378,6660
2808,202428532003,20600
2809,42126771892,2270
2810,342424698567,11680
2811,43933893144,190
2812,112339940378,30
2813,56223813455,120
2814,120476431461,990
2815,59204368415,430
2816,343861534509,34760
2817,18475709910,6420
2818,2797115651,49870
2819,68929957778,260
2820,49247376103,8890
2821,65781117310,650
2822,34145415688,5060
2823,5418906850,4840
2824,133643175160,8700
2825,152047543963,14260
2826,101726564157,610
2827,120556540467,2870
2828,112339940378,30
2829,50451623609,270
2830,41955067990,320
2831,124534791685,1490
2832,30398293188,5280
2833,64993513360,800
2834,87548860167,520
2835,124422762951,13800
2836,165799201167,9130
2837,42436950870,8120
2838,102090220086,1100
2839,32913152210,6370
2840,1402144811,53320
2841,28537712346,7870
2842,103589066421,710
2843,91196015251,13550
2844,41042771838,1040
2845,63739873644,2200
2846,117138566163,2830
2847,32108193280,300
2848,87548860167,520
2849,178051754562,840
2850,49129027283,90
2851,1024888830,68060
2852,960727072,54740
2853,62710349910,2440
2854,87905421457,6710
2855,865624651,349160
2856,42685417379,2360
2857,208762834416,10400
2858,74144400044,1460
2859,3843826755,48530
2860,109313562938,1380
2861,138228389379,12730
2862,178805391189,1650
2863,67737160904,350
2864,47281983995,640
2865,302560107438,15420
2866,122631567974,770
2867,34897395316,160
2868,58890270416,280
2869,50451623609,270
2870,65669169908,10140
2871,79243000809,2520
2872,73907223708,15220
2873,94727488090,820
2874,103589066421,710
2875,179047377523,1520
2876,1975262994,500000
2877,106899816185,1050
2878,64993513360,800
2879,27692870168,150
2880,126968636678,35570
2881,300970315055,29150
2882,346667860,149270
2883,109313562938,1380
2884,200770473590,4540
2885,112723834382,3320
2886,40237694526,2500
2887,49758437040,660
2888,90053365692,2250
2889,202768795529,1820
2890,28580339714,5010
2891,179047377523,1520
2892,106216221633,2640
2893,141847400343,22090
2894,188454739807,14060
2895,46658356612,860
2896,45939911069,220
2897,71888324605,7800
2898,43933893144,190
2899,58512712708,6040
2900,239824043077,1970
2901,32076400274,490
2902,316077443369,8830
2903,59777924621,670
2904,61522369918,14740
2905,55366832003,1700
2906,216082359871,14270
2907,90779940077,600
2908,202768795529,1820
2909,152510402390,27610
2910,131113847270,390
2911,99348860929,5440
2912,43439102506,510
2913,34699382519,5030
2914,42631780150,7690
2915,615552281,75810
2916,106322342137,2720
2917,79011090020,2120
2918,47118323268,620
2919,36545224181,330
2920,71568377534,6570
2921,528258448,79580
2922,155237336736,4010
2923,53659114336,6230
2924,82612794109,2990
2925,31668216738,5740
2926,49129027283,90
2927,90998740998,6860
2928,234829643631,1930
2929,68924808345,2400
2930,170043687108,1600
2931,90848858659,2000
2932,135590149921,1890
2933,56372415338,3240
2934,122936872239,2240
2935,241239847562,3790
2936,222778080987,23300
2937,42433732203,2130
2938,61532955650,11350
2939,68929957778,260
2940,30036226544,5130
2941,59541260882,2060
2942,1134646788,88040
2943,121937415567,1220
2944,1975262994,500000
2945,57008622877,410
2946,9002995949,45970
2947,15362821931,5140
2948,40624617520,8470
2949,76700575459,15850
2950,89926387340,1480
2951,122631567974,770
2952,42204794671,2050
2953,101369152900,1000
2954,215270420349,3290
2955,58890270416,280
2956,38161270780,2800
2957,418490832643,22360
2958,369607020429,1860
2959,62227548864,3960
2960,111215762140,1010
2961,58281683024,2690
2962,32525416093,5380
2963,33720088843,6020
2964,975981995,59720
2965,102822883888,11090
2966,158978114121,4380
2967,60099935059,1200
2968,81633701432,3260
2969,43458728118,5390
2970,168286226429,36210
2971,87905895275,12650
2972,50451623609,270
2973,61453934039,2340
2974,30583398092,5580
2975,65163237561,140
2976,256436744162,26480
2977,61725941944,60
2978,175368529037,36420
2979,30812375782,240
2980,76776947223,480
2981,153355585530,3340
2982,91224616445,12160
2983,202638066814,1580
2984,344511755830,4500
2985,124534791685,1490
2986,63901744369,9700
2987,169427891276,4510
2988,59496654138,2290
2989,149712718448,19240
2990,127400659985,1560
2991,85124393983,4070
2992,47281983995,640
2993,1975262994,500000
2994,295069370674,31520
2995,405395087340,3910
2996,1975262994,500000
2997,59541260882,2060
2998,149207378567,1070
2999,56223813455,120
3000,1127573558,63350
3001,401855657303,31820
3002,131598197896,23480
3003,43933893144,190
3004,66789323270,1720
3005,152986695780,910
3006,93783243686,760
3007,25253434846,80
3008,84252583580,700
3009,258642936048,3520
3010,15397241800,5790
3011,282222123004,20390
3012,229206780127,1870
3013,56037529813,1030
3014,63451338348,3280
3015,38161270780,2800
3016,43302018275,100
3017,67934457459,540
3018,292238045107,9980
3019,188235373828,3170
3020,185299586531,10550
3021,94676947058,10830
3022,98639184346,1360
3023,116274286700,3150
3024,79011090020,2120
3025,104780264134,2590
3026,87548860167,520
3027,29777124897,10150
3028,94727488090,820
3029,67215468307,4670
3030,58701983008,9050
3031,14289240146,5160
3032,84252583580,700
3033,65163237561,140
3034,90848858659,2000
3035,65163237561,140
3036,101198954808,11720
3037,151236522762,1110
3038,53985246186,2700
3039,192091558371,4340
3040,101329016040,4060
3041,27945882701,6620
3042,256357298906,1920
3043,202988248373,25000
3044,92721515547,2930
3045,63739873644,2200
3046,178805391189,1650
3047,41961946120,2210
3048,77548775779,3800
3049,84911739839,1400
3050,101885162982,830
3051,125494572854,2790
3052,41955067990,320
3053,18561430017,5180
3054,350661276610,23030
3055,58890270416,280
3056,156235749232,3440
3057,120982208196,690
3058,58281683024,2690
3059,143424719316,3880
3060,148201167209,4560
3061,126995021244,4520
3062,80688898385,2190
3063,50990217048,1240
3064,45120559035,470
3065,136543523683,3070
3066,90053365692,2250
3067,178051754562,840
3068,82286851533,12080
3069,121872840177,1320
3070,87548860167,520
3071,75294730912,1620
3072,59226881337,870
3073,164363345478,890
3074,74244937398,2460
3075,50990217048,1240
3076,141153086232,1260
3077,42126771892,2270
3078,389406620598,24780
3079,98639184346,1360
3080,80021522014,500
3081,44837788399,10190
3082,84252583580,700
3083,87905895275,12650
3084,55767366440,340
3085,1975262994,500000
3086,135687597391,4050
3087,101361612453,1280
3088,101275228650,380
3089,45472151126,10360
3090,178051754562,840
3091,30812375782,240
3092,30812375782,240
3093,34897395316,160
3094,42685417379,2360
3095,41961946120,2210
3096,41955067990,320
3097,84472614681,1170
3098,49816641833,3020
3099,95853027517,14180
3100,68302055099,7670
3101,61101547937,920
3102,148156301364,1630
3103,94707134146,2380
3104,59204368415,430
3105,200770473590,4540
3106,189677860676,4790
3107,104862428802,560
3108,258629029840,3410
3109,518905377651,20360
3110,50583312614,39210
3111,80770823658,440
3112,98542492083,2950
3113,88020370137,530
3114,393103827209,22620
3115,789798923,72380
3116,47118323268,620
3117,713599558,130850
3118,52273881639,6360
3119,57973326518,7500
3120,38142273217,3010
3121,60821987225,450
3122,1219542719,53480
3123,49758437040,660
3124,90010946176,580
3125,45425720151,1300
3126,107936557388,680
3127,31826517683,720
3128,86180982971,420
3129,66395450977,1840
3130,70384229837,1250
3131,105539689951,210
3132,28514346275,2600
3133,136472171712,21630
3134,5881067240,4820
3135,174740145547,16080
3136,49816641833,3020
3137,352109375737,19780
3138,81139498985,900
3139,85124393983,4070
3140,65320171858,2840
3141,80472945234,11550
3142,438134256495,23630
3143,98639184346,1360
3144,110912123239,11840
3145,62131654487,2480
3146,287947787978,1780
3147,60496631352,880
3148,371900050223,31600
3149,574548838066,22570
3150,224932079548,18590
3151,81055792434,40
3152,55767366440,340
3153,36545224181,330
3154,403253750576,14710
3155,155696682352,3550
3156,78948063325,750
3157,163949832716,7620
3158,57876488930,2260
3159,215368355177,19900
3160,153499348071,4440
3161,458101327373,31040
3162,110464862700,960
3163,81139498985,900
3164,1975262994,500000
3165,52570165285,3200
3166,82642971223,1130
3167,84608950633,1150
3168,61101547937,920
3169,61453934039,2340
3170,242292457524,1690
3171,1125269304,61130
3172,89926387340,1480
3173,25305174319,5990
3174,128453738208,3530
3175,178805391189,1650
3176,38161270780,2800
3177,127976796983,2470
3178,89151303367,19200
3179,87017908260,11190
3180,81633701432,3260
3181,92050091720,400
3182,56372415338,3240
3183,80770823658,440
3184,252337266185,4450
3185,45098367904,570
3186,28000164403,6220
3187,110464862700,960
3188,56018896642,7370
3189,103835014132,11030
3190,155373049042,3430
3191,131113847270,390
3192,120556540467,2870
3193,33829669173,6280
3194,62710349910,2440
3195,91398627431,2140
3196,106216221633,2640
3197,164396655657,3760
3198,49247376103,8890
3199,567869105890,30960
3200,180478113921,11920
3201,167568524200,11260
3202,35779916790,2420
3203,79011090020,2120
3204,86171284298,11880
3205,1317345622,51620
3206,111638319511,1730
3207,218438712966,9490
3208,50430673148,6780
3209,153313354401,1910
3210,202638066814,1580
3211,142599147483,17550
3212,66082337379,250
3213,191751979614,1210
3214,208679508709,2490
3215,121937415567,1220
3216,219868400341,8330
3217,70066559000,460
3218,907660754,138980
3219,156889060171,2730
3220,102563691458,18030
3221,4866703134,48380
3222,178675229002,12480
3223,30258606523,6070
3224,238190369282,12390
3225,94727488090,820
3226,61453934039,2340
3227,32108193280,300
3228,108362284292,11750
3229,55796440995,6160
3230,222569438464,4150
3231,57117176526,6580
3232,99118592818,4420
3233,238865630052,3580
3234,112685745512,1750
3235,117367881365,3730
3236,290904602504,7230
3237,375129266325,16690
3238,1413838214,51450
3239,97743244932,4700
3240,51885921711,7270
3241,121820400642,9620
3242,42126771892,2270
3243,2948595252,4860
3244,43302018275,100
3245,27560964378,6270
3246,137392956366,2940
3247,29172758230,5000
3248,106322342137,2720
3249,90779940077,600
3250,62338115753,40300
3251,40624617520,8470
3252,60496631352,880
3253,290934301818,13410
3254,100028100898,930
3255,53985246186,2700
3256,45517893441,5840
3257,40890665925,13430
3258,93783243686,760
3259,175945495161,13370
3260,31826517683,720
3261,59226881337,870
3262,119526893292,10570
3263,88722338813,3090
3264,28537712346,7870
3265,486850975053,27850
3266,68083932843,20650
3267,193483570227,24710
3268,124716732247,2890
3269,234829643631,1930
3270,132491531539,10240
3271,185950660757,20220
3272,714107357,69170
3273,346043787164,20480
3274,56037529813,1030
3275,78067269993,2580
3276,61101547937,920
3277,98542492083,2950
3278,75400118175,9880
3279,49680989502,7040
3280,80059777386,740
3281,127073676984,7980
3282,50757478062,5860
3283,41955067990,320
3284,67934457459,540
3285,384236791387,29540
3286,583633963694,28390
3287,72983359245,2180
3288,94493753555,1410
3289,43686305551,5880
3290,116604039473,9990
3291,72852670088,7830
3292,40237694526,2500
3293,60960264234,230
3294,58890270416,280
3295,107968223274,7600
3296,40850300611,590
3297,45120559035,470
3298,79011090020,2120
3299,109313562938,1380
3300,90053365692,2250
3301,156235749232,3440
3302,151236522762,1110
3303,86526636307,3620
3304,84472614681,1170
3305,80305972008,7540
3306,50430673148,6780
3307,94493753555,1410
3308,5418906850,4840
3309,205037069558,3480
3310,69946297306,7760
3311,159175440083,4220
3312,74788927990,2110
3313,68924808345,2400
3314,131673060929,4470
3315,452204887581,21140
3316,431385882281,17420
3317,472347458056,25340
3318,124066917565,950
3319,85252664020,11060
3320,1975262994,500000
3321,101361612453,1280
3322,153355585530,3340
3323,42436950870,8120
3324,61725941944,60
3325,101885162982,830
3326,726072385,58360
3327,123526950266,3540
3328,56859075500,10420
3329,50990217048,1240
3330,880369726,147130
3331,60496631352,880
3332,170820761152,1270
3333,28236807290,5510
3334,41042771838,1040
3335,68929957778,260
3336,477924196136,26020
3337,433385802000,25550
3338,49129027283,90
3339,28580339714,5010
3340,25253434846,80
3341,131824150622,1160
3342,35779916790,2420
3343,124180262118,8860
3344,63739873644,2200
3345,43724517146,730
3346,84779091176,810
3347,12797224220,5120
3348,82642971223,1130
3349,98329836996,13140
3350,101361612453,1280
3351,6421976007,4940
3352,216465132288,8280
3353,105539689951,210
3354,83230192297,2090
3355,84252583580,700
3356,64647082491,5570
3357,194568440012,13660
3358,216050752735,8910
3359,1975262994,500000
3360,32076400274,490
3361,107936557388,680
3362,118197247984,13080
3363,122066618459,1740
3364,178675229002,12480
3365,202428532003,20600
3366,41961946120,2210
3367,93588030834,1850
3368,376986039,124990
3369,60496631352,880
3370,131686266272,9640
3371,49816641833,3020
3372,433851014829,29820
3373,49129027283,90
3374,45098367904,570
3375,217481586034,19730
3376,203902884181,4040
3377,18740281745,7400
3378,105115644653,11980
3379,62131654487,2480
3380,330303557563,16350
3381,92050091720,400
3382,62302014435,2710
3383,65163237561,140
3384,87766938435,3780
3385,96967453903,1370
3386,52279925496,41050
3387,448380264587,4360
3388,28514346275,2600
3389,179500055686,2750
3390,86978178616,1340
3391,1975262994,500000
3392,121937415567,1220
3393,74240722583,7260
3394,122631567974,770
3395,33779249347,7660
3396,136966839363,4730
3397,74244937398,2460
3398,155696682352,3550
3399,18022450266,5460
3400,227870500774,3750
3401,212157818197,3590
3402,70687156451,3310
3403,83898868552,13160
3404,98642040344,17970
3405,77796122319,2330
3406,139656650573,9790
3407,106712103448,2570
3408,342811604968,21400
3409,124686738265,1660
3410,55366832003,1700
3411,82612794109,2990
3412,76441529591,2170
3413,110464862700,960
3414,18740281745,7400
3415,64647082491,5570
3416,94493753555,1410
3417,129525080666,7640
3418,27692870168,150
3419,24618593947,5610
3420,59226881337,870
3421,181644364579,1950
3422,212157818197,3590
3423,52570165285,3200
3424,58890270416,280
3425,56832116723,2160
3426,269931860065,14870
3427,881819573,61680
3428,68924808345,2400
3429,93588030834,1850
3430,90010946176,580
3431,41042771838,1040
3432,64647082491,5570
3433,118418839284,50
3434,305058702100,15280
3435,67674258094,3140
3436,156235749232,3440
3437,72806873060,980
3438,131528169730,7880
3439,135991314182,20640
3440,49129027283,90
3441,71640640576,9120
3442,78067269993,2580
3443,137392956366,2940
3444,243311448974,21540
3445,70687156451,3310
3446,41955067990,320
3447,574797200589,21160
3448,43302018275,100
3449,92050091720,400
3450,90779940077,600
3451,124229639694,13040
3452,252836184487,4400
3453,208679508709,2490
3454,51676712135,6450
3455,117505305482,9750
3456,84608950633,1150
3457,103253208214,3060
3458,103589066421,710
3459,50451623609,270
3460,131645711879,3300
3461,89132432651,3680
3462,314893762566,17670
3463,74240722583,7260
3464,67888573235,10390
3465,305921630537,1330
3466,372114883053,14340
3467,129711314691,1470
3468,145250010066,9820
3469,122631567974,770
3470,58178546254,110
3471,313808773256,18640
3472,125494572854,2790
3473,45964491893,10130
3474,60960264234,230
3475,55366832003,1700
3476,895563957,111550
3477,82839366775,170
3478,75017512010,15620
3479,60821987225,450
3480,364339417650,1810
3481,84472614681,1170
3482,29600757600,5450
3483,30812375782,240
3484,56223813455,120
3485,40850300611,590
3486,58816675549,2070
3487,170043687108,1600
3488,117297285610,9520
3489,82256313594,1900
3490,256357298906,1920
3491,112685745512,1750
3492,67737160904,350
3493,151861797967,18000
3494,200858741764,2910
3495,56003172621,10060
3496,60099935059,1200
3497,239738162060,23320
3498,3700805973,47320
3499,113348991642,3860
3500,69042332603,3400
3501,106322342137,2720
3502,120768761351,1510
3503,271840063,63880
3504,69087221093,8190
3505,96967453903,1370
3506,183787441844,1670
3507,992111515,48670
3508,131113847270,390
3509,60960264234,230
3510,128749392308,16630
3511,65781117310,650
3512,109313562938,1380
3513,221374552532,9920
3514,287947787978,1780
3515,172901447040,1770
3516,100028100898,930
3517,47118323268,620
3518,110464862700,960
3519,74144400044,1460
3520,207145243176,16320
3521,361359962910,15790
3522,1975262994,500000
3523,25253434846,80
3524,131662964930,1960
3525,80059777386,740
3526,81139498985,900
3527,96967453903,1370
3528,47118323268,620
3529,431939729481,16840
3530,50990217048,1240
3531,80654514782,12330
3532,106322342137,2720
3533,1975262994,500000
3534,37822601018,6130
3535,101994356262,2230
3536,45939911069,220
3537,49758437040,660
3538,104684722447,6980
3539,48523398203,10740
3540,80858363229,3570
3541,86180982971,420
3542,276736276458,4480
3543,57973326518,7500
3544,43933893144,190
3545,99377160657,1020
3546,119371344394,2740
3547,52431716949,20
3548,124066917565,950
3549,170820761152,1270
3550,5251770766,48070
3551,88020370137,530
3552,826034948,49130
3553,227911090458,30500
3554,239016172949,7940
3555,114588076953,4000
3556,143424719316,3880
3557,157576878199,10810
3558,173986076437,4600
3559,179818891168,8850
3560,101714752894,1440
3561,43708497780,6990
3562,78192015537,180
3563,90617778306,3080
3564,100028100898,930
3565,66082337379,250
3566,162774389031,11860
3567,63739873644,2200
3568,38161270780,2800
3569,74788927990,2110
3570,138037134966,30760
3571,25884123093,6950
3572,227870500774,3750
3573,145590868621,7250
3574,127233082220,18850
3575,127144283082,2970
3576,25124630829,6210
3577,49758437040,660
3578,183787441844,1670
3579,84779091176,810
3580,45120559035,470
3581,245979830042,35930
3582,70066559000,460
3583,64412539941,10780
3584,56372415338,3240
3585,454554574360,20410
3586,146742188990,34740
3587,224310406795,1940
3588,47391912032,630
3589,1028554273,53880
3590,298030853590,18690
3591,865162999,196960
3592,15397241800,5790
3593,149493836232,2080
3594,49863135579,360
3595,49863135579,360
3596,72806873060,980
3597,251995681300,1430
3598,317202485203,9280
3599,565048309,108860
3600,78192015537,180
3601,69244101927,16370
3602,25253434846,80
3603,84995950166,39050
3604,242128856846,1610
3605,45939911069,220
3606,79011090020,2120
3607,98981538231,2920
3608,135349753587,790
3609,80770823658,440
3610,80059777386,740
3611,66789323270,1720
3612,93783243686,760
3613,250206248525,2010
3614,131113847270,390
3615,51463158363,5500
3616,187195591661,4720
3617,59204368415,430
3618,313256110030,3270
3619,2496230018,49490
3620,60099935059,1200
3621,89693358406,12420
3622,102833243252,2620
3623,232068515038,22050
3624,37822601018,6130
3625,71572254688,200
3626,1912444589,48890
3627,95346828339,2610
3628,1070271719,72280
3629,60420501673,10840
3630,271332434429,23660
3631,92721515547,2930
3632,7738216904,4970
3633,122936872239,2240
3634,1975262994,500000
3635,67737160904,350
3636,28236807290,5510
3637,316089817330,4490
3638,41554485205,2660
3639,65163237561,140
3640,81633701432,3260
3641,32076400274,490
3642,139289824898,27700
3643,56513317946,10340
3644,164363345478,890
3645,105539689951,210
3646,1112381314,53540
3647,82642971223,1130
3648,1975262994,500000
3649,101369152900,1000
3650,46091536040,17160
3651,6569900158,47040
3652,98080650269,27090
3653,104236107795,8650
3654,131673060929,4470
3655,67737160904,350
3656,99118592818,4420
3657,101369152900,1000
3658,66082337379,250
3659,190449996714,3450
3660,1128884062,52630
3661,94493753555,1410
3662,96668564087,2650
3663,75583195451,2680
3664,60496631352,880
3665,151254074807,1060
3666,302948465175,25810
3667,42204794671,2050
3668,120982208196,690
3669,101885162982,830
3670,101885162982,830
3671,25596876568,5660
3672,334443108053,12070
3673,183241998306,8720
3674,97743244932,4700
3675,106142514829,1500
3676,107936557388,680
3677,96967453903,1370
3678,38372501717,5920
3679,3209037111,4830
3680,151236522762,1110
3681,597220080927,21580
3682,70405240696,6090
3683,106142514829,1500
3684,71572254688,200
3685,49816641833,3020
3686,499122772286,24220
3687,94323533080,14090
3688,34897395316,160
3689,65163237561,140
3690,119371344394,2740
3691,311336931889,9140
3692,142546776508,25740
3693,80770823658,440
3694,32651211274,5250
3695,268594748514,20370
3696,49129027283,90
3697,48639308075,7770
3698,25253434846,80
3699,151236522762,1110
3700,36647658419,6740
3701,467550970188,31670
3702,76989821230,4080
3703,111485484791,9500
3704,131673060929,4470
3705,131824150622,1160
3706,55767366440,340
3707,625672497,131230
3708,27945882701,6620
3709,1975262994,500000
3710,994496527,82920
3711,77749403486,70
3712,114588076953,4000
3713,93222876819,30900
3714,124821083928,4760
3715,191751979614,1210
3716,151733531073,10640
3717,25360796048,40920
3718,83230192297,2090
3719,22188796969,5470
3720,425896463907,9310
3721,70066559000,460
3722,1134673729,73520
3723,44526267653,6700
3724,104708153949,1080
3725,958544343,55240
3726,77172195068,2540
3727,89926387340,1480
3728,47391912032,630
3729,166915487804,11810
3730,50451623609,270
3731,38332703942,8210
3732,170136776270,2670
3733,691041291,205240
3734,58281683024,2690
3735,151236522762,1110
3736,56832116723,2160
3737,156162077510,33890
3738,70066559000,460
3739,26500472506,7150
3740,61101547937,920
3741,121872840177,1320
3742,94707134146,2380
3743,375454131716,15450
3744,1975262994,500000
3745,583203459,145110
3746,392420983744,1830
3747,112685745512,1750
3748,94493753555,1410
3749,202638066814,1580
3750,381609826904,19870
3751,60821987225,450
3752,82256313594,1900
3753,220571779631,26580
3754,231814429022,9800
3755,404447124459,26780
3756,483208658125,21880
3757,1049518793,59420
3758,211439979192,35110
3759,149493836232,2080
3760,79011090020,2120
3761,112589956287,9430
3762,135349753587,790
3763,94060658351,15410
3764,122631567974,770
3765,1074108783,81210
3766,55767366440,340
3767,51272547066,5760
3768,52625414043,7820
3769,65781117310,650
3770,114588076953,4000
3771,22895366458,5110
3772,224240547478,1590
3773,70384229837,1250
3774,1975262994,500000
3775,266308080805,4620
3776,45425720151,1300
3777,66789323270,1720
3778,167104865360,1790
3779,124422762951,13800
3780,433266443754,4610
3781,373177616370,14760
3782,271918167113,3950
3783,315111064748,3180
3784,115405837134,9060
3785,7738216904,4970
3786,22188796969,5470
3787,38142273217,3010
3788,110904093199,11430
3789,170021166287,3630
3790,462116760175,26550
3791,122631567974,770
3792,324244629581,3510
3793,170136776270,2670
3794,74788927990,2110
3795,38522234201,5830
3796,110451953788,4460
3797,463228983698,32500
3798,111364474939,12580
3799,65163237561,140
3800,25253434846,80
3801,74390727076,10200
3802,359239668899,3810
3803,350851064489,25420
3804,37562582908,6530
3805,76989821230,4080
3806,90617778306,3080
3807,193818529453,8630
3808,97617526589,14510
3809,310385181662,12840
3810,48523398203,10740
3811,56223813455,120
3812,74244937398,2460
3813,43974550264,40310
3814,1312970950,51590
3815,60099935059,1200
3816,135349753587,790
3817,191616453669,13290
3818,1975262994,500000
3819,80019714012,1190
3820,101775608322,8600
3821,84252583580,700
3822,59204368415,430
3823,122517206810,20440
3824,294152767160,23280
3825,112600450750,3610
3826,77172195068,2540
3827,64125172050,7410
3828,98080650269,27090
3829,92247556605,3930
3830,87548860167,520
3831,92721515547,2930
3832,36267392414,2280
3833,75017512010,15620
3834,141153086232,1260
3835,2720739913,45440
3836,30812375782,240
3837,191312582704,1180
3838,41955067990,320
3839,5323028053,4870
3840,37716744379,5100
3841,99377160657,1020
3842,98639184346,1360
3843,88020370137,530
3844,142070416273,16230
3845,329779433979,16750
3846,80105756651,1760
3847,477695123230,24450
3848,101885162982,830
3849,238418766511,1390
3850,504046466992,21790
3851,150307406258,14580
3852,111638319511,1730
3853,42685417379,2360
3854,43708497780,6990
3855,78192015537,180
3856,110464862700,960
3857,228892226035,1570
3858,44837788399,10190
3859,122517206810,20440
3860,61725941944,60
3861,2820454144,47630
3862,365945482340,15730
3863,56372415338,3240
3864,50451623609,270
3865,125454079313,2530
3866,106899816185,1050
3867,78192015537,180
3868,85252664020,11060
3869,81478445793,3130
3870,84252583580,700
3871,56832116723,2160
3872,87548860167,520
3873,310835369399,13280
3874,148266203071,35690
3875,45425720151,1300
3876,59173070055,6030
3877,60496631352,880
3878,56579415820,8730
3879,69042332603,3400
3880,82612794109,2990
3881,147129562364,26920
3882,151254074807,1060
3883,34699382519,5030
3884,75294730912,1620
3885,28514346275,2600
3886,241239847562,3790
3887,62090598264,11640
3888,65781117310,650
3889,249200727519,22300
3890,92050091720,400
3891,262535992150,3990
3892,281201376489,15070
3893,66082337379,250
3894,266308080805,4620
3895,172463955133,7610
3896,40516074364,370
3897,1975262994,500000
3898,238418766511,1390
3899,103217171896,2560
3900,80021522014,500
3901,101726564157,610
3902,64890073194,2020
3903,1975262994,500000
3904,93783243686,760
3905,60821987225,450
3906,26310007666,42340
3907,62590210028,9380
3908,66395450977,1840
3909,170021166287,3630
3910,81139498985,900
3911,72806873060,980
3912,28514346275,2600
3913,103217171896,2560
3914,1059101105,56960
3915,286777761448,24240
3916,36275009947,5480
3917,59204368415,430
3918,30812375782,240
3919,30258606523,6070
3920,88020370137,530
3921,143986019833,2450
3922,92059573951,6820
3923,1975262994,500000
3924,136472171712,21630
3925,129678999068,7450
3926,676248262268,4330
3927,137367530190,3770
3928,361882471,122390
3929,30812375782,240
3930,35354346609,6880
3931,56223813455,120
3932,91398627431,2140
3933,628726365,118930
3934,308956994145,12040
3935,258376852383,19570
3936,23071302948,5780
3937,226520592845,1530
3938,106296903207,310
3939,76989821230,4080
3940,78192015537,180
3941,160408063312,24690
3942,28537712346,7870
3943,421170816859,17480
3944,47391912032,630
3945,2611920921,50260
3946,23208513413,5650
3947,96939994391,9460
3948,922816898,125490
3949,36267392414,2280
3950,153313354401,1910
3951,93783243686,760
3952,273915013304,34510
3953,151254074807,1060
3954,81999450566,3370
3955,111215762140,1010
3956,78067269993,2580
3957,56223813455,120
3958,87094989070,13000
3959,53985246186,2700
3960,103589066421,710
3961,49250572269,2320
3962,78948063325,750
3963,17201365042,5540
3964,827704506,87650
3965,151254074807,1060
3966,20495524118,5080
3967,40733882996,6350
3968,60821987225,450
3969,56579415820,8730
3970,93783243686,760
3971,227911090458,30500
3972,12797224220,5120
3973,175889922152,19060
3974,29687788419,5270
3975,57876488930,2260
3976,99377160657,1020
3977,142246061155,15130
3978,64215850764,12620
3979,52431716949,20
3980,205905491357,4590
3981,177361883563,2780
3982,101726564157,610
3983,65781117310,650
3984,80021522014,500
3985,92050091720,400
3986,60821987225,450
3987,45425720151,1300
3988,89926387340,1480
3989,56223813455,120
3990,98366899431,3460
3991,32722598387,5810
3992,117618971785,37130
3993,123379712582,1990
3994,153355585530,3340
3995,197196914572,14330
3996,166602573187,9950
3997,64993513360,800
3998,101275228650,380
3999,410298747896,22740
4000,659013052,102620
4001,119027494125,37090
4002,112600450750,3610
4003,215368355177,19900
4004,218046812,59400
4005,386305228069,14110
4006,34320049839,6650
4007,49129027283,90
4008,388355941949,21360
4009,442824643486,25360
4010,124716732247,2890
4011,91224616445,12160
4012,126995021244,4520
4013,124686738265,1660
4014,45594842282,6050
4015,117747118947,27750
4016,77796122319,2330
4017,210007075326,4260
4018,62993369560,11000
4019,258842654769,26090
4020,122066618459,1740
4021,101714752894,1440
4022,49103044634,8450
4023,43302018275,100
4024,481531387914,23720
4025,53577766147,8540
4026,124821083928,4760
4027,131824150622,1160
4028,58178546254,110
4029,305921630537,1330
4030,41961946120,2210
4031,367077490324,30710
4032,150422872993,26620
4033,98639184346,1360
4034,4466951142,44440
4035,729083602,86800
4036,100028100898,930
4037,47281983995,640
4038,1975262994,500000
4039,46658356612,860
4040,813614789,199170
4041,273415680423,14810
4042,74144400044,1460
4043,203231792840,9340
4044,137695559583,18370
4045,22400649477,6320
4046,65163237561,140
4047,33793016340,290
4048,812330001,242710
4049,106296903207,310
4050,1975262994,500000
4051,48303593261,7320
4052,34415010131,5870
4053,124229639694,13040
4054,124534791685,1490
4055,58816675549,2070
4056,242128856846,1610
4057,152986695780,910
4058,49758437040,660
4059,128711367160,4120
4060,91822558762,5950
4061,94707134146,2380
4062,70066559000,460
4063,52570165285,3200
4064,90779940077,600
4065,98639184346,1360
4066,70405240696,6090
4067,32625033858,5750
4068,155373049042,3430
4069,242128856846,1610
4070,45425720151,1300
4071,245467641846,17510
4072,80059777386,740
4073,148226018279,4770
4074,56037529813,1030
4075,86978178616,1340
4076,507473346456,20200
4077,78125484742,6100
4078,175889922152,19060
4079,95346828339,2610
4080,57008622877,410
4081,167104865360,1790
4082,368136509265,15780
4083,71962546687,8900
4084,44593454671,2310
4085,36545224181,330
4086,101275228650,380
4087,65163237561,140
4088,183121856072,36900
4089,88066429072,12100
4090,141153086232,1260
4091,127144283082,2970
4092,2137284455,50560
4093,58185025197,5360
4094,231197845378,4430
4095,50990217048,1240
4096,66082337379,250
4097,372371107444,15520
4098,60099935059,1200
4099,80392225592,20010
4100,45098367904,570
4101,176513601252,9780
4102,32108193280,300
4103,953884854,58690
4104,162531554777,13300
4105,45120559035,470
4106,159278457926,18460
4107,104862428802,560
4108,950107926,130230
4109,104378837642,2030
4110,139289824898,27700
4111,37502207624,8100
4112,43933893144,190
4113,52431716949,20
4114,369708472929,14250
4115,97743244932,4700
4116,467627504,76260
4117,67934457459,540
4118,80019714012,1190
4119,562484039,73320
4120,47047242349,8090
4121,234829643631,1930
4122,131655069183,3650
4123,45939911069,220
4124,68750668050,37940
4125,114588076953,4000
4126,336379436499,11630
4127,28537712346,7870
4128,38522234201,5830
4129,119431354908,20080
4130,321525194480,20090
4131,43439102506,510
4132,30812375782,240
4133,68929957778,260
4134,90779940077,600
4135,223326251332,25390
4136,45425720151,1300
4137,155237336736,4010
4138,47118323268,620
4139,183787441844,1670
4140,47118323268,620
4141,163135545268,21180
4142,41827452261,6240
4143,99422780938,3720
4144,1013701211,55560
4145,68924808345,2400
4146,143424719316,3880
4147,59777924621,670
4148,63050163307,6850
4149,131113847270,390
4150,114588076953,4000
4151,28514346275,2600
4152,112685745512,1750
4153,380418498209,13960
4154,101329016040,4060
4155,104236107795,8650
4156,38522234201,5830
4157,94707134146,2380
4158,29600757600,5450
4159,55767366440,340
4160,179500055686,2750
4161,32913152210,6370
4162,52273881639,6360
4163,80770823658,440
4164,183787441844,1670
4165,26500472506,7150
4166,121800372998,16670
4167,59746745628,8380
4168,132008669929,1420
4169,31153498323,7100
4170,133662122763,1090
4171,242128856846,1610
4172,35494189856,9190
4173,179432988679,1680
4174,52166381291,10990
4175,322097148104,3600
4176,128453738208,3530
4177,105888104082,16890
4178,191312582704,1180
4179,133539019697,3380
4180,1005757251,82320
4181,6186958534,4990
4182,34897395316,160
4183,61725941944,60
4184,47118323268,620
4185,56372415338,3240
4186,38142273217,3010
4187,80320998736,16220
4188,98329836996,13140
4189,104862428802,560
4190,148226018279,4770
4191,101275228650,380
4192,203902884181,4040
4193,146450699297,22890
4194,77740237941,37440
4195,120476431461,990
4196,234829643631,1930
4197,124618142108,3050
4198,57117176526,6580
4199,1773893350,49620
4200,32076400274,490
4201,142739595373,3840
4202,433266443754,4610
4203,106899816185,1050
4204,52570165285,3200
4205,183787441844,1670
4206,481917553221,27730
4207,49129027283,90
4208,157447917857,8760
4209,57403176979,550
4210,79995350652,2410
4211,114395401594,17380
4212,83473516964,2860
4213,59226881337,870
4214,58890270416,280
4215,740876658,154940
4216,331031484838,17630
4217,67934457459,540
4218,58890270416,280
4219,152742817839,1140
4220,188235373828,3170
4221,135349753587,790
4222,80021522014,500
4223,60821987225,450
4224,58281683024,2690
4225,69359389346,18350
4226,65522913644,3980
4227,429636846,67480
4228,59226881337,870
4229,34320049839,6650
4230,251995681300,1430
4231,561007251997,4310
4232,71572254688,200
4233,90998740998,6860
4234,49758437040,660
4235,67572794731,16430
4236,258450757954,4180
4237,205905491357,4590
4238,105405398718,4740
4239,60821987225,450
4240,106142514829,1500
4241,237020042782,19150
4242,50990217048,1240
4243,60821987225,450
4244,88020370137,530
4245,56223813455,120
4246,82256313594,1900
4247,104506677025,2100
4248,59777924621,670
4249,668114455,109010
4250,80019714012,1190
4251,214728298425,35470
4252,388849666053,23410
4253,39369397526,7440
4254,68924808345,2400
4255,98981538231,2920
4256,150903458658,4350
4257,61453934039,2340
4258,63739873644,2200
4259,61101547937,920
4260,75294730912,1620
4261,77749403486,70
4262,155373049042,3430
4263,39251269671,14040
4264,76776947223,480
4265,98639184346,1360
4266,279951208538,16900
4267,1975262994,500000
4268,170820761152,1270
4269,183458969290,1550
4270,118035892488,2300
4271,256822091004,21100
4272,160004804489,17220
4273,100081444759,8550
4274,137392956366,2940
4275,90647349217,4200
4276,242128856846,1610
4277,49863135579,360
4278,86526636307,3620
4279,249794777388,31510
4280,84949133134,7050
4281,172377290247,17050
4282,507428197937,23250
4283,105539689951,210
4284,80021522014,500
4285,56223813455,120
4286,80770823658,440
4287,322482928323,30060
4288,55366832003,1700
4289,32076400274,490
4290,100296208053,8040
4291,184771619429,25940
4292,84518034214,16360
4293,43933893144,190
4294,187195591661,4720
4295,35779916790,2420
4296,323039799318,4750
4297,133662122763,1090
4298,94676947058,10830
4299,121937415567,1220
4300,104708153949,1080
4301,333445545208,4030
4302,68941641310,8660
4303,32108193280,300
4304,44617558815,7240
4305,82256313594,1900
4306,498955751253,30040
4307,59761612101,7020
4308,76776947223,480
4309,74366460450,11900
4310,124716732247,2890
4311,106216221633,2640
4312,62993369560,11000
4313,86524639298,16500
4314,183458969290,1550
4315,80059777386,740
4316,473009077881,4570
4317,238865630052,3580
4318,67737160904,350
4319,1975262994,500000
4320,172526290279,2630
4321,40262456835,5700
4322,106296903207,310
4323,123379712582,1990
4324,124534791685,1490
4325,48523398203,10740
4326,92247556605,3930
4327,135590149921,1890
4328,92050091720,400
4329,49250572269,2320
4330,124618142108,3050
4331,28514346275,2600
4332,328566757,83370
4333,32525416093,5380
4334,100028100898,930
4335,27692870168,150
4336,104780264134,2590
4337,56225808883,7110
4338,43302018275,100
4339,23313047806,5820
4340,164193034306,25130
4341,46132598759,6930
4342,90010946176,580
4343,85252664020,11060
4344,55767366440,340
4345,80688898385,2190
4346,84779091176,810
4347,106296903207,310
4348,112339940378,30
4349,21748102406,5490
4350,81787990301,8020
4351,136966839363,4730
4352,67934457459,540
4353,282615939486,1880
4354,58281683024,2690
4355,165917702884,11580
4356,147649071647,24090
4357,77548775779,3800
4358,116274286700,3150
4359,117747118947,27750
4360,34897395316,160
4361,124618142108,3050
4362,56223813455,120
4363,919802260,127810
4364,30812375782,240
4365,315111064748,3180
4366,631690912,160600
4367,52570165285,3200
4368,128003676964,8960
4369,49758437040,660
4370,73070116809,3470
4371,98366899431,3460
4372,112339940378,30
4373,60821987225,450
4374,43621376315,10520
4375,102090220086,1100
4376,84608950633,1150
4377,100028100898,930
4378,120982208196,690
4379,74244937398,2460
4380,67737160904,350
4381,30812375782,240
4382,340210596830,7910
4383,163009793070,2760
4384,73428085564,9860
4385,178051754562,840
4386,340898723883,14030
4387,101714752894,1440
4388,520144736757,31080
4389,36545224181,330
4390,65522913644,3980
4391,70384229837,1250
4392,55900713629,6970
4393,63805204454,10260
4394,65163237561,140
4395,37595832015,7590
4396,80019714012,1190
4397,795480814,54020
4398,72806873060,980
4399,4808236957,4880
4400,437223740304,19360
4401,102833243252,2620
4402,94060658351,15410
4403,453777314211,21440
4404,60496631352,880
4405,124618142108,3050
4406,82092444804,11110
4407,133775738410,8420
4408,189245287265,10970
4409,173986076437,4600
4410,152742817839,1140
4411,2383024139,50090
4412,102090220086,1100
4413,17618251875,4930
4414,100028100898,930
4415,118035892488,2300
4416,178805391189,1650
4417,65245340487,2880
4418,76776947223,480
4419,52431716949,20
4420,41596773282,6760
4421,30812375782,240
4422,239496621429,28380
4423,99377160657,1020
4424,102389924742,14350
4425,110464862700,960
4426,81055792434,40
4427,47603043939,8390
4428,158978114121,4380
4429,63674638577,7330
4430,79995350652,2410
4431,104780264134,2590
4432,364114296729,13620
4433,80019714012,1190
4434,87766938435,3780
4435,262535992150,3990
4436,122024971438,9960
4437,66082337379,250
4438,65163237561,140
4439,123375792196,3500
4440,91196015251,13550
4441,69640478984,12270
4442,60099935059,1200
4443,70545513912,3120
4444,262667263053,32280
4445,200770473590,4540
4446,78269674700,7300
4447,233175820769,1640
4448,101885162982,830
4449,44837788399,10190
4450,100296208053,8040
4451,89926387340,1480
4452,27945882701,6620
4453,20251836273,6720
4454,62421603863,2550
4455,101994356262,2230
4456,205547316059,12780
4457,36267392414,2280
4458,12797224220,5120
4459,225492421384,4390
4460,60496631352,880
4461,192113027593,13590
4462,497209485462,18130
4463,234425679530,30640
4464,28236807290,5510
4465,43302018275,100
4466,47281983995,640
4467,240597152376,19650
4468,718191176,62830
4469,63739873644,2200
4470,139956730726,13930
4471,143363705086,16640
4472,172463955133,7610
4473,84252583580,700
4474,10756893633,5300
4475,60960264234,230
4476,30258606523,6070
4477,37716744379,5100
4478,40237694526,2500
4479,49247376103,8890
4480,23160368456,6690
4481,141153086232,1260
4482,106899816185,1050
4483,44412845232,8840
4484,82256313594,1900
4485,49863135579,360
4486,94727488090,820
4487,143424719316,3880
4488,68777617430,12590
4489,148226018279,4770
4490,41793374223,3420
4491,66395450977,1840
4492,68941641310,8660
4493,227870500774,3750
4494,78913019840,7130
4495,103217171896,2560
4496,40850300611,590
4497,106142514829,1500
4498,291784678562,1800
4499,121076781976,3390
4500,242292457524,1690
4501,271479932845,10100
4502,238961113772,33080
4503,124180262118,8860
4504,47281983995,640
4505,53985246186,2700
4506,92050091720,400
4507,68929957778,260
4508,324485561584,22630
4509,106296903207,310
4510,52388407628,9660
4511,82642971223,1130
4512,50451623609,270
4513,99451906043,2040
4514,222565225830,3350
4515,222105616729,27490
4516,47239174813,39420
4517,98639184346,1360
4518,49863135579,360
4519,122054331225,8300
4520,42436950870,8120
4521,71572254688,200
4522,58890270416,280
4523,153488493509,4130
4524,45939911069,220
4525,180330948142,1120
4526,18475709910,6420
4527,76776947223,480
4528,58178546254,110
4529,101292285962,3230
4530,53483602576,9560
4531,109313562938,1380
4532,49863135579,360
4533,163567397681,11130
4534,361038447903,15590
4535,255940011219,17120
4536,60496631352,880
4537,70497131551,6310
4538,41793374223,3420
4539,241911685481,18780
4540,101714752894,1440
4541,56037529813,1030
4542,205619588757,21640
4543,105539689951,210
4544,70384229837,1250
4545,162531554777,13300
4546,87548860167,520
4547,34897395316,160
4548,65245340487,2880
4549,401811498725,9910
4550,145590868621,7250
4551,3209037111,4830
4552,38142273217,3010
4553,100028100898,930
4554,316545120802,29270
4555,184333996991,9300
4556,133662122763,1090
4557,984122116,58770
4558,88020370137,530
4559,352822162495,9370
4560,78192015537,180
4561,183458969290,1550
4562,144656503752,1230
4563,18739169539,44090
4564,60821987225,450
4565,247708493540,12170
4566,14518655627,5040
4567,56372415338,3240
4568,396663349841,22160
4569,158439706771,13830
4570,131662964930,1960
4571,40516074364,370
4572,124534791685,1490
4573,124686738265,1660
4574,105539689951,210
4575,10756893633,5300
4576,1897540749,48450
4577,92050091720,400
4578,21038498155,6670
4579,610912755322,28780
4580,162099813614,19560
4581,737859908,138750
4582,76469790341,850
4583,111215762140,1010
4584,106296903207,310
4585,382065472530,15700
4586,674219089,112910
4587,59226881337,870
4588,32108193280,300
4589,174690943564,1980
4590,173986076437,4600
4591,574992142894,22120
4592,227727692647,940
4593,50990217048,1240
4594,5418906850,4840
4595,41827452261,6240
4596,84779091176,810
4597,49816641833,3020
4598,434601703,136300
4599,81999450566,3370
4600,47281983995,640
4601,88598597766,6480
4602,58890270416,280
4603,191751979614,1210
4604,67355749045,3970
4605,9303762909,45580
4606,224240547478,1590
4607,81478445793,3130
4608,41042771838,1040
4609,122929250333,7340
4610,278588045992,23040
4611,57403176979,550
4612,43437017857,6340
4613,397621025206,8440
4614,57876488930,2260
4615,45939911069,220
4616,364339417650,1810
4617,472437484367,21740
4618,242128856846,1610
4619,681118615,60850
4620,123697776613,18360
4621,178184420633,2350
4622,126486814426,8150
4623,62131654487,2480
4624,205030809541,10960
4625,203902884181,4040
4626,136966839363,4730
4627,92220337179,9540
4628,1975262994,500000
4629,143504829937,19540
4630,94493753555,1410
4631,87548860167,520
4632,191751979614,1210
4633,16296896986,5070
4634,62131654487,2480
4635,36933304454,39880
4636,81382773282,6390
4637,43439102506,510
4638,65781117310,650
4639,86978178616,1340
4640,313946019656,9720
4641,25253434846,80
4642,33793016340,290
4643,29687788419,5270
4644,79011090020,2120
4645,88020370137,530
4646,75005928131,13950
4647,126816051529,37700
4648,15489656755,45230
4649,135590149921,1890
4650,27692870168,150
4651,195015540362,3920
4652,80770823658,440
4653,93588030834,1850
4654,66395450977,1840
4655,226520592845,1530
4656,159175440083,4220
4657,35779916790,2420
4658,311645394489,16000
4659,84252583580,700
4660,75741317424,3560
4661,104378837642,2030
4662,127400659985,1560
4663,92867734927,7380
4664,92220337179,9540
4665,117367881365,3730
4666,66395450977,1840
4667,50451623609,270
4668,118418839284,50
4669,84911739839,1400
4670,56859075500,10420
4671,96668564087,2650
4672,18561430017,5180
4673,74931252431,7220
4674,189605318504,34920
4675,294939505922,3830
4676,135687597391,4050
4677,103436056578,11990
4678,172526290279,2630
4679,112600450750,3610
4680,181644364579,1950
4681,40850300611,590
4682,107936557388,680
4683,73021793509,7850
4684,87548860167,520
4685,78269674700,7300
4686,117747118947,27750
4687,178051754562,840
4688,191312582704,1180
4689,11586090814,5430
4690,93783243686,760
4691,81999450566,3370
4692,37114684586,40990
4693,156638151037,10470
4694,197438218185,26200
4695,122158310755,3160
4696,144010627517,11930
4697,556411464012,23530
4698,212157818197,3590
4699,242292457524,1690
4700,24312071325,5960
4701,58816675549,2070
4702,94727488090,820
4703,60496631352,880
4704,47391912032,630
4705,92100406900,12060
4706,38161270780,2800
4707,94493753555,1410
4708,62014001900,7490
4709,67674258094,3140
4710,566019436467,23990
4711,426901006132,24100
4712,88722338813,3090
4713,62302014435,2710
4714,17416885504,5210
4715,79999440702,36520
4716,80105756651,1760
4717,124686738265,1660
4718,104860493687,11330
4719,39369397526,7440
4720,62710349910,2440
4721,55767366440,340
4722,121937415567,1220
4723,32108193280,300
4724,95346828339,2610
4725,156889060171,2730
4726,40260692577,6300
4727,231407959034,11460
4728,22188796969,5470
4729,63050163307,6850
4730,49103044634,8450
4731,27208814815,6520
4732,31473004305,6540
4733,52388407628,9660
4734,131662964930,1960
4735,172901447040,1770
4736,75294730912,1620
4737,182811847229,10080
4738,89132432651,3680
4739,164363345478,890
4740,36275009947,5480
4741,74144400044,1460
4742,56037529813,1030
4743,49863135579,360
4744,108700485294,7740
4745,24618593947,5610
4746,182186923953,8030
4747,75454446392,12970
4748,101292285962,3230
4749,60099935059,1200
4750,1557317165,49790
4751,144656503752,1230
4752,70589778267,9900
4753,82286851533,12080
4754,78192015537,180
4755,38142273217,3010
4756,25253434846,80
4757,190116397026,8940
4758,36545224181,330
4759,82092444804,11110
4760,45098367904,570
4761,50451623609,270
4762,9522628999,4910
4763,160408063312,24690
4764,256357298906,1920
4765,265797424049,3710
4766,25884123093,6950
4767,141630065875,18160
4768,47281983995,640
4769,37686582514,5800
4770,21038498155,6670
4771,233175820769,1640
4772,6421976007,4940
4773,131766787518,4020
4774,286434390660,11380
4775,37686582514,5800
4776,1975262994,500000
4777,81055792434,40
4778,68777617430,12590
4779,62302014435,2710
4780,149207378567,1070
4781,42126771892,2270
4782,56037529813,1030
4783,43724517146,730
4784,16232262677,42770
4785,99377160657,1020
4786,189677860676,4790
4787,639379966,55430
4788,120574212427,18260
4789,25124630829,6210
4790,40850300611,590
4791,53985246186,2700
4792,144656503752,1230
4793,197245692523,16800
4794,351343970899,15680
4795,32108193280,300
4796,93783243686,760
4797,127976796983,2470
4798,75809865245,35790
4799,65730522904,10490
4800,274573692769,4690
4801,98918725019,6510
4802,32108193280,300
4803,84252583580,700
4804,30812375782,240
4805,82839366775,170
4806,27560964378,6270
4807,94727488090,820
4808,300970315055,29150
4809,188235373828,3170
4810,60821987225,450
4811,182159903025,2390
4812,122936872239,2240
4813,40516074364,370
4814,89926387340,1480
4815,109313562938,1380
4816,38258660427,13570
4817,81633701432,3260
4818,122760252495,18720
4819,116274286700,3150
4820,84608950633,1150
4821,66082337379,250
4822,75294730912,1620
4823,179047377523,1520
4824,106322342137,2720
4825,64215850764,12620
4826,95346828339,2610
4827,271332434429,23660
4828,1975262994,500000
4829,72806873060,980
4830,57180738450,7000
4831,45964491893,10130
4832,15290713179,44460
4833,101885162982,830
4834,75400118175,9880
4835,298391433882,17640
4836,91909307877,1290
4837,610322521300,22870
4838,63451338348,3280
4839,173216545650,12320
4840,117980640372,8460
4841,16296896986,5070
4842,51031481674,6180
4843,48656495363,6590
4844,172397425014,14850
4845,37562582908,6530
4846,52431716949,20
4847,417887307407,21730
4848,49250572269,2320
4849,22977212943,40420
4850,1094318992,58870
4851,46658356612,860
4852,52431716949,20
4853,68929957778,260
4854,62131654487,2480
4855,223989555624,1310
4856,147129562364,26920
4857,363450472079,24460
4858,80021522014,500
4859,108951776081,10040
4860,91595119791,5170
4861,72806873060,980
4862,92259768405,10580
4863,10756893633,5300
4864,319786232357,12150
4865,101714752894,1440
4866,392675229923,17600
4867,204208161224,36870
4868,710094943,95240
4869,58480373169,6900
4870,2948595252,4860
4871,80770823658,440
4872,44617558815,7240
4873,101369152900,1000
4874,1975262994,500000
4875,308197651250,15760
4876,82839366775,170
4877,32108193280,300
4878,49863135579,360
4879,68302055099,7670
4880,76270054146,8080
4881,38332703942,8210
4882,537679051,145430
4883,156889060171,2730
4884,10756893633,5300
4885,118482946242,12820
4886,123526950266,3540
4887,64993513360,800
4888,84608950633,1150
4889,137392956366,2940
4890,113226429143,23860
4891,131766787518,4020
4892,47391912032,630
4893,33829669173,6280
4894,131113847270,390
4895,78948063325,750
4896,84911739839,1400
4897,133491773460,15880
4898,33793016340,290
4899,353634669537,14570
4900,61101547937,920
4901,45098367904,570
4902,79243000809,2520
4903,67355749045,3970
4904,107490183873,15060
4905,40262456835,5700
4906,80688898385,2190
4907,471352428,87610
4908,81139498985,900
4909,151001162246,2770
4910,892056105,71830
4911,258191853826,16200
4912,120982208196,690
4913,307424435963,26950
4914,45472151126,10360
4915,97224371604,2820
4916,83230192297,2090
4917,80109618511,39940
4918,139920801741,7200
4919,58178546254,110
4920,33793016340,290
4921,84911739839,1400
4922,105115644653,11980
4923,40516074364,370
4924,38161270780,2800
4925,70384229837,1250
4926,86180982971,420
4927,38161270780,2800
4928,42685417379,2360
4929,306180876174,16190
4930,62302014435,2710
4931,7965475293,44290
4932,67674258094,3140
4933,34897395316,160
4934,343253943477,30070
4935,322097148104,3600
4936,131368555397,36390
4937,4380319024,4920
4938,143986019833,2450
4939,20495524118,5080
4940,45425720151,1300
4941,57403176979,550
4942,620120121336,4210
4943,101726564157,610
4944,84911739839,1400
4945,106142514829,1500
4946,272357192248,21000
4947,106899816185,1050
4948,50990217048,1240
4949,136543523683,3070
4950,121937415567,1220
4951,55767366440,340
4952,33793016340,290
4953,124618142108,3050
4954,66948224940,10180
4955,1164237554,52640
4956,181582225199,19860
4957,1654268039,50600
4958,120768761351,1510
4959,281088020875,16120
4960,948988328,73870
4961,99377160657,1020
4962,126534011785,2980
4963,101726564157,610
4964,107936557388,680
4965,212684483213,3100
4966,60960264234,230
4967,467417711756,32550
4968,81639073802,7900
4969,50990217048,1240
4970,372812468828,14840
4971,67795885527,3850
4972,58281683024,2690
4973,103589066421,710
4974,80021522014,500
4975,63451338348,3280
4976,903468484,90800
4977,63805204454,10260
4978,168496481572,30180
4979,40260692577,6300
4980,81633701432,3260
4981,91558294070,8680
4982,212684483213,3100
4983,131113847270,390
4984,93588030834,1850
4985,66082337379,250
4986,57742883926,8920
4987,100866331078,8340
4988,47391912032,630
4989,80059777386,740
4990,80858363229,3570
4991,59819350733,11310
4992,206473175079,25600
4993,49863135579,360
4994,599529854724,28960
4995,151109670299,8400
4996,55506584156,9610
4997,98639184346,1360
4998,143424719316,3880
4999,41042771838,1040
5000,41955067990,320
5001,555473647491,28980
5002,121720223652,2220
5003,261867889752,19600
5004,22723842538,6080
5005,101885162982,830
5006,24212405468,6790
5007,24618593947,5610
5008,765553466,302520
5009,1115852589,76160
5010,555071367158,2960
5011,24911301446,7120
5012,183787441844,1670
5013,101714752894,1440
5014,49250572269,2320
5015,36160409876,6120
5016,119371344394,2740
5017,52431716949,20
5018,112723834382,3320
5019,79995350652,2410
5020,52431716949,20
5021,70384229837,1250
5022,211626202577,18290
5023,107936557388,680
5024,155696682352,3550
5025,79011090020,2120
5026,81999450566,3370
5027,59173070055,6030
5028,119371344394,2740
5029,137933766475,8530
5030,84472614681,1170
5031,80770823658,440
5032,148156301364,1630
5033,117297285610,9520
5034,133662122763,1090
5035,121937415567,1220
5036,237508653549,13990
5037,56003172621,10060
5038,105405398718,4740
5039,98639184346,1360
5040,52663608216,7680
5041,411145552486,31050
5042,153355585530,3340
5043,44593454671,2310
5044,313404931626,20580
5045,630524204,87190
5046,98542492083,2950
5047,236953526307,23470
5048,31826517683,720
5049,136966839363,4730
5050,149493836232,2080
5051,67737160904,350
5052,72852670088,7830
5053,16296896986,5070
5054,9522628999,4910
5055,220099818114,14280
5056,621361647135,4270
5057,36828162916,10120
5058,664717359753,4170
5059,15362821931,5140
5060,40890665925,13430
5061,486619342040,28530
5062,53985246186,2700
5063,288348659989,15110
5064,33793016340,290
5065,129711314691,1470
5066,40850300611,590
5067,18855822971,42070
5068,365455339366,34480
5069,92721515547,2930
5070,32076400274,490
5071,47281983995,640
5072,25253434846,80
5073,1975262994,500000
5074,7318557990,45310
5075,44412845232,8840
5076,219458362677,15290
5077,201500651433,4110
5078,132569566119,14470
5079,121937415567,1220
5080,606330952220,31240
5081,153313354401,1910
5082,98639184346,1360
5083,104506677025,2100
5084,103589066421,710
5085,117344653319,4800
5086,238540589574,20730
5087,94493753555,1410
5088,59226881337,870
5089,596040739016,28750
5090,133662122763,1090
5091,49129027283,90
5092,88020370137,530
5093,56223813455,120
5094,1975262994,500000
5095,159893026920,8070
5096,158978114121,4380
5097,27465739697,5240
5098,408099927762,14370
5099,153540760460,780
5100,42631780150,7690
5101,153313354401,1910
5102,2720739913,45440
5103,314709982001,11800
5104,123379712582,1990
5105,120476431461,990
5106,44411649178,6400
5107,60960264234,230
5108,65781117310,650
5109,357255397065,21380
5110,118515402960,32420
5111,208246650585,20060
5112,1036251809,51730
5113,131113847270,390
5114,59777924621,670
5115,88020370137,530
5116,128724150491,20300
5117,716693404,107060
5118,101780329333,35530
5119,65163237561,140
5120,1975262994,500000
5121,247926865917,16480
5122,31826517683,720
5123,251995681300,1430
5124,80059777386,740
5125,233175820769,1640
5126,150192835139,4370
5127,232068515038,22050
5128,224310406795,1940
5129,52211607429,5710
5130,27622428055,41990
5131,45594842282,6050
5132,70497131551,6310
5133,78192015537,180
5134,30812375782,240
5135,515594579136,30150
5136,660837796,86660
5137,95346828339,2610
5138,41955067990,320
5139,164363345478,890
5140,80059777386,740
5141,81478445793,3130
5142,109313562938,1380
5143,81055792434,40
5144,41955067990,320
5145,79995350652,2410
5146,566475662947,20960
5147,43687001740,5410
5148,161448771317,14640
5149,340033402361,11490
5150,66395450977,1840
5151,83473516964,2860
5152,58281683024,2690
5153,93047133585,3190
5154,109939514770,1710
5155,78243489485,7510
5156,42126771892,2270
5157,167314642801,35980
5158,391778757563,16770
5159,67795885527,3850
5160,49054603850,7210
5161,78692978610,970
5162,7738216904,4970
5163,40087061717,5630
5164,56037529813,1030
5165,43933893144,190
5166,71572254688,200
5167,133662122763,1090
5168,295057442317,11370
5169,156235749232,3440
5170,91398627431,2140
5171,92721515547,2930
5172,90779940077,600
5173,156162077510,33890
5174,491474198964,25560
5175,80770823658,440
5176,64993513360,800
5177,338387261943,34110
5178,515977747272,25970
5179,194732885469,15560
5180,55366832003,1700
5181,1973819400,49960
5182,125260708371,1450
5183,170820761152,1270
5184,164836661172,34790
5185,75701310562,13270
5186,160408063312,24690
5187,175003246890,8870
5188,43439102506,510
5189,153540760460,780
5190,101369152900,1000
5191,81633701432,3260
5192,34699382519,5030
5193,221374552532,9920
5194,485113851718,25120
5195,61453934039,2340
5196,40273639943,6680
5197,588857817,81130
5198,45939911069,220
5199,23555593338,4810
5200,136543523683,3070
5201,80654514782,12330
5202,70399641350,7310
5203,27692870168,150
5204,43724517146,730
5205,78948063325,750
5206,32731776456,5770
5207,215270420349,3290
5208,295862958523,13500
5209,38161270780,2800
5210,183458969290,1550
5211,3122753214,47380
5212,559995203407,29780
5213,150545440597,34860
5214,60960264234,230
5215,58178546254,110
5216,62131654487,2480
5217,581542488,64780
5218,1975262994,500000
5219,159175440083,4220
5220,78948063325,750
5221,235016539215,16680
5222,153313354401,1910
5223,114859139731,7290
5224,76989821230,4080
5225,222569438464,4150
5226,45425720151,1300
5227,78192015537,180
5228,4808236957,4880
5229,114621808011,33400
5230,40273639943,6680
5231,276736276458,4480
5232,90848858659,2000
5233,191161397907,29890
5234,555071367158,2960
5235,388832757000,28400
5236,457216204055,17730
5237,23160368456,6690
5238,128711367160,4120
5239,36545224181,330
5240,56859075500,10420
5241,451949794989,4090
5242,87766938435,3780
5243,2369153757,47950
5244,62171908965,5600
5245,36160409876,6120
5246,101885162982,830
5247,68302055099,7670
5248,88020370137,530
5249,121076781976,3390
5250,392420983744,1830
5251,185950660757,20220
5252,347158520653,8490
5253,621361647135,4270
5254,90779940077,600
5255,89987558558,8260
5256,27208814815,6520
5257,494921678028,18830
5258,43439102506,510
5259,369703653443,8810
5260,305921630537,1330
5261,11130848847,45140
5262,154654975709,12850
5263,74244937398,2460
5264,56003172621,10060
5265,71322995466,12660
5266,38142273217,3010
5267,43933893144,190
5268,10826348650,6150
5269,87598295456,14820
5270,67934457459,540
5271,55767366440,340
5272,219680380376,16520
5273,157173069735,3870
5274,100028100898,930
5275,75813796128,11790
5276,1975262994,500000
5277,89926387340,1480
5278,23071302948,5780
5279,49863135579,360
5280,376962705,194830
5281,68929957778,260
5282,80059777386,740
5283,53659114336,6230
5284,31826517683,720
5285,76776947223,480
5286,116604039473,9990
5287,40516074364,370
5288,32913152210,6370
5289,80770823658,440
5290,98981538231,2920
5291,55767366440,340
5292,130556780134,17000
5293,183458969290,1550
5294,79995350652,2410
5295,124686738265,1660
5296,228892226035,1570
5297,224310406795,1940
5298,76441529591,2170
5299,80105756651,1760
5300,117344653319,4800
5301,80688898385,2190
5302,224240547478,1590
5303,58890270416,280
5304,71572254688,200
5305,236922431750,33260
5306,101361612453,1280
5307,228892226035,1570
5308,41955067990,320
5309,44593454671,2310
5310,106899816185,1050
5311,14289240146,5160
5312,82256313594,1900
5313,30812375782,240
5314,89926387340,1480
5315,129711314691,1470
5316,80688898385,2190
5317,64666929483,8500
5318,68929957778,260
5319,131662964930,1960
5320,68929957778,260
5321,180399575977,13480
5322,38161270780,2800
5323,170043687108,1600
5324,826034948,49130
5325,80059777386,740
5326,1975262994,500000
5327,97803730128,13440
5328,106296903207,310
5329,191312582704,1180
5330,11562262697,44700
5331,25253434846,80
5332,88722338813,3090
5333,104708153949,1080
5334,77796122319,2330
5335,62421603863,2550
5336,51676712135,6450
5337,90010946176,580
5338,41596773282,6760
5339,25253434846,80
5340,430087167777,20120
5341,260722196694,20260
5342,98639184346,1360
5343,75294730912,1620
5344,40850300611,590
5345,68628186945,9000
5346,91398627431,2140
5347,104708153949,1080
5348,18740281745,7400
5349,22188796969,5470
5350,126008877031,18790
5351,270835402354,26790
5352,43302018275,100
5353,88020370137,530
5354,145155845440,4290
5355,82256313594,1900
5356,371149400342,22530
5357,101994356262,2230
5358,63451338348,3280
5359,51463158363,5500
5360,1975262994,500000
5361,49782071365,7360
5362,5401017183,4900
5363,138384485873,12750
5364,876763583,239280
5365,665029231,197880
5366,188235373828,3170
5367,60960264234,230
5368,132867208905,9580
5369,1157429500,78750
5370,62227548864,3960
5371,43439102506,510
5372,70066559000,460
5373,71572254688,200
5374,285409009951,9220
5375,125579542486,6920
5376,105865822480,6190
5377,93697602462,3000
5378,81932610647,12490
5379,24212405468,6790
5380,107936557388,680
5381,81055792434,40
5382,46091536040,17160
5383,36545224181,330
5384,56513317946,10340
5385,69293689814,10380
5386,101726564157,610
5387,147412241895,8930
5388,27692870168,150
5389,34897395316,160
5390,16296896986,5070
5391,109939514770,1710
5392,60960264234,230
5393,101726564157,610
5394,276749811042,25590
5395,193061063682,16420
5396,101369152900,1000
5397,15397241800,5790
5398,59746745628,8380
5399,6421976007,4940
5400,56223813455,120
5401,200839844985,17530
5402,71322995466,12660
5403,45120559035,470
5404,93783243686,760
5405,507227924501,25220
5406,153313354401,1910
5407,41955067990,320
5408,53071327970,6500
5409,343114198155,27400
5410,100028100898,930
5411,87548860167,520
5412,65781117310,650
5413,1868348819,49570
5414,513448663,117660
5415,117367881365,3730
5416,59777924621,670
5417,1071158292,52260
5418,77749403486,70
5419,149207378567,1070
5420,211519194750,34870
5421,32651211274,5250
5422,586956293,57750
5423,526575543780,19750
5424,101369152900,1000
5425,45120559035,470
5426,122066618459,1740
5427,17201365042,5540
5428,56223813455,120
5429,139545857628,8740
5430,138580109155,14190
5431,23555593338,4810
5432,56832116723,2160
5433,109205528500,10940
5434,317675738505,11870
5435,26140023194,11480
5436,74788927990,2110
5437,79243000809,2520
5438,168340110276,35920
5439,59204368415,430
5440,559275707951,26040
5441,86180982971,420
5442,101885162982,830
5443,101290076379,3210
5444,70066559000,460
5445,41554485205,2660
5446,31997364361,6440
5447,164363345478,890
5448,179432988679,1680
5449,520240671217,18400
5450,626946521,69190
5451,47281983995,640
5452,261130629217,31430
5453,151001162246,2770
5454,149207378567,1070
5455,32076400274,490
5456,51660600956,6730
5457,451949794989,4090
5458,83473516964,2860
5459,494062163,82650
5460,91398627431,2140
5461,84949133134,7050
5462,8057253506,46020
5463,78692978610,970
5464,60821987225,450
5465,29687788419,5270
5466,133643175160,8700
5467,30110850142,5520
5468,131824150622,1160
5469,951350957,52300
5470,111205261753,14930
5471,80019714012,1190
5472,201500651433,4110
5473,347328639865,23700
5474,366665050329,33910
5475,52431716949,20
5476,81055792434,40
5477,125454079313,2530
5478,51813563714,5940
5479,92050091720,400
5480,67737160904,350
5481,49054603850,7210
5482,135082063733,7470
5483,1975262994,500000
5484,159175440083,4220
5485,7738216904,4970
5486,112042833916,12180
5487,167104865360,1790
5488,51463158363,5500
5489,34320049839,6650
5490,122066618459,1740
5491,191312582704,1180
5492,223911389708,36450
5493,41554485205,2660
5494,76776947223,480
5495,28186861515,41700
5496,43933893144,190
5497,77749403486,70
5498,92050091720,400
5499,672414918,73160
5500,84779091176,810
5501,58890270416,280
5502,76469790341,850
5503,87548860167,520
5504,66789323270,1720
5505,144656503752,1230
5506,104356545549,9730
5507,48303593261,7320
5508,80105756651,1760
5509,224240547478,1590
5510,85124393983,4070
5511,1975262994,500000
5512,101726564157,610
5513,52431716949,20
5514,71572254688,200
5515,224310406795,1940
5516,66789323270,1720
5517,105539689951,210
5518,100890844953,11820
5519,106296903207,310
5520,127233082220,18850
5521,3209037111,4830
5522,234829643631,1930
5523,172526290279,2630
5524,24618593947,5610
5525,430876982140,23420
5526,1975262994,500000
5527,67674258094,3140
5528,104378837642,2030
5529,45425720151,1300
5530,1975262994,500000
5531,84653220123,15530
5532,113348991642,3860
5533,172591161698,1350
5534,45120559035,470
5535,46791050343,5420
5536,76469790341,850
5537,48656495363,6590
5538,34897395316,160
5539,24212405468,6790
5540,251995681300,1430
5541,117138566163,2830
5542,103485335590,9180
5543,76989821230,4080
5544,101275228650,380
5545,31826517683,720
5546,157029797707,13810
5547,94727488090,820
5548,301883074409,11020
5549,105888104082,16890
5550,103253208214,3060
5551,101885162982,830
5552,119371344394,2740
5553,50757478062,5860
5554,153997142864,34670
5555,136332309474,6600
5556,60821987225,450
5557,78692978610,970
5558,118418839284,50
5559,373943671,151880
5560,64890073194,2020
5561,4380319024,4920
5562,136543523683,3070
5563,138037134966,30760
5564,28665739241,40650
5565,59496654138,2290
5566,291784678562,1800
5567,84472614681,1170
5568,93588030834,1850
5569,93047133585,3190
5570,42631780150,7690
5571,477035382641,26370
5572,89132432651,3680
5573,25253434846,80
5574,25253434846,80
5575,101693119947,5590
5576,96967453903,1370
5577,491396282044,24080
5578,75741317424,3560
5579,59761612101,7020
5580,94493753555,1410
5581,126534011785,2980
5582,56037529813,1030
5583,166858262160,4280
5584,231197845378,4430
5585,191312582704,1180
5586,131766787518,4020
5587,33793016340,290
5588,137394427537,2150
5589,45920221645,40880
5590,113272507916,12260
5591,23208513413,5650
5592,233175820769,1640
5593,68929957778,260
5594,74366460450,11900
5595,342028691240,8110
5596,92050091720,400
5597,179500055686,2750
5598,71572254688,200
5599,77661456540,10730
5600,80305972008,7540
5601,209714780048,3360
5602,182159903025,2390
5603,41377748550,5050
5604,124686738265,1660
5605,86180982971,420
5606,102090220086,1100
5607,62710349910,2440
5608,47118323268,620
5609,805000224,88770
5610,513059726,75610
5611,196344669685,35840
5612,181644364579,1950
5613,73907223708,15220
5614,48523398203,10740
5615,47281983995,640
5616,84779091176,810
5617,79995350652,2410
5618,13622604137,41550
5619,59777924621,670
5620,124686738265,1660
5621,29687788419,5270
5622,68929957778,260
5623,91909307877,1290
5624,45120559035,470
5625,181835336442,15360
5626,112589956287,9430
5627,74788927990,2110
5628,116274286700,3150
5629,60821987225,450
5630,41955067990,320
5631,49129027283,90
5632,101361612453,1280
5633,172901447040,1770
5634,557411729578,28890
5635,84472614681,1170
5636,422184891018,24300
5637,34415010131,5870
5638,28236807290,5510
5639,100296208053,8040
5640,364339417650,1810
5641,59819350733,11310
5642,100028100898,930
5643,93783243686,760
5644,67737160904,350
5645,104356545549,9730
5646,58281683024,2690
5647,227727692647,940
5648,256397530951,12190
5649,25253434846,80
5650,25253434846,80
5651,1010773079,56490
5652,59213780392,14070
5653,151001162246,2770
5654,71775311073,37450
5655,59213780392,14070
5656,152742817839,1140
5657,342464969539,13540
5658,338338324246,17110
5659,170820761152,1270
5660,89926387340,1480
5661,137475965286,35600
5662,550143887914,4550
5663,93697602462,3000
5664,375562101312,3110
5665,70687156451,3310
5666,104862428802,560
5667,68924808345,2400
5668,65163237561,140
5669,1559613013,49940
5670,104708153949,1080
5671,102833243252,2620
5672,123697776613,18360
5673,72107873346,12140
5674,76469790341,850
5675,40516074364,370
5676,18022450266,5460
5677,420180118438,23890
5678,155961360391,12910
5679,501379490237,23570
5680,80021522014,500
5681,532554036860,22210
5682,80770823658,440
5683,178805391189,1650
5684,40516074364,370
5685,122929250333,7340
5686,118418839284,50
5687,109313562938,1380
5688,131824150622,1160
5689,38001781385,9160
5690,31473004305,6540
5691,222565225830,3350
5692,124066917565,950
5693,58890270416,280
5694,45939911069,220
5695,153540760460,780
5696,132682966296,7480
5697,35354346609,6880
5698,27692870168,150
5699,1975262994,500000
5700,58480373169,6900
5701,43724517146,730
5702,90848858659,2000
5703,185856469999,27430
5704,120476431461,990
5705,320719736404,26600
5706,36545224181,330
5707,127976796983,2470
5708,370518719536,26440
5709,162797404850,13310
5710,128724150491,20300
5711,45939911069,220
5712,42204794671,2050
5713,341184925517,4250
5714,415921106889,14660
5715,52431716949,20
5716,30812375782,240
5717,11024754596,43890
5718,128681279519,35490
5719,56223813455,120
5720,503679529672,33190
5721,49129027283,90
5722,178051754562,840
5723,107490183873,15060
5724,555913710,111240
5725,565197412117,32290
5726,62993369560,11000
5727,46330372278,6260
5728,109939514770,1710
5729,80795531424,9420
5730,36545224181,330
5731,36545224181,330
5732,14518655627,5040
5733,101885162982,830
5734,58185025197,5360
5735,163009793070,2760
5736,566555000,61950
5737,170043687108,1600
5738,41955067990,320
5739,60496631352,880
5740,41793374223,3420
5741,128453738208,3530
5742,156235749232,3440
5743,843964044,133260
5744,12797224220,5120
5745,170069935573,15640
5746,14289240146,5160
5747,71640640576,9120
5748,41961946120,2210
5749,131492321844,23810
5750,101885162982,830
5751,100284279990,7350
5752,80021522014,500
5753,47281983995,640
5754,119202089530,8690
5755,131766787518,4020
5756,47737033565,5930
5757,178443406618,20980
5758,1173137729,62750
5759,242292457524,1690
5760,43352128736,6550
5761,83898868552,13160
5762,57684669792,5150
5763,68929957778,260
5764,273764790654,31140
5765,303038649556,23540
5766,50451623609,270
5767,6186958534,4990
5768,33793016340,290
5769,81999450566,3370
5770,386108369,111460
5771,151254074807,1060
5772,170820761152,1270
5773,1108198999,75740
5774,80266363402,7460
5775,18561430017,5180
5776,82839366775,170
5777,47239174813,39420
5778,192381231659,15670
5779,25596876568,5660
5780,119851143101,11240
5781,80059777386,740
5782,99377160657,1020
5783,170136776270,2670
5784,27692870168,150
5785,250306914357,25450
5786,30258606523,6070
5787,34897395316,160
5788,298871588810,13760
5789,190449996714,3450
5790,98639184346,1360
5791,67215468307,4670
5792,74244937398,2460
5793,1082901928,50300
5794,52431716949,20
5795,102299774943,8750
5796,506187584331,20530
5797,1975262994,500000
5798,124271447533,3940
5799,242292457524,1690
5800,102837569123,26900
5801,30110850142,5520
5802,76776947223,480
5803,71334957072,3660
5804,80105756651,1760
5805,44040789417,10370
5806,64993513360,800
5807,103785924505,17440
5808,42433732203,2130
5809,84911739839,1400
5810,32076400274,490
5811,36267392414,2280
5812,15397241800,5790
5813,71572254688,200
5814,316089817330,4490
5815,124821083928,4760
5816,6506557982,4950
5817,70687156451,3310
5818,64993513360,800
5819,167104865360,1790
5820,94727488090,820
5821,266369707651,13740
5822,92720531432,9110
5823,42433732203,2130
5824,88020370137,530
5825,82642971223,1130
5826,547170216826,19700
5827,17201365042,5540
5828,34897395316,160
5829,153744453666,4100
5830,123379712582,1990
5831,96224370905,5910
5832,110464862700,960
5833,243206165929,6460
5834,615355796,78330
5835,78192015537,180
5836,40087061717,5630
5837,61453934039,2340
5838,179432988679,1680
5839,53089232456,8160
5840,222569438464,4150
5841,888336922,52200
5842,75583195451,2680
5843,157173069735,3870
5844,7572507998,45990
5845,32651211274,5250
5846,77548775779,3800
5847,74802200615,6610
5848,77537537307,4300
5849,20251836273,6720
5850,318552209088,33590
5851,524525580,78220
5852,50451623609,270
5853,60960264234,230
5854,200297691028,34610
5855,638089153060,20870
5856,131645711879,3300
5857,90617778306,3080
5858,128575748924,2430
5859,137367530190,3770
5860,71437651225,13130
5861,62421603863,2550
5862,80654514782,12330
5863,415101964551,3670
5864,80392225592,20010
5865,90053365692,2250
5866,387427912925,19520
5867,86978178616,1340
5868,32076400274,490
5869,162099813614,19560
5870,59819350733,11310
5871,221798088479,4190
5872,92691541599,6910
5873,51471762774,11360
5874,61522369918,14740
5875,63739873644,2200
5876,386594393219,24940
5877,82642971223,1130
5878,562011192,121720
5879,115336814575,10290
5880,43437017857,6340
5881,1266667451,49400
5882,113332676777,6870
5883,1975262994,500000
5884,115628260246,37990
5885,201156783592,2850
5886,78381450326,4230
5887,87094989070,13000
5888,14289240146,5160
5889,119431354908,20080
5890,405927275956,23460
5891,292825483464,16150
5892,100028100898,930
5893,5058729728,45770
5894,172901447040,1770
5895,44040789417,10370
5896,43724517146,730
5897,210007075326,4260
5898,179500055686,2750
5899,109313562938,1380
5900,65163237561,140
5901,92050091720,400
5902,84518034214,16360
5903,221798088479,4190
5904,187195591661,4720
5905,78381450326,4230
5906,156816589652,10720
5907,94685363016,7780
5908,70405240696,6090
5909,86180982971,420
5910,34415010131,5870
5911,57403176979,550
5912,34897395316,160
5913,76469790341,850
5914,106712103448,2570
5915,71572254688,200
5916,77749403486,70
5917,721538266,96440
5918,32076400274,490
5919,152986695780,910
5920,47603043939,8390
5921,170134626396,3890
5922,40237694526,2500
5923,215270420349,3290
5924,27692870168,150
5925,405395087340,3910
5926,50451623609,270
5927,49758437040,660
5928,107936557388,680
5929,98981538231,2920
5930,86171284298,11880
5931,185086674754,21430
5932,78692978610,970
5933,541134199047,22580
5934,191751979614,1210
5935,172591161698,1350
5936,327086010630,19920
5937,66948224940,10180
5938,1975262994,500000
5939,36545224181,330
5940,153540760460,780
5941,616514589,167640
5942,90617778306,3080
5943,67934457459,540
5944,90647349217,4200
5945,853060544,150620
5946,64793615703,3030
5947,43687001740,5410
5948,71572254688,200
5949,364904468928,31330
5950,369607020429,1860
5951,82642971223,1130
5952,24478854824,5890
5953,60960264234,230
5954,67572794731,16430
5955,458125878278,25960
5956,147990304882,12870
5957,131824150622,1160
5958,34897395316,160
5959,121076781976,3390
5960,156188990517,17920
5961,32913152210,6370
5962,1975262994,500000
5963,44526267653,6700
5964,25253434846,80
5965,32076400274,490
5966,316851540481,11050
5967,228673287054,4410
5968,134530967257,7990
5969,92259768405,10580
5970,17922694728,43220
5971,45098367904,570
5972,102090220086,1100
5973,234829643631,1930
5974,153540760460,780
5975,131655069183,3650
5976,179047377523,1520
5977,231035753508,34490
5978,256411325907,29300
5979,43439102506,510
5980,101780329333,35530
5981,76776947223,480
5982,70687156451,3310
5983,47281983995,640
5984,90779940077,600
5985,191429533935,30570
5986,31997364361,6440
5987,80059777386,740
5988,77172195068,2540
5989,76989821230,4080
5990,305310984793,4660
5991,155237336736,4010
5992,125494572854,2790
5993,167104865360,1790
5994,49816641833,3020
5995,202988248373,25000
5996,321128795631,15140
5997,5401017183,4900
5998,203851364432,13510
5999,84608950633,1150
6000,59777924621,670
6001,59496654138,2290
6002,305921630537,1330
6003,77749403486,70
6004,27692870168,150
6005,1150045184,67240
6006,66789323270,1720
6007,132008669929,1420
6008,86978178616,1340
6009,82839366775,170
6010,32625033858,5750
6011,200858741764,2910
6012,107206040518,5670
6013,777277756,110250
6014,139656650573,9790
6015,239824043077,1970
6016,58890270416,280
6017,71920865826,10600
6018,102090220086,1100
6019,95346828339,2610
6020,124686738265,1660
6021,163653432922,4240
6022,84608950633,1150
6023,131662964930,1960
6024,30839657146,6840
6025,60821987225,450
6026,90727877797,10250
6027,630837012611,29260
6028,98642040344,17970
6029,146225183427,16030
6030,65163237561,140
6031,222565225830,3350
6032,34897395316,160
6033,55767366440,340
6034,169427891276,4510
6035,20950843895,5230
6036,30583398092,5580
6037,50451623609,270
6038,101885162982,830
6039,157198437096,10270
6040,1020642363,55590
6041,93783243686,760
6042,165033409907,7860
6043,42204794671,2050
6044,156889060171,2730
6045,76469790341,850
6046,162586616193,1540
6047,118515402960,32420
6048,107936557388,680
6049,42685417379,2360
6050,234425679530,30640
6051,77661456540,10730
6052,120476431461,990
6053,103297944882,23170
6054,74240722583,7260
6055,64993513360,800
6056,190449996714,3450
6057,20551428147,5330
6058,144656503752,1230
6059,118035892488,2300
6060,64993513360,800
6061,52211607429,5710
6062,369607020429,1860
6063,31478140420,5320
6064,22164983405,5560
6065,70066559000,460
6066,70384229837,1250
6067,32076400274,490
6068,237795498629,31440
6069,81055792434,40
6070,34897395316,160
6071,43302018275,100
6072,231395843601,20350
6073,20551428147,5330
6074,45425720151,1300
6075,70066559000,460
6076,120920027767,17560
6077,12797224220,5120
6078,21038498155,6670
6079,38001781385,9160
6080,90010946176,580
6081,65245340487,2880
6082,93783243686,760
6083,421772588914,23650
6084,98639184346,1360
6085,904593271,155950
6086,16168239598,39990
6087,30812375782,240
6088,183458969290,1550
6089,155613479721,16910
6090,49129027283,90
6091,2948595252,4860
6092,67737160904,350
6093,287947787978,1780
6094,71962546687,8900
6095,84608950633,1150
6096,37306357014,5090
6097,137394427537,2150
6098,103436056578,11990
6099,21038498155,6670
6100,77537537307,4300
6101,32108193280,300
6102,80770823658,440
6103,337103330399,28260
6104,78243489485,7510
6105,9522628999,4910
6106,101775608322,8600
6107,153313354401,1910
6108,72034058974,9530
6109,148156301364,1630
6110,434771303507,25900
6111,59496654138,2290
6112,22164983405,5560
6113,86618926731,13870
6114,97960300472,14430
6115,270835402354,26790
6116,5605933507,47590
6117,138580109155,14190
6118,127400659985,1560
6119,106296903207,310
6120,50990217048,1240
6121,89132432651,3680
6122,56018896642,7370
6123,40624617520,8470
6124,55900713629,6970
6125,106296903207,310
6126,87017908260,11190
6127,58890270416,280
6128,183787441844,1670
6129,17201365042,5540
6130,52273881639,6360
6131,99118592818,4420
6132,60821987225,450
6133,49863135579,360
6134,258450757954,4180
6135,162737542672,14170
6136,88413942001,2510
6137,34145415688,5060
6138,105865822480,6190
6139,39251269671,14040
6140,103589066421,710
6141,43724517146,730
6142,65163237561,140
6143,6328605998,4850
6144,49129027283,90
6145,21748102406,5490
6146,158978114121,4380
6147,80858363229,3570
6148,153499348071,4440
6149,61725941944,60
6150,101292285962,3230
6151,74144400044,1460
6152,200770473590,4540
6153,50451623609,270
6154,562039678315,24490
6155,179432988679,1680
6156,131662964930,1960
6157,47118323268,620
6158,1975262994,500000
6159,71572254688,200
6160,52431716949,20
6161,84252583580,700
6162,60099935059,1200
6163,229524354585,9470
6164,121937415567,1220
6165,101275228650,380
6166,80021522014,500
6167,74390727076,10200
6168,67934457459,540
6169,152742817839,1140
6170,1975262994,500000
6171,168035923091,11570
6172,81055792434,40
6173,37541970710,6750
6174,178805391189,1650
6175,72983359245,2180
6176,437668273,124370
6177,123526950266,3540
6178,40733882996,6350
6179,50451623609,270
6180,101714752894,1440
6181,104684722447,6980
6182,89926387340,1480
6183,36267392414,2280
6184,127976796983,2470
6185,170820761152,1270
6186,145347957827,35220
6187,282615939486,1880
6188,43302018275,100
6189,1066124598,55570
6190,118418839284,50
6191,56223813455,120
6192,72806873060,980
6193,173216545650,12320
6194,38522234201,5830
6195,145250010066,9820
6196,121937415567,1220
6197,14289240146,5160
6198,80105756651,1760
6199,18740281745,7400
6200,227354986600,17030
6201,24618593947,5610
6202,387454801242,23580
6203,43302018275,100
6204,101714752894,1440
6205,90010946176,580
6206,222569438464,4150
6207,288878692632,25040
6208,230216459520,36400
6209,43439102506,510
6210,46330372278,6260
6211,120768761351,1510
6212,191312582704,1180
6213,123379712582,1990
6214,56223813455,120
6215,88844091498,10350
6216,228932479934,19110
6217,68929957778,260
6218,84252583580,700
6219,43066345136,39780
6220,79243000809,2520
6221,80858363229,3570
6222,12797224220,5120
6223,137803046190,15250
6224,124534791685,1490
6225,46330372278,6260
6226,105405398718,4740
6227,27692870168,150
6228,150192835139,4370
6229,90053365692,2250
6230,45098367904,570
6231,43724517146,730
6232,23313047806,5820
6233,123377264351,5970
6234,99422780938,3720
6235,124534791685,1490
6236,43933893144,190
6237,45939911069,220
6238,759115293,122220
6239,102833243252,2620
6240,66082337379,250
6241,112751538289,13250
6242,55767366440,340
6243,626778723,66750
6244,52211607429,5710
6245,55366832003,1700
6246,61101547937,920
6247,32076400274,490
6248,218046812,59400
6249,172901447040,1770
6250,155273702888,25440
6251,34320049839,6650
6252,45939911069,220
6253,41955067990,320
6254,86978178616,1340
6255,1975262994,500000
6256,179047377523,1520
6257,1190695057,58750
6258,48663318307,12740
6259,69087221093,8190
6260,189677860676,4790
6261,426209148170,23450
6262,418377521539,15720
6263,5418906850,4840
6264,11586090814,5430
6265,71572254688,200
6266,59226881337,870
6267,94727488090,820
6268,1975262994,500000
6269,611173451792,21860
6270,17778173808,43440
6271,142070416273,16230
6272,40237694526,2500
6273,27945882701,6620
6274,634707288,189190
6275,201364108321,9330
6276,166858262160,4280
6277,43439102506,510
6278,282615939486,1880
6279,92247556605,3930
6280,322879031090,32120
6281,172901447040,1770
6282,33720023260,5730
6283,52570165285,3200
6284,155541838001,13490
6285,550143887914,4550
6286,256357298906,1920
6287,133539019697,3380
6288,81999450566,3370
6289,98542492083,2950
6290,92867734927,7380
6291,49250572269,2320
6292,56223813455,120
6293,70384229837,1250
6294,68777617430,12590
6295,31153498323,7100
6296,163653432922,4240
6297,176513601252,9780
6298,30812375782,240
6299,34897395316,160
6300,282615939486,1880
6301,1135098133,59100
6302,282615939486,1880
6303,101292285962,3230
6304,67934457459,540
6305,74366460450,11900
6306,50990217048,1240
6307,544214427659,23070
6308,128453738208,3530
6309,32076400274,490
6310,33793016340,290
6311,59226881337,870
6312,86978178616,1340
6313,82839366775,170
6314,81639073802,7900
6315,64890073194,2020
6316,78485646230,9030
6317,1975262994,500000
6318,1975262994,500000
6319,102090220086,1100
6320,101885162982,830
6321,32108193280,300
6322,49863135579,360
6323,178805391189,1650
6324,92259768405,10580
6325,162099813614,19560
6326,18981195134,5200
6327,62421603863,2550
6328,60047086156,10280
6329,131673060929,4470
6330,104862428802,560
6331,74144400044,1460
6332,103589066421,710
6333,84608950633,1150
6334,108700485294,7740
6335,57876488930,2260
6336,20934700913,43490
6337,167104865360,1790
6338,82987613937,12410
6339,80858363229,3570
6340,58178546254,110
6341,42204794671,2050
6342,239817257581,7570
6343,87548860167,520
6344,56223813455,120
6345,77796122319,2330
6346,101854335127,12090
6347,141153086232,1260
6348,32076400274,490
6349,65522913644,3980
6350,1074163733,79110
6351,135349753587,790
6352,49129027283,90
6353,98080650269,27090
6354,78948063325,750
6355,96967453903,1370
6356,165051721117,12220
6357,41596773282,6760
6358,112600450750,3610
6359,251995681300,1430
6360,539613148,74810
6361,71334957072,3660
6362,129711314691,1470
6363,95346828339,2610
6364,59204368415,430
6365,372470771499,21230
6366,100890844953,11820
6367,210488068672,26740
6368,46791050343,5420
6369,195015540362,3920
6370,238105605044,22500
6371,113348991642,3860
6372,90053365692,2250
6373,23956868085,6000
6374,135349753587,790
6375,258642936048,3520
6376,58890270416,280
6377,40624617520,8470
6378,133662122763,1090
6379,146225183427,16030
6380,200373498724,17410
6381,94707134146,2380
6382,239539936121,11740
6383,43724517146,730
6384,471449303,87530
6385,74144400044,1460
6386,120982208196,690
6387,4761958676,46450
6388,88020370137,530
6389,22400649477,6320
6390,94727488090,820
6391,88020370137,530
6392,42436950870,8120
6393,129711314691,1470
6394,376007997031,23230
6395,11967505896,5190
6396,81382773282,6390
6397,78948063325,750
6398,306741650121,35360
6399,56037529813,1030
6400,89926387340,1480
6401,117873022566,3040
6402,43933893144,190
6403,131598197896,23480
6404,102833243252,2620
6405,441125335,68900
6406,222778080987,23300
6407,61725941944,60
6408,129711314691,1470
6409,47118323268,620
6410,370949740,113590
6411,100028100898,930
6412,84779091176,810
6413,47118323268,620
6414,88722338813,3090
6415,122158310755,3160
6416,120476431461,990
6417,591229345286,19670
6418,106216221633,2640
6419,195316889226,8710
6420,149236391504,37560
6421,67737160904,350
6422,47391912032,630
6423,83473516964,2860
6424,524596519,65060
6425,44632519445,41030
6426,105539689951,210
6427,152047543963,14260
6428,70545513912,3120
6429,222105616729,27490
6430,47391912032,630
6431,180330948142,1120
6432,90010946176,580
6433,80688898385,2190
6434,191504765239,14550
6435,1062587784,91230
6436,248985147965,16550
6437,153744764876,19140
6438,104236107795,8650
6439,367409048243,24550
6440,229206780127,1870
6441,24312071325,5960
6442,301458900202,3740
6443,56018896642,7370
6444,188235373828,3170
6445,84608950633,1150
6446,267715350291,24650
6447,43724517146,730
6448,124990514704,9590
6449,229206780127,1870
6450,117367881365,3730
6451,98366899431,3460
6452,43439102506,510
6453,1975262994,500000
6454,40516074364,370
6455,59635222634,6380
6456,50757478062,5860
6457,259124903098,19130
6458,25884123093,6950
6459,23071302948,5780
6460,94727488090,820
6461,684747165,61010
6462,76469790341,850
6463,121937415567,1220
6464,26140023194,11480
6465,163653432922,4240
6466,268594748514,20370
6467,61725941944,60
6468,92406340274,10760
6469,82612794109,2990
6470,41961946120,2210
6471,43708497780,6990
6472,122066618459,1740
6473,313256110030,3270
6474,271510842228,130
6475,10756893633,5300
6476,529271334351,23980
6477,137271974497,22920
6478,767080418,64280
6479,103485335590,9180
6480,111215762140,1010
6481,114621808011,33400
6482,76441529591,2170
6483,151236522762,1110
6484,117344653319,4800
6485,36545224181,330
6486,11586090814,5430
6487,126534011785,2980
6488,33793016340,290
6489,84472614681,1170
6490,105405398718,4740
6491,144656503752,1230
6492,109939514770,1710
6493,473239385727,32600
6494,41042771838,1040
6495,43933893144,190
6496,219116727083,26520
6497,41793374223,3420
6498,45939911069,220
6499,131645711879,3300
6500,93783243686,760
6501,74144400044,1460
6502,116274286700,3150
6503,88020370137,530
6504,92721515547,2930
6505,86180982971,420
6506,60099935059,1200
6507,47118323268,620
6508,33793016340,290
6509,29172758230,5000
6510,68929957778,260
6511,56832116723,2160
6512,474086486911,18310
6513,5881067240,4820
6514,97925784490,5310
6515,78692978610,970
6516,66082337379,250
6517,58890270416,280
6518,84493526570,8350
6519,80890075327,7060
6520,57008622877,410
6521,42126771892,2270
6522,269187136633,11940
6523,24911301446,7120
6524,47118323268,620
6525,116210446940,14520
6526,83230192297,2090
6527,565018528,141390
6528,125097024729,16340
6529,294803728806,8250
6530,76776947223,480
6531,55767366440,340
6532,30839657146,6840
6533,155696682352,3550
6534,196282603603,14290
6535,72852670088,7830
6536,288943410389,19480
6537,67795885527,3850
6538,62227548864,3960
6539,1975262994,500000
6540,6421976007,4940
6541,43724517146,730
6542,178184420633,2350
6543,88413942001,2510
6544,68628186945,9000
6545,84779091176,810
6546,63674638577,7330
6547,49250572269,2320
6548,49250572269,2320
6549,43933893144,190
6550,179432988679,1680
6551,39369397526,7440
6552,120768761351,1510
6553,96967453903,1370
6554,90779940077,600
6555,71322995466,12660
6556,101290076379,3210
6557,131655069183,3650
6558,49129027283,90
6559,66789323270,1720
6560,102927450839,10590
6561,96967453903,1370
6562,234829643631,1930
6563,64993513360,800
6564,31473004305,6540
6565,5881067240,4820
6566,493892099199,27900
6567,110464862700,960
6568,86180982971,420
6569,1975262994,500000
6570,228892226035,1570
6571,32108193280,300
6572,63451338348,3280
6573,41793374223,3420
6574,123526950266,3540
6575,59226881337,870
6576,60960264234,230
6577,63833437406,2370
6578,18022450266,5460
6579,60099935059,1200
6580,84472614681,1170
6581,100081444759,8550
6582,62421603863,2550
6583,82839366775,170
6584,92738040544,17750
6585,74390727076,10200
6586,178184420633,2350
6587,104048888626,8590
6588,102833243252,2620
6589,36545224181,330
6590,55506584156,9610
6591,106712103448,2570
6592,831436707,88950
6593,41554485205,2660
6594,45120559035,470
6595,181644364579,1950
6596,80021522014,500
6597,333445545208,4030
6598,90010946176,580
6599,49250572269,2320
6600,112600450750,3610
6601,80059777386,740
6602,18561430017,5180
6603,338379459440,16170
6604,332399637147,24180
6605,17201365042,5540
6606,304651689757,11140
6607,1975262994,500000
6608,15397241800,5790
6609,24312071325,5960
6610,139858245129,15580
6611,167104865360,1790
6612,106216221633,2640
6613,22400649477,6320
6614,234990888745,11470
6615,104378837642,2030
6616,81139498985,900
6617,153313354401,1910
6618,84653220123,15530
6619,82839366775,170
6620,68083932843,20650
6621,62131654487,2480
6622,256822091004,21100
6623,226520592845,1530
6624,31153498323,7100
6625,66082337379,250
6626,120476431461,990
6627,397485006788,14780
6628,93588030834,1850
6629,104378837642,2030
6630,174690943564,1980
6631,32625033858,5750
6632,44593454671,2310
6633,206877762145,17520
6634,89926387340,1480
6635,305921630537,1330
6636,106296903207,310
6637,20551428147,5330
6638,70399641350,7310
6639,87652402208,7790
6640,82642971223,1130
6641,12884573908,4890
6642,30812375782,240
6643,170043687108,1600
6644,78067269993,2580
6645,77537537307,4300
6646,31826517683,720
6647,33720088843,6020
6648,81382773282,6390
6649,492625778030,21590
6650,106296903207,310
6651,43439102506,510
6652,30812375782,240
6653,45472151126,10360
6654,6506557982,4950
6655,46486513308,5290
6656,31826517683,720
6657,118482946242,12820
6658,78067269993,2580
6659,114520521874,18390
6660,49250572269,2320
6661,459506214302,26650
6662,218919201737,2900
6663,58281683024,2690
6664,61453934039,2340
6665,66789323270,1720
6666,86171284298,11880
6667,137367530190,3770
6668,763316599,82660
6669,71572254688,200
6670,81478445793,3130
6671,1289823060,50320
6672,58890270416,280
6673,103785924505,17440
6674,61725941944,60
6675,137803046190,15250
6676,9706142155,46460
6677,52431716949,20
6678,101789034004,9390
6679,64890073194,2020
6680,229981819,80560
6681,566959119,57340
6682,181644364579,1950
6683,95346828339,2610
6684,64993513360,800
6685,35354346609,6880
6686,59017500672,6200
6687,96967453903,1370
6688,86180982971,420
6689,25253434846,80
6690,133662122763,1090
6691,14518655627,5040
6692,305921630537,1330
6693,106899816185,1050
6694,68777617430,12590
6695,12797224220,5120
6696,56223813455,120
6697,40684599490,38900
6698,52431716949,20
6699,65334573095,10880
6700,197196914572,14330
6701,106712103448,2570
6702,31668216738,5740
6703,49129027283,90
6704,38161270780,2800
6705,82987613937,12410
6706,636108680,60360
6707,324244629581,3510
6708,256625960437,12560
6709,142739595373,3840
6710,88020370137,530
6711,74788927990,2110
6712,86180982971,420
6713,57028486592,5640
6714,70497131551,6310
6715,226998197765,12450
6716,49758437040,660
6717,84911739839,1400
6718,27692870168,150
6719,110451629588,16620
6720,179675439435,4320
6721,52388407628,9660
6722,338673499744,13640
6723,1975262994,500000
6724,483165055767,30650
6725,55767366440,340
6726,125494572854,2790
6727,131042827220,33780
6728,60496631352,880
6729,124990514704,9590
6730,120982208196,690
6731,634356643,74700
6732,62013573775,8410
6733,42433732203,2130
6734,153540760460,780
6735,186804522309,17720
6736,153499348071,4440
6737,64125172050,7410
6738,238418766511,1390
6739,56223813455,120
6740,65163237561,140
6741,169427891276,4510
6742,94707134146,2380
6743,245419270894,17200
6744,50990217048,1240
6745,32108193280,300
6746,49129027283,90
6747,46658356612,860
6748,14434817145,43840
6749,170591943006,18740
6750,75583195451,2680
6751,152742817839,1140
6752,65163237561,140
6753,76469790341,850
6754,90848858659,2000
6755,49103044634,8450
6756,2627073113,49140
6757,61725941944,60
6758,63901744369,9700
6759,57008622877,410
6760,92721515547,2930
6761,233175820769,1640
6762,52431716949,20
6763,164363345478,890
6764,16296896986,5070
6765,281638568810,16060
6766,45939911069,220
6767,101290076379,3210
6768,62302014435,2710
6769,170134626396,3890
6770,234880436563,32520
6771,48523398203,10740
6772,110451629588,16620
6773,59204368415,430
6774,99118592818,4420
6775,55506584156,9610
6776,153540760460,780
6777,56832116723,2160
6778,59541260882,2060
6779,58512712708,6040
6780,81139498985,900
6781,80021522014,500
6782,74244937398,2460
6783,104708153949,1080
6784,81380945740,8310
6785,56372415338,3240
6786,43933893144,190
6787,38161270780,2800
6788,60960264234,230
6789,50451623609,270
6790,96939994391,9460
6791,192091558371,4340
6792,78948063325,750
6793,90010946176,580
6794,193976210509,8770
6795,5401017183,4900
6796,42204794671,2050
6797,118035892488,2300
6798,63739873644,2200
6799,545595788018,22130
6800,66082337379,250
6801,223989555624,1310
6802,92050091720,400
6803,57876488930,2260
6804,226103154790,17790
6805,3700805973,47320
6806,393486547801,13780
6807,1338511491,50880
6808,61101547937,920
6809,45120559035,470
6810,15063400162,44350
6811,126486814426,8150
6812,104862428802,560
6813,22723842538,6080
6814,83230192297,2090
6815,76469790341,850
6816,88413942001,2510
6817,61101547937,920
6818,341251537232,22970
6819,44086242730,39370
6820,153499348071,4440
6821,53985246186,2700
6822,171894189482,5690
6823,45939911069,220
6824,44593454671,2310
6825,78381450326,4230
6826,49250572269,2320
6827,29777124897,10150
6828,1975262994,500000
6829,719653725,136340
6830,71334957072,3660
6831,38001781385,9160
6832,571106130,56980
6833,556403039600,31090
6834,123379712582,1990
6835,21038498155,6670
6836,57008622877,410
6837,56372415338,3240
6838,106142514829,1500
6839,25253434846,80
6840,592706841,316100
6841,57403176979,550
6842,30398293188,5280
6843,368342857786,16650
6844,76776947223,480
6845,64793615703,3030
6846,16296896986,5070
6847,228847476186,25760
6848,60960264234,230
6849,164503707812,7700
6850,238418766511,1390
6851,111364474939,12580
6852,64993513360,800
6853,61453934039,2340
6854,75741317424,3560
6855,286659541627,29920
6856,76776947223,480
6857,109939514770,1710
6858,203902884181,4040
6859,81139498985,900
6860,6421976007,4940
6861,68929957778,260
6862,25751037421,40970
6863,224240547478,1590
6864,44837788399,10190
6865,104506677025,2100
6866,89190346274,15990
6867,62227548864,3960
6868,41955067990,320
6869,143540379519,8270
6870,6506557982,4950
6871,84472614681,1170
6872,164503707812,7700
6873,49250572269,2320
6874,159175440083,4220
6875,43933893144,190
6876,31478140420,5320
6877,61725941944,60
6878,32731776456,5770
6879,57180738450,7000
6880,515379804114,24190
6881,1115743225,68100
6882,78192015537,180
6883,49103044634,8450
6884,89926387340,1480
6885,170136776270,2670
6886,112860170346,15830
6887,23313047806,5820
6888,103217171896,2560
6889,80770823658,440
6890,98639184346,1360
6891,101775608322,8600
6892,90998740998,6860
6893,76776947223,480
6894,106296903207,310
6895,1338674919,360280
6896,59204368415,430
6897,60960264234,230
6898,36267392414,2280
6899,78692978610,970
6900,143986019833,2450
6901,71640640576,9120
6902,433562373167,27520
6903,122066618459,1740
6904,84608950633,1150
6905,87678326759,4580
6906,48125518926,39640
6907,11967505896,5190
6908,342857638940,23620
6909,121872840177,1320
6910,59226881337,870
6911,38372501717,5920
6912,80059777386,740
6913,36267392414,2280
6914,60960264234,230
6915,78692978610,970
6916,287947787978,1780
6917,203805520226,22000
6918,58816675549,2070
6919,170410377241,27120
6920,1092929551,97490
6921,392420983744,1830
6922,61453934039,2340
6923,740934535,110090
6924,336550993210,19770
6925,265797424049,3710
6926,84472614681,1170
6927,76441529591,2170
6928,33779249347,7660
6929,58512712708,6040
6930,31997364361,6440
6931,837953470,102100
6932,153540760460,780
6933,46658356612,860
6934,1975262994,500000
6935,103253208214,3060
6936,190173742376,8060
6937,209714780048,3360
6938,100081444759,8550
6939,73070116809,3470
6940,42204794671,2050
6941,56018896642,7370
6942,97743244932,4700
6943,52663608216,7680
6944,84779091176,810
6945,378549282749,24760
6946,76441529591,2170
6947,172901447040,1770
6948,101854335127,12090
6949,135349753587,790
6950,50990217048,1240
6951,139920801741,7200
6952,192091558371,4340
6953,212157818197,3590
6954,44411649178,6400
6955,150903458658,4350
6956,40516074364,370
6957,92220337179,9540
6958,101361612453,1280
6959,32108193280,300
6960,33636922998,10320
6961,149082121519,3820
6962,33793016340,290
6963,71572254688,200
6964,90010946176,580
6965,100284279990,7350
6966,66395450977,1840
6967,120574212427,18260
6968,75583195451,2680
6969,541736858419,25240
6970,68924808345,2400
6971,124821083928,4760
6972,81139498985,900
6973,12797224220,5120
6974,50451623609,270
6975,443720016,130170
6976,125494572854,2790
6977,22400649477,6320
6978,205037069558,3480
6979,139063625464,4640
6980,94707134146,2380
6981,74162155970,10030
6982,80890075327,7060
6983,100196408334,6330
6984,34329875908,10660
6985,84967557962,8620
6986,120982208196,690
6987,174690943564,1980
6988,71572254688,200
6989,256357298906,1920
6990,60099935059,1200
6991,133539019697,3380
6992,49103044634,8450
6993,106899816185,1050
6994,71568377534,6570
6995,782004062,269940
6996,1173422963,62150
6997,131113847270,390
6998,49129027283,90
6999,137730212574,11960
7000,144656503752,1230
7001,99422780938,3720
7002,67737160904,350
7003,45098367904,570
7004,60099935059,1200
7005,32651211274,5250
7006,189488227900,26320
7007,105172482088,8320
7008,186473449589,14300
7009,41554485205,2660
7010,132008669929,1420
7011,33779249347,7660
7012,110260341790,5260
7013,111638319511,1730
7014,86180982971,420
7015,157173069735,3870
7016,107936557388,680
7017,18981195134,5200
7018,34245309499,12340
7019,158978114121,4380
7020,426623413888,17840
7021,41827452261,6240
7022,80770823658,440
7023,70589778267,9900
7024,84493526570,8350
7025,677173057,180710
7026,56223813455,120
7027,94493753555,1410
7028,120768761351,1510
7029,819905956,231020
7030,34897395316,160
7031,313013112300,12510
7032,294246717020,10670
7033,203463603637,35550
7034,43621376315,10520
7035,479430220916,29400
7036,61725941944,60
7037,98639184346,1360
7038,151254074807,1060
7039,47118323268,620
7040,104862428802,560
7041,388857713106,32200
7042,40260692577,6300
7043,103217171896,2560
7044,383503737226,29280
7045,118418839284,50
7046,229206780127,1870
7047,305310984793,4660
7048,41961946120,2210
7049,40516074364,370
7050,43916963218,11100
7051,242292457524,1690
7052,47603043939,8390
7053,166858262160,4280
7054,1269240348178,4140
7055,228673287054,4410
7056,6421976007,4940
7057,104506677025,2100
7058,52625414043,7820
7059,234732647505,28900
7060,30812375782,240
7061,205928763487,15300
7062,10756893633,5300
7063,427694148436,29220
7064,92050091720,400
7065,99377160657,1020
7066,65522913644,3980
7067,77749403486,70
7068,93783243686,760
7069,65781117310,650
7070,39369397526,7440
7071,201895692715,15810
7072,46658356612,860
7073,38161270780,2800
7074,153744453666,4100
7075,27208814815,6520
7076,892512995,132020
7077,121720223652,2220
7078,124271447533,3940
7079,122054331225,8300
7080,1293188753,340180
7081,45939911069,220
7082,102299774943,8750
7083,378533574523,14220
7084,149207378567,1070
7085,60496631352,880
7086,35354346609,6880
7087,162586616193,1540
7088,28514346275,2600
7089,153744453666,4100
7090,782013354,203860
7091,38161270780,2800
7092,103253208214,3060
7093,45120559035,470
7094,109313562938,1380
7095,155373049042,3430
7096,91909307877,1290
7097,66789323270,1720
7098,49816641833,3020
7099,78381450326,4230
7100,163009793070,2760
7101,28236807290,5510
7102,82256313594,1900
7103,64890073194,2020
7104,77749403486,70
7105,67674258094,3140
7106,5401017183,4900
7107,51813563714,5940
7108,126412264124,3490
7109,45939911069,220
7110,438481518780,9090
7111,89513417363,8180
7112,95346828339,2610
7113,18981195134,5200
7114,41923219628,12830
7115,65781117310,650
7116,149207378567,1070
7117,80105756651,1760
7118,133775738410,8420
7119,1975262994,500000
7120,139545857628,8740
7121,32076400274,490
7122,189677860676,4790
7123,441197227,72810
7124,47281983995,640
7125,149493836232,2080
7126,49129027283,90
7127,69047031501,6940
7128,101714752894,1440
7129,163653432922,4240
7130,27047609951,41870
7131,304704383993,11770
7132,58890270416,280
7133,60099935059,1200
7134,271973578199,17650
7135,49758826602,39850
7136,77548775779,3800
7137,139508434935,11070
7138,59226881337,870
7139,178805391189,1650
7140,110451629588,16620
7141,61725941944,60
7142,489197014,108240
7143,392420983744,1830
7144,89693358406,12420
7145,76441529591,2170
7146,554727820,68240
7147,244753823571,18570
7148,131113847270,390
7149,45098367904,570
7150,463716674562,23560
7151,79011090020,2120
7152,15397241800,5790
7153,106712103448,2570
7154,60899687022,8480
7155,58890270416,280
7156,1153646571,74830
7157,135590149921,1890
7158,33793016340,290
7159,111205261753,14930
7160,81999450566,3370
7161,471032115,104500
7162,63451338348,3280
7163,86978178616,1340
7164,81139498985,900
7165,43724517146,730
7166,25253434846,80
7167,482167565525,20210
7168,49129027283,90
7169,203102424873,12050
7170,106899816185,1050
7171,181644364579,1950
7172,884480363,94630
7173,32731776456,5770
7174,62302014435,2710
7175,76776947223,480
7176,40237694526,2500
7177,30839657146,6840
7178,170134626396,3890
7179,986828561,70070
7180,82642971223,1130
7181,40850300611,590
7182,93588030834,1850
7183,65163237561,140
7184,736719544,84150
7185,9186451204,46360
7186,181644364579,1950
7187,1818947011,50240
7188,99451906043,2040
7189,1975262994,500000
7190,104708153949,1080
7191,537732655,137600
7192,45939911069,220
7193,46658356612,860
7194,53071327970,6500
7195,59204368415,430
7196,1975262994,500000
7197,63739873644,2200
7198,226520592845,1530
7199,14518655627,5040
7200,35779916790,2420
7201,90010946176,580
7202,67934457459,540
7203,96668564087,2650
7204,74802200615,6610
7205,67737160904,350
7206,123526950266,3540
7207,66067884659,7010
7208,122158310755,3160
7209,87747034274,13600
7210,59777924621,670
7211,224310406795,1940
7212,137392956366,2940
7213,172119761371,36560
7214,40890665925,13430
7215,55083279142,6490
7216,322097148104,3600
7217,323039799318,4750
7218,80770823658,440
7219,77172195068,2540
7220,215270420349,3290
7221,102090220086,1100
7222,58816675549,2070
7223,49250572269,2320
7224,184151181376,10210
7225,41042771838,1040
7226,36267392414,2280
7227,36545224181,330
7228,56859075500,10420
7229,521802945861,32080
7230,123379712582,1990
7231,42631780150,7690
7232,1074074734,88580
7233,40624617520,8470
7234,80105756651,1760
7235,240921560609,11200
7236,111638319511,1730
7237,271918167113,3950
7238,84252583580,700
7239,386662416510,30260
7240,28000164403,6220
7241,145845295998,7420
7242,495301235984,31660
7243,42204794671,2050
7244,102822883888,11090
7245,106216221633,2640
7246,502600815747,18140
7247,131492321844,23810
7248,191312582704,1180
7249,31826517683,720
7250,1975262994,500000
7251,81687363699,37100
7252,12618679922,40530
7253,409717775299,29250
7254,84779091176,810
7255,1975262994,500000
7256,152986695780,910
7257,125454079313,2530
7258,192091558371,4340
7259,812558781,73790
7260,34897395316,160
7261,71437651225,13130
7262,170591943006,18740
7263,620120121336,4210
7264,282997296036,11730
7265,358932456991,15540
7266,58185025197,5360
7267,90149128271,12240
7268,124821083928,4760
7269,148156301364,1630
7270,119394902582,8970
7271,151236522762,1110
7272,183783466918,35190
7273,855519643,56770
7274,70545513912,3120
7275,101885162982,830
7276,49129027283,90
7277,101369152900,1000
7278,101290076379,3210
7279,433343767584,8780
7280,24312071325,5960
7281,90010946176,580
7282,48639308075,7770
7283,57345735033,8820
7284,110464862700,960
7285,181644364579,1950
7286,126995021244,4520
7287,126348841291,12250
7288,56832116723,2160
7289,64993513360,800
7290,89513417363,8180
7291,42204794671,2050
7292,43302018275,100
7293,312814887146,20940
7294,637838755,106160
7295,44617558815,7240
7296,14853450511,44740
7297,111638319511,1730
7298,41042771838,1040
7299,41042771838,1040
7300,43302018275,100
7301,42682983224,40760
7302,60099935059,1200
7303,371878182343,22040
7304,42685417379,2360
7305,728777972,100820
7306,106818042664,3690
7307,98542492083,2950
7308,69640478984,12270
7309,101885162982,830
7310,101926641677,6140
7311,41955067990,320
7312,102090220086,1100
7313,18855822971,42070
7314,36828162916,10120
7315,953526768,62090
7316,101361612453,1280
7317,88020370137,530
7318,82856993876,6640
7319,78381450326,4230
7320,169427891276,4510
7321,142739595373,3840
7322,59777924621,670
7323,174244036136,7960
7324,36545224181,330
7325,1975262994,500000
7326,454171318708,19280
7327,256578950498,17450
7328,107936557388,680
7329,80305972008,7540
7330,14518655627,5040
7331,52431716949,20
7332,104140408532,6410
7333,92050091720,400
7334,131824150622,1160
7335,56372415338,3240
7336,153499348071,4440
7337,92043425449,9210
7338,1005479090,60080
7339,55767366440,340
7340,83212974997,15710
7341,55767366440,340
7342,555041740495,27020
7343,44837788399,10190
7344,240848955905,27620
7345,301458900202,3740
7346,80795531424,9420
7347,51471762774,11360
7348,58890270416,280
7349,73907223708,15220
7350,27692870168,150
7351,101275228650,380
7352,131673060929,4470
7353,59746745628,8380
7354,33814142048,42480
7355,32108193280,300
7356,49680989502,7040
7357,151236522762,1110
7358,81687804805,36830
7359,99451906043,2040
7360,52431716949,20
7361,41961946120,2210
7362,42685417379,2360
7363,81639073802,7900
7364,70066559000,460
7365,17416885504,5210
7366,87548860167,520
7367,69042332603,3400
7368,242128856846,1610
7369,348874990806,20520
7370,1165830673,350250
7371,145155845440,4290
7372,90053365692,2250
7373,81449383279,6110
7374,109939514770,1710
7375,65245340487,2880
7376,676248262268,4330
7377,188421022264,22340
7378,59204368415,430
7379,47281983995,640
7380,57008622877,410
7381,497596410014,22390
7382,65163237561,140
7383,81139498985,900
7384,473009077881,4570
7385,36275009947,5480
7386,171970275187,17590
7387,229206780127,1870
7388,57742883926,8920
7389,65320171858,2840
7390,41042771838,1040
7391,27692870168,150
7392,47118323268,620
7393,77537537307,4300
7394,65781117310,650
7395,297635017418,23710
7396,47281983995,640
7397,104708153949,1080
7398,630719914,66340
7399,170021166287,3630
7400,33793016340,290
7401,126995021244,4520
7402,101885162982,830
7403,256096824020,22100
7404,63833437406,2370
7405,127144283082,2970
7406,78192015537,180
7407,90779940077,600
7408,588926317,90120
7409,67674258094,3140
7410,41955067990,320
7411,34897395316,160
7412,219116727083,26520
7413,774626089,71950
7414,305921630537,1330
7415,96967453903,1370
7416,137392956366,2940
7417,40186862557,7080
7418,90010946176,580
7419,37084520664,5400
7420,50143333926,40050
7421,315111064748,3180
7422,51031481674,6180
7423,70545513912,3120
7424,59777924621,670
7425,67737160904,350
7426,650141799306,30280
7427,38001781385,9160
7428,89926387340,1480
7429,89132432651,3680
7430,522122954,58570
7431,770101759,331920
7432,82612794109,2990
7433,77537537307,4300
7434,183883298141,9440
7435,566959119,57340
7436,70066559000,460
7437,78192015537,180
7438,137394427537,2150
7439,43439102506,510
7440,162586616193,1540
7441,122631567974,770
7442,49129027283,90
7443,151733531073,10640
7444,217918074775,30800
7445,29172758230,5000
7446,142546776508,25740
7447,31826517683,720
7448,123375792196,3500
7449,79243000809,2520
7450,474353554118,22600
7451,57403176979,550
7452,179432988679,1680
7453,64890073194,2020
7454,53863237162,6170
7455,67674258094,3140
7456,120768761351,1510
7457,80770823658,440
7458,47118323268,620
7459,187760465383,15160
7460,86014268148,38600
7461,25253434846,80
7462,62590210028,9380
7463,176186454061,20820
7464,76776947223,480
7465,117344653319,4800
7466,101789034004,9390
7467,98542492083,2950
7468,26500472506,7150
7469,57211618844,6960
7470,57403176979,550
7471,551047883,80690
7472,117980640372,8460
7473,25253434846,80
7474,105539689951,210
7475,155237336736,4010
7476,99422780938,3720
7477,137392956366,2940
7478,1975262994,500000
7479,53483602576,9560
7480,155237336736,4010
7481,27560964378,6270
7482,78310724830,9240
7483,78692978610,970
7484,102389924742,14350
7485,80770823658,440
7486,27692870168,150
7487,70545513912,3120
7488,82642971223,1130
7489,46658356612,860
7490,60099935059,1200
7491,56223813455,120
7492,65163237561,140
7493,180330948142,1120
7494,609100990967,21220
7495,80770823658,440
7496,345237577442,4160
7497,29777124897,10150
7498,76469790341,850
7499,50451623609,270
7500,292032855840,24290
7501,40237694526,2500
7502,84967557962,8620
7503,345152134933,24320
7504,576215481944,23730
7505,226520592845,1530
7506,148156301364,1630
7507,124618142108,3050
7508,81633701432,3260
7509,53985246186,2700
7510,25305174319,5990
7511,56372415338,3240
7512,120982208196,690
7513,53659114336,6230
7514,172901447040,1770
7515,92100406900,12060
7516,47817076097,39520
7517,31826517683,720
7518,110904093199,11430
7519,110232545646,12210
7520,56372415338,3240
7521,187844174112,7180
7522,78948063325,750
7523,183458969290,1550
7524,222569438464,4150
7525,80021522014,500
7526,464329327042,27290
7527,235227963131,20340
7528,515760414999,22860
7529,106296903207,310
7530,2120479880,50070
7531,44412845232,8840
7532,43302018275,100
7533,32108193280,300
7534,103253208214,3060
7535,532359398943,19840
7536,142891151007,8240
7537,180399575977,13480
7538,80021522014,500
7539,69047031501,6940
7540,248501072112,27310
7541,106899816185,1050
7542,192091558371,4340
7543,179432988679,1680
7544,59496654138,2290
7545,385000998981,18940
7546,105539689951,210
7547,109313562938,1380
7548,121246945991,11950
7549,56223813455,120
7550,130624045428,13880
7551,148156301364,1630
7552,157173069735,3870
7553,458647550212,25570
7554,62131654487,2480
7555,42204794671,2050
7556,126995021244,4520
7557,646884660,132580
7558,624176922908,23060
7559,62302014435,2710
7560,217918074775,30800
7561,152986695780,910
7562,53375455265,5220
7563,81478380126,11830
7564,42433732203,2130
7565,400189168608,17500
7566,226520592845,1530
7567,90779940077,600
7568,131662964930,1960
7569,44040789417,10370
7570,191312582704,1180
7571,117873022566,3040
7572,63739873644,2200
7573,80269688485,11210
7574,335278105118,11710
7575,68929957778,260
7576,49758437040,660
7577,53089232456,8160
7578,78125484742,6100
7579,239496621429,28380
7580,13081549725,43340
7581,129903445912,10900
7582,128724150491,20300
7583,82642971223,1130
7584,575328383380,19430
7585,45120559035,470
7586,597383849356,22800
7587,59017500672,6200
7588,124534791685,1490
7589,178135035146,3640
7590,135590149921,1890
7591,47391912032,630
7592,99451906043,2040
7593,65163237561,140
7594,607913427,69150
7595,202040296342,9020
7596,589266089,138000
7597,43439102506,510
7598,138228389379,12730
7599,48656495363,6590
7600,68628186945,9000
7601,137394427537,2150
7602,55767366440,340
7603,67888573235,10390
7604,139063625464,4640
7605,608966644391,29100
7606,68929957778,260
7607,151001162246,2770
7608,59496654138,2290
7609,1130805840,91740
7610,94727488090,820
7611,60099935059,1200
7612,305310984793,4660
7613,182040481639,12440
7614,101369152900,1000
7615,36647658419,6740
7616,174960063860,17370
7617,111645414870,13840
7618,228514726237,3330
7619,74162155970,10030
7620,21748102406,5490
7621,296002146982,35560
7622,69244101927,16370
7623,58178546254,110
7624,115311034217,9250
7625,84608950633,1150
7626,208246650585,20060
7627,23956868085,6000
7628,107936557388,680
7629,256357298906,1920
7630,165799201167,9130
7631,43621376315,10520
7632,286777761448,24240
7633,45098367904,570
7634,153156298503,17760
7635,40516074364,370
7636,121076781976,3390
7637,41955067990,320
7638,112339940378,30
7639,100866331078,8340
7640,251963814148,28280
7641,91909307877,1290
7642,124686738265,1660
7643,83212974997,15710
7644,448380264587,4360
7645,41377748550,5050
7646,191616453669,13290
7647,89132432651,3680
7648,27692870168,150
7649,953701586,55860
7650,42126771892,2270
7651,80770823658,440
7652,92247556605,3930
7653,104860493687,11330
7654,23313047806,5820
7655,36545224181,330
7656,20950843895,5230
7657,212684483213,3100
7658,84252583580,700
7659,50205229496,8000
7660,24998385273,43320
7661,166891075862,14700
7662,82642971223,1130
7663,39251269671,14040
7664,10826348650,6150
7665,97224371604,2820
7666,84155808640,5020
7667,6949976069,4960
7668,46091536040,17160
7669,117747118947,27750
7670,179432988679,1680
7671,60821987225,450
7672,376426121273,30020
7673,101726564157,610
7674,188235373828,3170
7675,283609643663,28170
7676,32108193280,300
7677,93222876819,30900
7678,73070116809,3470
7679,167104865360,1790
7680,267852642490,15230
7681,93697602462,3000
7682,577313540,266140
7683,64993513360,800
7684,271918167113,3950
7685,408760115006,33970
7686,324537586774,32870
7687,124716732247,2890
7688,10756893633,5300
7689,88020370137,530
7690,713776678,225150
7691,434051112066,19100
7692,30812375782,240
7693,47737033565,5930
7694,29600757600,5450
7695,101275228650,380
7696,409636294320,24610
7697,170410377241,27120
7698,78192015537,180
7699,1975262994,500000
7700,286659541627,29920
7701,369607020429,1860
7702,225243294675,24420
7703,164363345478,890
7704,73021793509,7850
7705,56223813455,120
7706,147999753166,8570
7707,89926387340,1480
7708,59496654138,2290
7709,101726564157,610
7710,153540760460,780
7711,630605135,65640
7712,163653432922,4240
7713,2948595252,4860
7714,81139498985,900
7715,80019714012,1190
7716,544498609185,31900
7717,18981195134,5200
7718,225637041585,34990
7719,43302018275,100
7720,23160368456,6690
7721,141153086232,1260
7722,6360582293,47760
7723,77548775779,3800
7724,71572254688,200
7725,112600450750,3610
7726,101714752894,1440
7727,11967505896,5190
7728,179047377523,1520
7729,28514346275,2600
7730,124618142108,3050
7731,49758437040,660
7732,92247556605,3930
7733,57403176979,550
7734,31826517683,720
7735,238115412956,11510
7736,125494572854,2790
7737,179432988679,1680
7738,40516074364,370
7739,57008622877,410
7740,16315396331,44340
7741,137933766475,8530
7742,92406340274,10760
7743,68083932843,20650
7744,84779091176,810
7745,41955067990,320
7746,102833243252,2620
7747,118515402960,32420
7748,58890270416,280
7749,94707134146,2380
7750,136543523683,3070
7751,315675159211,26340
7752,104708153949,1080
7753,153540760460,780
7754,43439102506,510
7755,73070116809,3470
7756,112600450750,3610
7757,106899816185,1050
7758,58701983008,9050
7759,27945882701,6620
7760,59204368415,430
7761,505184083062,26910
7762,101361612453,1280
7763,135590149921,1890
7764,218872495276,3900
7765,80019714012,1190
7766,124686738265,1660
7767,71568377534,6570
7768,103835014132,11030
7769,60099935059,1200
7770,126534011785,2980
7771,243724431628,14440
7772,72806873060,980
7773,1187908530,64820
7774,139384412860,7950
7775,127144283082,2970
7776,305176500702,30690
7777,40273639943,6680
7778,131645711879,3300
7779,302004161023,34270
7780,61101547937,920
7781,90779940077,600
7782,85124393983,4070
7783,27208814815,6520
7784,99377160657,1020
7785,277154437372,21260
7786,148156301364,1630
7787,825809929,126820
7788,61725941944,60
7789,271510842228,130
7790,229206780127,1870
7791,62710349910,2440
7792,60048258216,6770
7793,571118802,105400
7794,289975524022,19160
7795,85124393983,4070
7796,689379590,122000
7797,55366832003,1700
7798,80688898385,2190
7799,81055792434,40
7800,84779091176,810
7801,37686582514,5800
7802,50757478062,5860
7803,11586090814,5430
7804,236421996340,25190
7805,216632156364,9850
7806,295403336315,11230
7807,139289824898,27700
7808,78192015537,180
7809,65163237561,140
7810,716918216,53920
7811,34897395316,160
7812,41961946120,2210
7813,113817699212,6290
7814,43927680861,14400
7815,56223813455,120
7816,33829669173,6280
7817,92050091720,400
7818,148156301364,1630
7819,113332676777,6870
7820,150903458658,4350
7821,30812375782,240
7822,218872495276,3900
7823,288570963137,33880
7824,95026490416,37820
7825,344540944746,13330
7826,90779940077,600
7827,89618290693,8560
7828,101369152900,1000
7829,124716732247,2890
7830,92691541599,6910
7831,33793016340,290
7832,57876488930,2260
7833,82612794109,2990
7834,82256313594,1900
7835,159278457926,18460
7836,1157513695,75160
7837,313256110030,3270
7838,72983359245,2180
7839,234108113026,10930
7840,65781117310,650
7841,193231102389,9760
7842,45517893441,5840
7843,34245309499,12340
7844,153744453666,4100
7845,69360535218,8200
7846,241672627271,15340
7847,59204368415,430
7848,109939514770,1710
7849,66082337379,250
7850,101369152900,1000
7851,466459365626,18860
7852,37562582908,6530
7853,78485646230,9030
7854,103589066421,710
7855,38142273217,3010
7856,43724517146,730
7857,47281983995,640
7858,276736276458,4480
7859,80105756651,1760
7860,90779940077,600
7861,1017342620,72480
7862,41042771838,1040
7863,84608950633,1150
7864,133662122763,1090
7865,77749403486,70
7866,57403176979,550
7867,133662122763,1090
7868,49250572269,2320
7869,122631567974,770
7870,717854186,73000
7871,41955067990,320
7872,110464862700,960
7873,106818042664,3690
7874,112339940378,30
7875,5323028053,4870
7876,45939911069,220
7877,101994356262,2230
7878,163567397681,11130
7879,110087307204,3220
7880,89618290693,8560
7881,48639308075,7770
7882,914779941,86100
7883,405253206136,32580
7884,82642971223,1130
7885,291361400513,17610
7886,43302018275,100
7887,52211607429,5710
7888,76270054146,8080
7889,71888324605,7800
7890,72983359245,2180
7891,84252583580,700
7892,132008669929,1420
7893,45939911069,220
7894,691397226,69470
7895,1015042687,50350
7896,119431354908,20080
7897,112685745512,1750
7898,152986695780,910
7899,43927680861,14400
7900,154654975709,12850
7901,18740281745,7400
7902,131645711879,3300
7903,333551399846,3250
7904,301458900202,3740
7905,44412845232,8840
7906,34897395316,160
7907,725788804,111220
7908,561007251997,4310
7909,79995350652,2410
7910,265797424049,3710
7911,305921630537,1330
7912,386123964,118980
7913,114588076953,4000
7914,182186923953,8030
7915,50990217048,1240
7916,72806873060,980
7917,2948595252,4860
7918,271510842228,130
7919,114395401594,17380
7920,126995021244,4520
7921,68941641310,8660
7922,70066559000,460
7923,306780730918,22080
7924,189677860676,4790
7925,105539689951,210
7926,58480142922,6430
7927,204331479501,18300
7928,177013775853,15030
7929,82612794109,2990
7930,94241764796,2810
7931,170043687108,1600
7932,351091188639,7930
7933,182051976771,20180
7934,106296903207,310
7935,41042771838,1040
7936,40890665925,13430
7937,38142273217,3010
7938,70384229837,1250
7939,21038498155,6670
7940,131113847270,390
7941,135349753587,790
7942,120982208196,690
7943,154724189187,13670
7944,73070116809,3470
7945,68302055099,7670
7946,99422780938,3720
7947,33793016340,290
7948,45964491893,10130
7949,77749403486,70
7950,798484642,144060
7951,206434374976,14800
7952,78948063325,750
7953,78948063325,750
7954,45939911069,220
7955,91909307877,1290
7956,88722338813,3090
7957,76776947223,480
7958,45425720151,1300
7959,79011090020,2120
7960,466961106546,28290
7961,350712989090,28150
7962,28514346275,2600
7963,310947090398,12800
7964,634319100,79360
7965,99118592818,4420
7966,128003676964,8960
7967,864414804,58310
7968,187916731377,17400
7969,137271974497,22920
7970,66395450977,1840
7971,131766787518,4020
7972,107206040518,5670
7973,14289240146,5160
7974,93588030834,1850
7975,11586090814,5430
7976,101885162982,830
7977,865621828,381330
7978,128711367160,4120
7979,47391912032,630
7980,20950843895,5230
7981,67934457459,540
7982,144656503752,1230
7983,305701398803,17620
7984,84252583580,700
7985,66082337379,250
7986,41042771838,1040
7987,122631567974,770
7988,55366832003,1700
7989,67355749045,3970
7990,45120559035,470
7991,139063625464,4640
7992,1187844200,82020
7993,597616108141,23680
7994,934981226,100960
7995,25253434846,80
7996,10826348650,6150
7997,28514346275,2600
7998,133662122763,1090
7999,60496631352,880
8000,45939911069,220
8001,101290076379,3210
8002,100028100898,930
8003,96668564087,2650
8004,101714752894,1440
8005,172821620399,15040
8006,153313354401,1910
8007,110464862700,960
8008,152986695780,910
8009,41554485205,2660
8010,42433732203,2130
8011,178051754562,840
8012,40237694526,2500
8013,163949832716,7620
8014,70066559000,460
8015,183750521113,15800
8016,194623944652,33900
8017,123379712582,1990
8018,88020370137,530
8019,1891819287,51250
8020,42433732203,2130
8021,135349753587,790
8022,88844091498,10350
8023,398750311326,32310
8024,41955067990,320
8025,46658356612,860
8026,523752747615,20160
8027,113150995991,13700
8028,67737160904,350
8029,101361612453,1280
8030,124716732247,2890
8031,157173069735,3870
8032,105539689951,210
8033,62131654487,2480
8034,111485484791,9500
8035,107565707849,6630
8036,359239668899,3810
8037,10826348650,6150
8038,58281683024,2690
8039,42126771892,2270
8040,320556156991,33850
8041,80105756651,1760
8042,61101547937,920
8043,31473004305,6540
8044,223989555624,1310
8045,30839657146,6840
8046,46658356612,860
8047,149207378567,1070
8048,36828162916,10120
8049,825810809,103450
8050,173986076437,4600
8051,42685417379,2360
8052,130122117424,7070
8053,178128774783,9810
8054,126995021244,4520
8055,82612794109,2990
8056,82839366775,170
8057,166891075862,14700
8058,68628186945,9000
8059,135349753587,790
8060,17416885504,5210
8061,33720023260,5730
8062,14398216745,42420
8063,128294703369,9360
8064,97960300472,14430
8065,153313354401,1910
8066,257212717938,12520
8067,594047797566,24260
8068,61453934039,2340
8069,150422872993,26620
8070,111638319511,1730
8071,78192015537,180
8072,34095331492,5340
8073,120765947488,10890
8074,242292457524,1690
8075,350322467907,18600
8076,225492421384,4390
8077,47281983995,640
8078,39369397526,7440
8079,111215762140,1010
8080,79011090020,2120
8081,124716732247,2890
8082,71998367586,7390
8083,41923219628,12830
8084,106216221633,2640
8085,202497333714,11660
8086,1975262994,500000
8087,77537537307,4300
8088,25253434846,80
8089,285155565275,27260
8090,293996490685,20890
8091,60496631352,880
8092,51463158363,5500
8093,58178546254,110
8094,106296903207,310
8095,63833437406,2370
8096,123379712582,1990
8097,213371579897,11400
8098,162586616193,1540
8099,45472151126,10360
8100,6949976069,4960
8101,77537537307,4300
8102,464183666877,30490
8103,70066559000,460
8104,115311034217,9250
8105,67795885527,3850
8106,25253434846,80
8107,6506557982,4950
8108,45939911069,220
8109,229303206644,17880
8110,172591161698,1350
8111,94493753555,1410
8112,447353831728,17800
8113,59204368415,430
8114,224310406795,1940
8115,288943410389,19480
8116,224310406795,1940
8117,49758437040,660
8118,141153086232,1260
8119,36545224181,330
8120,57008622877,410
8121,112339940378,30
8122,319750469257,17270
8123,228514726237,3330
8124,209714780048,3360
8125,179047377523,1520
8126,287947787978,1780
8127,84911739839,1400
8128,68924808345,2400
8129,105539689951,210
8130,81055792434,40
8131,77749403486,70
8132,216050752735,8910
8133,36267392414,2280
8134,94707134146,2380
8135,141153086232,1260
8136,31826517683,720
8137,101275228650,380
8138,38258660427,13570
8139,31993437394,7580
8140,282615939486,1880
8141,43724517146,730
8142,150794435219,3700
8143,77172195068,2540
8144,284448331852,22700
8145,178805391189,1650
8146,40516074364,370
8147,101994356262,2230
8148,40516074364,370
8149,120768761351,1510
8150,120982208196,690
8151,236421996340,25190
8152,49680989502,7040
8153,104048888626,8590
8154,18981195134,5200
8155,198447975250,11320
8156,23767602156,43710
8157,129903445912,10900
8158,732850900,98190
8159,59226881337,870
8160,75583195451,2680
8161,242292457524,1690
8162,104378837642,2030
8163,91398627431,2140
8164,45724830402,5680
8165,49863135579,360
8166,99377160657,1020
8167,89926387340,1480
8168,18022450266,5460
8169,43933893144,190
8170,75294730912,1620
8171,41042771838,1040
8172,101369152900,1000
8173,877075411,64360
8174,22895366458,5110
8175,119202089530,8690
8176,138736352060,34730
8177,619124637,79690
8178,144656503752,1230
8179,67355749045,3970
8180,72806873060,980
8181,65245340487,2880
8182,112042833916,12180
8183,78485646230,9030
8184,209714780048,3360
8185,69360535218,8200
8186,122631567974,770
8187,82612794109,2990
8188,81055792434,40
8189,31826517683,720
8190,360210384680,12610
8191,210007075326,4260
8192,49680989502,7040
8193,568202778674,25200
8194,131528169730,7880
8195,86180982971,420
8196,93222876819,30900
8197,148725030062,12000
8198,25253434846,80
8199,120476431461,990
8200,64890073194,2020
8201,155541838001,13490
8202,36545224181,330
8203,72107873346,12140
8204,229981819,80560
8205,92738040544,17750
8206,65245340487,2880
8207,43302018275,100
8208,212684483213,3100
8209,120982208196,690
8210,81999450566,3370
8211,35779916790,2420
8212,1975262994,500000
8213,167104865360,1790
8214,223212162550,22940
8215,68924808345,2400
8216,14365329627,44140
8217,398214853,118670
8218,107936557388,680
8219,86978178616,1340
8220,349792087579,8990
8221,1051124669,467620
8222,194568440012,13660
8223,59777924621,670
8224,202768795529,1820
8225,149082121519,3820
8226,22977212943,40420
8227,73428085564,9860
8228,79995350652,2410
8229,24212405468,6790
8230,78948063325,750
8231,81449383279,6110
8232,87598295456,14820
8233,62090598264,11640
8234,137125388846,10410
8235,103217171896,2560
8236,12884573908,4890
8237,412404945050,16380
8238,21574910688,42800
8239,498655842660,19720
8240,246926061335,25370
8241,120556540467,2870
8242,49863135579,360
8243,264638407250,10460
8244,63833437406,2370
8245,167104865360,1790
8246,66082337379,250
8247,24478854824,5890
8248,94241764796,2810
8249,103253208214,3060
8250,375562101312,3110
8251,215607038754,14390
8252,56832116723,2160
8253,121937415567,1220
8254,104862428802,560
8255,170021166287,3630
8256,18022450266,5460
8257,112685745512,1750
8258,96967453903,1370
8259,147806837757,30860
8260,57008622877,410
8261,57403176979,550
8262,83898868552,13160
8263,1024807605,68520
8264,246446982302,26290
8265,357444916662,17150
8266,173986076437,4600
8267,46658356612,860
8268,14289240146,5160
8269,15362821931,5140
8270,1039875305,78370
8271,483172846620,24850
8272,163135545268,21180
8273,76776947223,480
8274,31826517683,720
8275,78192015537,180
8276,61522369918,14740
8277,141153086232,1260
8278,181644364579,1950
8279,91595119791,5170
8280,58178546254,110
8281,34415010131,5870
8282,33720088843,6020
8283,94493753555,1410
8284,128575748924,2430
8285,127400659985,1560
8286,98542492083,2950
8287,101369152900,1000
8288,326742511742,19690
8289,401705140575,9070
8290,90779940077,600
8291,36545224181,330
8292,41793374223,3420
8293,31826517683,720
8294,756046038,141430
8295,218919201737,2900
8296,383406565486,23270
8297,31993437394,7580
8298,162586616193,1540
8299,36647658419,6740
8300,78707887657,8430
8301,1975262994,500000
8302,40516074364,370
8303,24911301446,7120
8304,42433732203,2130
8305,106322342137,2720
8306,42436950870,8120
8307,180478113921,11920
8308,81055792434,40
8309,288909877273,14750
8310,173828623959,21060
8311,103785924505,17440
8312,104708153949,1080
8313,132008669929,1420
8314,79995350652,2410
8315,183787441844,1670
8316,70545513912,3120
8317,36545224181,330
8318,86526636307,3620
8319,528268471566,26750
8320,79011090020,2120
8321,184485732633,21110
8322,23071302948,5780
8323,68777617430,12590
8324,128453738208,3530
8325,1212991752,56110
8326,167104865360,1790
8327,100028100898,930
8328,23071302948,5780
8329,32076400274,490
8330,128724150491,20300
8331,47047242349,8090
8332,150192835139,4370
8333,255361763362,25230
8334,90053365692,2250
8335,126995021244,4520
8336,164223220820,12880
8337,95346828339,2610
8338,100028100898,930
8339,99147324531,10500
8340,90053365692,2250
8341,257388081766,34930
8342,98642040344,17970
8343,234715714277,36150
8344,191751979614,1210
8345,131113847270,390
8346,74788927990,2110
8347,145934329660,14920
8348,172816433649,13650
8349,35779916790,2420
8350,260799438261,9940
8351,25253434846,80
8352,101726564157,610
8353,10826348650,6150
8354,117873022566,3040
8355,79011090020,2120
8356,259435774319,35380
8357,106712103448,2570
8358,57008622877,410
8359,235227963131,20340
8360,34095331492,5340
8361,51660600956,6730
8362,144656503752,1230
8363,40516074364,370
8364,93783243686,760
8365,51885921711,7270
8366,56223813455,120
8367,1520164417,51470
8368,45425720151,1300
8369,182159903025,2390
8370,58480142922,6430
8371,70384229837,1250
8372,102090220086,1100
8373,61101547937,920
8374,40733882996,6350
8375,440770688304,30010
8376,37595832015,7590
8377,69042332603,3400
8378,59541260882,2060
8379,156889060171,2730
8380,115462754291,9320
8381,47391912032,630
8382,531709470,103400
8383,67934457459,540
8384,168161735445,11590
8385,87548860167,520
8386,202638066814,1580
8387,226835296130,26300
8388,84472614681,1170
8389,1975262994,500000
8390,4987256975,46280
8391,150545440597,34860
8392,127400659985,1560
8393,126348841291,12250
8394,120982208196,690
8395,153313354401,1910
8396,99377160657,1020
8397,90779940077,600
8398,355289914965,16090
8399,177297274146,27060
8400,33793016340,290
8401,202283972799,36020
8402,106296903207,310
8403,267588126007,32930
8404,44593454671,2310
8405,200858741764,2910
8406,242128856846,1610
8407,96967453903,1370
8408,349018578964,18010
8409,184178278389,8640
8410,27692870168,150
8411,163009793070,2760
8412,131824150622,1160
8413,106899816185,1050
8414,1005787049,73260
8415,110087307204,3220
8416,187720552349,16970
8417,77537537307,4300
8418,121076781976,3390
8419,81478380126,11830
8420,50451623609,270
8421,47281983995,640
8422,486881979729,20560
8423,103217171896,2560
8424,509462487461,29110
8425,78828342143,38930
8426,117297285610,9520
8427,172901447040,1770
8428,55767366440,340
8429,47391912032,630
8430,15397241800,5790
8431,41793374223,3420
8432,335703289424,25770
8433,193483570227,24710
8434,1450297626,53160
8435,335778927430,15120
8436,677316368,61100
8437,178135035146,3640
8438,105539689951,210
8439,16296896986,5070
8440,126412264124,3490
8441,69359389346,18350
8442,707534206,140930
8443,271510842228,130
8444,50430673148,6780
8445,42685417379,2360
8446,101726564157,610
8447,278505238381,35020
8448,59777924621,670
8449,45120559035,470
8450,218872495276,3900
8451,99377160657,1020
8452,59761612101,7020
8453,61101547937,920
8454,201290549742,12430
8455,218872495276,3900
8456,246889220791,9200
8457,41955067990,320
8458,83230192297,2090
8459,42685417379,2360
8460,489186428,160470
8461,131824150622,1160
8462,62227548864,3960
8463,59777924621,670
8464,1975262994,500000
8465,106216221633,2640
8466,41955067990,320
8467,126008877031,18790
8468,110464862700,960
8469,131113847270,390
8470,76776947223,480
8471,67640900762,10860
8472,478068684534,32690
8473,125494572854,2790
8474,994823052,63560
8475,147990304882,12870
8476,45098367904,570
8477,707533605,116330
8478,176499327032,17460
8479,145155845440,4290
8480,180329110095,17710
8481,75294730912,1620
8482,80858363229,3570
8483,144887367958,35890
8484,64993513360,800
8485,380665025740,14500
8486,479352554833,22820
8487,156638151037,10470
8488,149207378567,1070
8489,40850300611,590
8490,128146498398,23430
8491,75454446392,12970
8492,67934457459,540
8493,110464862700,960
8494,32076400274,490
8495,125260708371,1450
8496,184492569257,12900
8497,20252698098,44370
8498,94707134146,2380
8499,333551399846,3250
8500,52570165285,3200
8501,47281983995,640
8502,169427891276,4510
8503,120982208196,690
8504,1154124923,63330
8505,131645711879,3300
8506,120982208196,690
8507,80059777386,740
8508,200858741764,2910
8509,246753469095,10310
8510,348983906479,22850
8511,45939911069,220
8512,38142273217,3010
8513,370956657606,23900
8514,127144283082,2970
8515,239738162060,23320
8516,52431716949,20
8517,150794435219,3700
8518,76989821230,4080
8519,58816675549,2070
8520,72983359245,2180
8521,1216062384,54110
8522,120556540467,2870
8523,104708153949,1080
8524,180330948142,1120
8525,589286191,118230
8526,47603043939,8390
8527,170134626396,3890
8528,102837569123,26900
8529,128146498398,23430
8530,60821987225,450
8531,104708153949,1080
8532,23071302948,5780
8533,60496631352,880
8534,453023714382,17900
8535,58890270416,280
8536,18740281745,7400
8537,90779940077,600
8538,251995681300,1430
8539,57876488930,2260
8540,111638319511,1730
8541,71572254688,200
8542,237686242398,25840
8543,25253434846,80
8544,148156301364,1630
8545,102090220086,1100
8546,127976796983,2470
8547,151109670299,8400
8548,46791050343,5420
8549,66067884659,7010
8550,31826517683,720
8551,636218790642,20740
8552,242292457524,1690
8553,218919201737,2900
8554,92050091720,400
8555,57008622877,410
8556,39338665627,39970
8557,128453738208,3530
8558,30812375782,240
8559,62590210028,9380
8560,96668564087,2650
8561,179432988679,1680
8562,105539689951,210
8563,101369152900,1000
8564,738893489,55930
8565,58178546254,110
8566,60821987225,450
8567,33793016340,290
8568,169427891276,4510
8569,159175440083,4220
8570,170820761152,1270
8571,101726564157,610
8572,283680899069,13790
8573,99377160657,1020
8574,90727877797,10250
8575,92720531432,9110
8576,81139498985,900
8577,151254074807,1060
8578,42126771892,2270
8579,69042332603,3400
8580,91558294070,8680
8581,96967453903,1370
8582,79999440702,36520
8583,82612794109,2990
8584,124534791685,1490
8585,57008622877,410
8586,381376789972,14450
8587,31473004305,6540
8588,84252583580,700
8589,84665567643,9480
8590,14289240146,5160
8591,1975262994,500000
8592,57008622877,410
8593,562694399997,31220
8594,72034058974,9530
8595,43458728118,5390
8596,131662964930,1960
8597,301031139308,24210
8598,67674258094,3140
8599,99746939160,7170
8600,49680989502,7040
8601,291784678562,1800
8602,61101547937,920
8603,252836184487,4400
8604,179500055686,2750
8605,27692870168,150
8606,80266363402,7460
8607,133662122763,1090
8608,274573692769,4690
8609,126534011785,2980
8610,88413942001,2510
8611,34329875908,10660
8612,1975262994,500000
8613,121820400642,9620
8614,462726492632,27210
8615,35779916790,2420
8616,48656495363,6590
8617,11586090814,5430
8618,993297458997,4780
8619,1975262994,500000
8620,34245309499,12340
8621,94727488090,820
8622,67795885527,3850
8623,82092444804,11110
8624,61522369918,14740
8625,275325610463,17040
8626,67934457459,540
8627,62302014435,2710
8628,123379712582,1990
8629,40516074364,370
8630,75294730912,1620
8631,1127178059,70970
8632,152742817839,1140
8633,83473516964,2860
8634,60420501673,10840
8635,136543523683,3070
8636,91398627431,2140
8637,84779091176,810
8638,131662964930,1960
8639,37306357014,5090
8640,43302018275,100
8641,43439102506,510
8642,37562582908,6530
8643,203231792840,9340
8644,71572254688,200
8645,181644364579,1950
8646,191751979614,1210
8647,303038649556,23540
8648,88020370137,530
8649,137730212574,11960
8650,53071327970,6500
8651,17201365042,5540
8652,153744453666,4100
8653,74788927990,2110
8654,56859075500,10420
8655,62227548864,3960
8656,80021522014,500
8657,75701310562,13270
8658,253509287771,35910
8659,267553468721,16260
8660,137090826493,17130
8661,94241764796,2810
8662,119431354908,20080
8663,92721515547,2930
8664,164363345478,890
8665,77796122319,2330
8666,67934457459,540
8667,195791039233,9600
8668,3235462437,48600
8669,89987558558,8260
8670,86741078560,14650
8671,1975262994,500000
8672,65320171858,2840
8673,127400659985,1560
8674,124821083928,4760
8675,65781117310,650
8676,113150995991,13700
8677,33793016340,290
8678,153355585530,3340
8679,1021533366,58340
8680,49247376103,8890
8681,392420983744,1830
8682,78692978610,970
8683,92050091720,400
8684,43302018275,100
8685,172591161698,1350
8686,101994356262,2230
8687,76954806930,14730
8688,104378837642,2030
8689,47391912032,630
8690,20495524118,5080
8691,101726564157,610
8692,5401017183,4900
8693,2222172269,48690
8694,50990217048,1240
8695,84779091176,810
8696,122936872239,2240
8697,941285365,92720
8698,59204368415,430
8699,553697665831,23340
8700,156816589652,10720
8701,55767366440,340
8702,313589842436,28140
8703,40850300611,590
8704,80770823658,440
8705,151001162246,2770
8706,566895625605,24330
8707,40733882996,6350
8708,98366899431,3460
8709,97803730128,13440
8710,86978178616,1340
8711,93697602462,3000
8712,57403176979,550
8713,59204368415,430
8714,148226018279,4770
8715,44411649178,6400
8716,45098367904,570
8717,313404931626,20580
8718,38161270780,2800
8719,237020042782,19150
8720,98507217845,11420
8721,69293689814,10380
8722,110087307204,3220
8723,326015718818,28660
8724,58281683024,2690
8725,551154472064,27010
8726,37306357014,5090
8727,55366832003,1700
8728,49863135579,360
8729,62013573775,8410
8730,815388785,58210
8731,1975262994,500000
8732,114981680252,19230
8733,6186958534,4990
8734,2948595252,4860
8735,32108193280,300
8736,91909307877,1290
8737,60099935059,1200
8738,47391912032,630
8739,61725941944,60
8740,349622248729,12460
8741,22188796969,5470
8742,172901447040,1770
8743,87747034274,13600
8744,102090220086,1100
8745,45939911069,220
8746,175725637913,7560
8747,117367881365,3730
8748,1975262994,500000
8749,101726564157,610
8750,90848858659,2000
8751,38161270780,2800
8752,99348860929,5440
8753,301628409610,18170
8754,448380264587,4360
8755,331057616775,30590
8756,170043687108,1600
8757,37716744379,5100
8758,214027490305,7730
8759,41042771838,1040
8760,510408997,129580
8761,82839366775,170
8762,5881067240,4820
8763,152742817839,1140
8764,67737160904,350
8765,94727488090,820
8766,149207378567,1070
8767,99377160657,1020
8768,151236522762,1110
8769,43933893144,190
8770,541581593362,23960
8771,77749403486,70
8772,165339924479,22370
8773,128294703369,9360
8774,58178546254,110
8775,124066917565,950
8776,117138566163,2830
8777,49758437040,660
8778,202638066814,1580
8779,120768761351,1510
8780,106142514829,1500
8781,49863135579,360
8782,102927450839,10590
8783,79243000809,2520
8784,340083266196,28100
8785,60960264234,230
8786,585372044228,29850
8787,82642971223,1130
8788,228832887805,4530
8789,77172195068,2540
8790,81478380126,11830
8791,37562582908,6530
8792,81478445793,3130
8793,1115881770,56270
8794,4380319024,4920
8795,183458969290,1550
8796,355772404958,18760
8797,82612794109,2990
8798,67215468307,4670
8799,34329875908,10660
8800,30036226544,5130
8801,168496481572,30180
8802,103589066421,710
8803,49816641833,3020
8804,70066559000,460
8805,101714752894,1440
8806,59541260882,2060
8807,33793016340,290
8808,286156892823,14310
8809,123913917827,6890
8810,106142514829,1500
8811,43724517146,730
8812,62090598264,11640
8813,66082337379,250
8814,82839366775,170
8815,504603955891,24510
8816,89151303367,19200
8817,22164983405,5560
8818,1975262994,500000
8819,845976056,55970
8820,1049511070,60900
8821,178128774783,9810
8822,81139498985,900
8823,81639073802,7900
8824,133662122763,1090
8825,92921033875,16040
8826,41955067990,320
8827,65245340487,2880
8828,72034058974,9530
8829,66395450977,1840
8830,93697602462,3000
8831,8770526584,44270
8832,57684669792,5150
8833,11950781694,45700
8834,405395087340,3910
8835,109939514770,1710
8836,108951776081,10040
8837,156116867654,7520
8838,42433732203,2130
8839,145010840061,8510
8840,80472945234,11550
8841,31826517683,720
8842,67215468307,4670
8843,5418906850,4840
8844,60432893646,10090
8845,81055792434,40
8846,22895366458,5110
8847,12797224220,5120
8848,38001781385,9160
8849,61453934039,2340
8850,136332309474,6600
8851,114981680252,19230
8852,106818042664,3690
8853,58890270416,280
8854,41961946120,2210
8855,60099935059,1200
8856,225682620237,25080
8857,64993513360,800
8858,226520592845,1530
8859,99377160657,1020
8860,182159903025,2390
8861,111215762140,1010
8862,109939514770,1710
8863,131824150622,1160
8864,56579415820,8730
8865,880416701,121920
8866,177297274146,27060
8867,77749403486,70
8868,328566757,83370
8869,266263733226,13060
8870,70302613108,5350
8871,100866331078,8340
8872,15397241800,5790
8873,390343137077,22980
8874,358765549,194960
8875,387548446577,13320
8876,148201167209,4560
8877,78948063325,750
8878,104780264134,2590
8879,178184420633,2350
8880,71572254688,200
8881,271452016284,13170
8882,64793615703,3030
8883,61453934039,2340
8884,79995350652,2410
8885,68941641310,8660
8886,149493836232,2080
8887,33779249347,7660
8888,121800372998,16670
8889,634740056,138140
8890,155759762093,8290
8891,66789323270,1720
8892,86180982971,420
8893,155273702888,25440
8894,71962546687,8900
8895,40850300611,590
8896,45939911069,220
8897,1028565989,65980
8898,34320049839,6650
8899,78692978610,970
8900,122024971438,9960
8901,96967453903,1370
8902,178805391189,1650
8903,67934457459,540
8904,56223813455,120
8905,87548860167,520
8906,74144400044,1460
8907,252337266185,4450
8908,58890270416,280
8909,150438556851,13360
8910,84252583580,700
8911,460252738062,23180
8912,16296896986,5070
8913,132008669929,1420
8914,53577766147,8540
8915,162586616193,1540
8916,41042771838,1040
8917,43933893144,190
8918,158978114121,4380
8919,151254074807,1060
8920,162586616193,1540
8921,354926245051,8670
8922,121937415567,1220
8923,106296903207,310
8924,3591505185,45790
8925,100028100898,930
8926,5871708242,47110
8927,205037069558,3480
8928,31153498323,7100
8929,57028486592,5640
8930,105539689951,210
8931,139063625464,4640
8932,58178546254,110
8933,88020370137,530
8934,34897395316,160
8935,227727692647,940
8936,114520521874,18390
8937,71572254688,200
8938,49758437040,660
8939,270181042699,15190
8940,57008622877,410
8941,123697776613,18360
8942,78192015537,180
8943,58882365584,12290
8944,121872840177,1320
8945,147173278807,24030
8946,78192015537,180
8947,64793615703,3030
8948,20495524118,5080
8949,1975262994,500000
8950,87652402208,7790
8951,32625033858,5750
8952,65781117310,650
8953,31826517683,720
8954,64993513360,800
8955,112723834382,3320
8956,74244937398,2460
8957,49863135579,360
8958,84608950633,1150
8959,466312511709,22730
8960,33793016340,290
8961,433266443754,4610
8962,89926387340,1480
8963,31993437394,7580
8964,18740281745,7400
8965,341184925517,4250
8966,67795885527,3850
8967,91766695233,10430
8968,98639184346,1360
8969,75294730912,1620
8970,28514346275,2600
8971,104862428802,560
8972,78192015537,180
8973,125494572854,2790
8974,35779916790,2420
8975,40516074364,370
8976,170136776270,2670
8977,1975262994,500000
8978,47281983995,640
8979,80021522014,500
8980,180330948142,1120
8981,278588045992,23040
8982,137392956366,2940
8983,242292457524,1690
8984,287914074932,26830
8985,80105756651,1760
8986,78192015537,180
8987,131645711879,3300
8988,668604764,73220
8989,149207378567,1070
8990,45120559035,470
8991,126534011785,2980
8992,1487260708,51650
8993,125454079313,2530
8994,71775311073,37450
8995,86741078560,14650
8996,18561430017,5180
8997,71640640576,9120
8998,49758437040,660
8999,65163237561,140
9000,28000164403,6220
9001,164396655657,3760
9002,767045064,78480
9003,546817205,100600
9004,200858741764,2910
9005,40850300611,590
9006,17416885504,5210
9007,143363705086,16640
9008,56372415338,3240
9009,65781117310,650
9010,106142514829,1500
9011,64793615703,3030
9012,270642770004,15630
9013,50451623609,270
9014,124534791685,1490
9015,127795211211,36990
9016,245922350703,10820
9017,49863135579,360
9018,76700575459,15850
9019,224310406795,1940
9020,91909307877,1290
9021,65781117310,650
9022,183883298141,9440
9023,51660600956,6730
9024,97224371604,2820
9025,109939514770,1710
9026,170820761152,1270
9027,75817189570,10770
9028,7737130234,42270
9029,94323533080,14090
9030,6949976069,4960
9031,38332703942,8210
9032,38546372626,13350
9033,23313047806,5820
9034,76776947223,480
9035,106296903207,310
9036,224240547478,1590
9037,390297906659,21010
9038,65522913644,3980
9039,47391912032,630
9040,57117176526,6580
9041,427695703303,17950
9042,448507936290,18730
9043,20495524118,5080
9044,62421603863,2550
9045,47281983995,640
9046,76776947223,480
9047,25253434846,80
9048,65320171858,2840
9049,630824961592,22960
9050,1975262994,500000
9051,74366460450,11900
9052,36545224181,330
9053,210419355901,9550
9054,42204794671,2050
9055,77548775779,3800
9056,101726564157,610
9057,49863135579,360
9058,395151901,167150
9059,62014001900,7490
9060,116274286700,3150
9061,98639184346,1360
9062,32722598387,5810
9063,67355749045,3970
9064,80021522014,500
9065,88020370137,530
9066,124534791685,1490
9067,177361883563,2780
9068,94241764796,2810
9069,67934457459,540
9070,87766938435,3780
9071,144656503752,1230
9072,152986695780,910
9073,339990687310,18810
9074,99118592818,4420
9075,87905421457,6710
9076,61101547937,920
9077,38142273217,3010
9078,41955067990,320
9079,76167391859,9270
9080,5401017183,4900
9081,181644364579,1950
9082,107936557388,680
9083,116198145860,9350
9084,76776947223,480
9085,224310406795,1940
9086,59635222634,6380
9087,218438712966,9490
9088,82642971223,1130
9089,88020370137,530
9090,78067269993,2580
9091,274819156655,6830
9092,469496810940,17290
9093,151001162246,2770
9094,229303206644,17880
9095,42685417379,2360
9096,90010946176,580
9097,250206248525,2010
9098,227727692647,940
9099,203902884181,4040
9100,710106997,83220
9101,98639184346,1360
9102,1976612973,48960
9103,239824043077,1970
9104,87747034274,13600
9105,88413942001,2510
9106,65163237561,140
9107,184485732633,21110
9108,49863135579,360
9109,53089232456,8160
9110,49863135579,360
9111,67934457459,540
9112,482239041480,22770
9113,47118323268,620
9114,98981538231,2920
9115,50990217048,1240
9116,62090598264,11640
9117,511161665737,20790
9118,155237336736,4010
9119,195791039233,9600
9120,90647349217,4200
9121,87548860167,520
9122,672305149,77610
9123,62013573775,8410
9124,101275228650,380
9125,110464862700,960
9126,43927680861,14400
9127,101275228650,380
9128,87678326759,4580
9129,99000759047,10980
9130,502334358797,26360
9131,62171908965,5600
9132,123375792196,3500
9133,336798933661,19390
9134,32625033858,5750
9135,57403176979,550
9136,335046654582,15500
9137,59226881337,870
9138,212684483213,3100
9139,43352128736,6550
9140,50205229496,8000
9141,32108193280,300
9142,122631567974,770
9143,99000759047,10980
9144,186473449589,14300
9145,180330948142,1120
9146,31233779039,41400
9147,58281683024,2690
9148,1985122459,49470
9149,75294730912,1620
9150,77537537307,4300
9151,177361883563,2780
9152,86978178616,1340
9153,132885330450,9740
9154,47118323268,620
9155,62710349910,2440
9156,77749403486,70
9157,43302018275,100
9158,135349753587,790
9159,186260709471,16820
9160,43302018275,100
9161,89926387340,1480
9162,43708497780,6990
9163,218298030424,12350
9164,102837569123,26900
9165,277611410383,14830
9166,127400659985,1560
9167,80266363402,7460
9168,52663608216,7680
9169,171970275187,17590
9170,63833437406,2370
9171,78269674700,7300
9172,93047133585,3190
9173,56223813455,120
9174,124686738265,1660
9175,3209037111,4830
9176,141153086232,1260
9177,137933766475,8530
9178,69542828981,39340
9179,149082121519,3820
9180,49758437040,660
9181,110464862700,960
9182,52388407628,9660
9183,77796122319,2330
9184,287384870794,22250
9185,274573692769,4690
9186,84155808640,5020
9187,28236807290,5510
9188,99451906043,2040
9189,56223813455,120
9190,177361883563,2780
9191,128575748924,2430
9192,151236522762,1110
9193,409437127814,30600
9194,58281683024,2690
9195,14112834968,44410
9196,151207436651,36500
9197,57742883926,8920
9198,74244937398,2460
9199,53483602576,9560
9200,151861797967,18000
9201,30036226544,5130
9202,55550010176,35680
9203,379932640526,14980
9204,195863167845,15440
9205,41042771838,1040
9206,252337266185,4450
9207,266771445660,23090
9208,27692870168,150
9209,91766695233,10430
9210,827504334,201460
9211,251963814148,28280
9212,30839657146,6840
9213,135687597391,4050
9214,32108193280,300
9215,70066559000,460
9216,215270420349,3290
9217,78192015537,180
9218,75005928131,13950
9219,206389182159,10540
9220,131686266272,9640
9221,174690943564,1980
9222,331855823632,16280
9223,95277379545,5370
9224,27692870168,150
9225,39251269671,14040
9226,66395450977,1840
9227,130556780134,17000
9228,24478854824,5890
9229,81449383279,6110
9230,50451623609,270
9231,6328605998,4850
9232,52431716949,20
9233,382636138418,20690
9234,60960264234,230
9235,975429264,72610
9236,67737160904,350
9237,341856853790,9510
9238,42173609553,11120
9239,101369152900,1000
9240,67934457459,540
9241,583176622,140790
9242,218919201737,2900
9243,150192835139,4370
9244,224240547478,1590
9245,66789323270,1720
9246,47391912032,630
9247,371465827391,9150
9248,117873022566,3040
9249,58701983008,9050
9250,90647349217,4200
9251,59635222634,6380
9252,941308607,89810
9253,88413942001,2510
9254,24618593947,5610
9255,134318903947,10480
9256,84779091176,810
9257,99118592818,4420
9258,84252583580,700
9259,182159903025,2390
9260,56223813455,120
9261,42433732203,2130
9262,67215468307,4670
9263,82642971223,1130
9264,76776947223,480
9265,63833437406,2370
9266,49758437040,660
9267,190449996714,3450
9268,1975262994,500000
9269,30286974073,42910
9270,121872840177,1320
9271,72983359245,2180
9272,387794714913,27780
9273,896799072,58120
9274,95853027517,14180
9275,55366832003,1700
9276,92247556605,3930
9277,11841633011,42300
9278,101329016040,4060
9279,362111994944,23330
9280,124066917565,950
9281,93783243686,760
9282,66082337379,250
9283,76167391859,9270
9284,80019714012,1190
9285,133970687690,11760
9286,116210446940,14520
9287,53863237162,6170
9288,80059777386,740
9289,88066429072,12100
9290,239824043077,1970
9291,27465739697,5240
9292,25253434846,80
9293,80858363229,3570
9294,30583398092,5580
9295,41955067990,320
9296,60099935059,1200
9297,99147324531,10500
9298,84472614681,1170
9299,68929957778,260
9300,112600450750,3610
9301,256357298906,1920
9302,395268394,107960
9303,81932610647,12490
9304,92721515547,2930
9305,97743244932,4700
9306,56223813455,120
9307,222565225830,3350
9308,88020370137,530
9309,121720223652,2220
9310,137803046190,15250
9311,55767366440,340
9312,70545513912,3120
9313,183787441844,1670
9314,4466951142,44440
9315,80019714012,1190
9316,103589066421,710
9317,96668564087,2650
9318,131113847270,390
9319,47391912032,630
9320,33793016340,290
9321,73428085564,9860
9322,89618290693,8560
9323,55767366440,340
9324,178184420633,2350
9325,58701983008,9050
9326,104356545549,9730
9327,122936872239,2240
9328,128711367160,4120
9329,111215762140,1010
9330,721457105,94100
9331,92921033875,16040
9332,17201365042,5540
9333,120476431461,990
9334,233247272227,29180
9335,74788927990,2110
9336,72806873060,980
9337,164396655657,3760
9338,89926387340,1480
9339,61725941944,60
9340,103485335590,9180
9341,90848858659,2000
9342,26140023194,11480
9343,45425720151,1300
9344,56225808883,7110
9345,55438438977,7280
9346,99118592818,4420
9347,43437017857,6340
9348,30398293188,5280
9349,135991314182,20640
9350,104780264134,2590
9351,59226881337,870
9352,34699382519,5030
9353,99377160657,1020
9354,37595832015,7590
9355,104862428802,560
9356,1115570723,238160
9357,124271447533,3940
9358,105539689951,210
9359,35779916790,2420
9360,242128856846,1610
9361,233175820769,1640
9362,110464862700,960
9363,113150995991,13700
9364,36160409876,6120
9365,101361612453,1280
9366,45120559035,470
9367,477646871184,29040
9368,17618251875,4930
9369,294939505922,3830
9370,258376852383,19570
9371,859165576,113160
9372,64890073194,2020
9373,87548860167,520
9374,191982732155,4680
9375,268586027174,22610
9376,11967505896,5190
9377,86618926731,13870
9378,111215762140,1010
9379,81633701432,3260
9380,90779940077,600
9381,888222061,92730
9382,62131654487,2480
9383,37541970710,6750
9384,43933893144,190
9385,103217171896,2560
9386,93783243686,760
9387,33793016340,290
9388,61725941944,60
9389,120982208196,690
9390,1975262994,500000
9391,141153086232,1260
9392,21018998355,4980
9393,774592872,71920
9394,101369152900,1000
9395,118789231893,23080
9396,104862428802,560
9397,10826348650,6150
9398,38332703942,8210
9399,114588076953,4000
9400,183458969290,1550
9401,222187938792,9710
9402,53071327970,6500
9403,172591161698,1350
9404,169278869654,16180
9405,132008669929,1420
9406,45939911069,220
9407,316089817330,4490
9408,104708153949,1080
9409,183787441844,1670
9410,124066917565,950
9411,86978178616,1340
9412,41955067990,320
9413,81633701432,3260
9414,246086450467,12950
9415,282615939486,1880
9416,57973326518,7500
9417,131824150622,1160
9418,190950024917,29510
9419,276736276458,4480
9420,71572254688,200
9421,70066559000,460
9422,141153086232,1260
9423,73907223708,15220
9424,56037529813,1030
9425,353390620553,34290
9426,41793374223,3420
9427,71920865826,10600
9428,365957960784,26210
9429,59213780392,14070
9430,63050163307,6850
9431,61725941944,60
9432,92059573951,6820
9433,202638066814,1580
9434,32651211274,5250
9435,63739873644,2200
9436,202638066814,1580
9437,32076400274,490
9438,49129027283,90
9439,822827895,111280
9440,1148040983,51630
9441,8826732059,45040
9442,101369152900,1000
9443,133662122763,1090
9444,135590149921,1890
9445,153488493509,4130
9446,40087061717,5630
9447,1975262994,500000
9448,440853456667,18920
9449,52166381291,10990
9450,515954066630,24170
9451,90647349217,4200
9452,211140859051,14900
9453,110451953788,4460
9454,36828162916,10120
9455,153540760460,780
9456,64215850764,12620
9457,250206248525,2010
9458,92050091720,400
9459,25884123093,6950
9460,32651211274,5250
9461,93783243686,760
9462,98542492083,2950
9463,61725941944,60
9464,251995681300,1430
9465,154132629381,5530
9466,51471762774,11360
9467,313090970190,10440
9468,218872495276,3900
9469,392420983744,1830
9470,120982208196,690
9471,65781117310,650
9472,153509200709,19970
9473,31826517683,720
9474,104708153949,1080
9475,258450757954,4180
9476,72806873060,980
9477,99451906043,2040
9478,535719489,98020
9479,104708153949,1080
9480,49250572269,2320
9481,379630902898,19400
9482,28514346275,2600
9483,40624617520,8470
9484,137090826493,17130
9485,112723834382,3320
9486,32076400274,490
9487,81055792434,40
9488,383081026637,28840
9489,80019714012,1190
9490,60496631352,880
9491,90149128271,12240
9492,321034092512,19420
9493,55767366440,340
9494,179473219897,30440
9495,90779940077,600
9496,108362284292,11750
9497,125860219894,8950
9498,121937415567,1220
9499,34897395316,160
9500,153509200709,19970
9501,72983359245,2180
9502,1153655338,73840
9503,32108193280,300
9504,89132432651,3680
9505,1975262994,500000
9506,1013329394,71120
9507,653587765,63570
9508,4380319024,4920
9509,73428085564,9860
9510,50990217048,1240
9511,98542492083,2950
9512,23956868085,6000
9513,229206780127,1870
9514,59204368415,430
9515,104140408532,6410
9516,193061063682,16420
9517,38142273217,3010
9518,41042771838,1040
9519,151254074807,1060
9520,125494572854,2790
9521,45939911069,220
9522,56372415338,3240
9523,43439102506,510
9524,107936557388,680
9525,128146498398,23430
9526,172397425014,14850
9527,50451623609,270
9528,34415010131,5870
9529,5881067240,4820
9530,75400118175,9880
9531,38142273217,3010
9532,33636922998,10320
9533,124534791685,1490
9534,801517091,116170
9535,84608950633,1150
9536,151236522762,1110
9537,81139498985,900
9538,112685745512,1750
9539,67737160904,350
9540,40850300611,590
9541,183458969290,1550
9542,403694945529,30550
9543,53985246186,2700
9544,166602573187,9950
9545,49863135579,360
9546,122760252495,18720
9547,183787441844,1670
9548,81787990301,8020
9549,120556540467,2870
9550,121872840177,1320
9551,56223813455,120
9552,85124393983,4070
9553,43302018275,100
9554,110912123239,11840
9555,35779916790,2420
9556,36545224181,330
9557,305176500702,30690
9558,364128869608,18750
9559,40087061717,5630
9560,224240547478,1590
9561,56223813455,120
9562,1975262994,500000
9563,355729519353,28210
9564,171365116512,8580
9565,54269532908,5980
9566,131662964930,1960
9567,78310724830,9240
9568,106216221633,2640
9569,93189667470,34380
9570,59204368415,430
9571,71572254688,200
9572,91822558762,5950
9573,67737160904,350
9574,110529790528,36820
9575,141153086232,1260
9576,45724830402,5680
9577,55083279142,6490
9578,455901398,109330
9579,374339919393,19090
9580,122415197193,12280
9581,234829643631,1930
9582,20251836273,6720
9583,43724517146,730
9584,124066917565,950
9585,135687597391,4050
9586,75741317424,3560
9587,80795531424,9420
9588,122066618459,1740
9589,51813563714,5940
9590,41042771838,1040
9591,61101547937,920
9592,25253434846,80
9593,84911739839,1400
9594,145155845440,4290
9595,67355749045,3970
9596,244613721166,24110
9597,103589066421,710
9598,94727488090,820
9599,27560964378,6270
9600,396826656349,23310
9601,66395450977,1840
9602,174690943564,1980
9603,179818891168,8850
9604,1180013158,204830
9605,238961113772,33080
9606,333551399846,3250
9607,269521909665,12680
9608,89926387340,1480
9609,89190346274,15990
9610,102822883888,11090
9611,57403176979,550
9612,48663318307,12740
9613,87766938435,3780
9614,28580339714,5010
9615,79243000809,2520
9616,668524646,71940
9617,113348991642,3860
9618,112339940378,30
9619,29396363561,42880
9620,104862428802,560
9621,22723842538,6080
9622,36647658419,6740
9623,67215468307,4670
9624,34897395316,160
9625,53071327970,6500
9626,1975262994,500000
9627,1130845899,72880
9628,89926387340,1480
9629,367626416195,26120
9630,1893785050,50500
9631,71572254688,200
9632,164836661172,34790
9633,82839366775,170
9634,110464862700,960
9635,147412241895,8930
9636,59496654138,2290
9637,18981195134,5200
9638,124066917565,950
9639,87548860167,520
9640,117873022566,3040
9641,1975262994,500000
9642,202040296342,9020
9643,53863237162,6170
9644,383202697256,26670
9645,1975262994,500000
9646,142599147483,17550
9647,56223813455,120
9648,34897395316,160
9649,180330948142,1120
9650,82839366775,170
9651,27265086058,41020
9652,127976796983,2470
9653,78381450326,4230
9654,50451623609,270
9655,170043687108,1600
9656,347257696272,19370
9657,31153498323,7100
9658,56223813455,120
9659,77749403486,70
9660,57180738450,7000
9661,153156298503,17760
9662,45120559035,470
9663,351339498579,26100
9664,111638319511,1730
9665,60821987225,450
9666,448723866924,24390
9667,28514346275,2600
9668,215425008752,17660
9669,23208513413,5650
9670,45425720151,1300
9671,59761612101,7020
9672,301458900202,3740
9673,135349753587,790
9674,64890073194,2020
9675,43724517146,730
9676,80019714012,1190
9677,131042827220,33780
9678,57180738450,7000
9679,66395450977,1840
9680,454303465647,28010
9681,30812375782,240
9682,721637363,82350
9683,157173069735,3870
9684,77548775779,3800
9685,93189667470,34380
9686,131824150622,1160
9687,33793016340,290
9688,21748102406,5490
9689,36545224181,330
9690,52431716949,20
9691,124999404660,19310
9692,1238110879,52120
9693,233175820769,1640
9694,64890073194,2020
9695,287947787978,1780
9696,80059777386,740
9697,289942867898,32030
9698,113272507916,12260
9699,664717359753,4170
9700,23956868085,6000
9701,71572254688,200
9702,170820761152,1270
9703,297892659217,21670
9704,144656503752,1230
9705,756752079,50190
9706,18561430017,5180
9707,1180162936,71190
9708,441139519398,18280
9709,97015418790,36540
9710,2374462790,48900
9711,77548775779,3800
9712,110451953788,4460
9713,181644364579,1950
9714,25124630829,6210
9715,81787990301,8020
9716,58890270416,280
9717,92050091720,400
9718,80688898385,2190
9719,43437017857,6340
9720,151236522762,1110
9721,27692870168,150
9722,74788927990,2110
9723,558637502544,19320
9724,45939911069,220
9725,73070116809,3470
9726,64993513360,800
9727,81139498985,900
9728,102927450839,10590
9729,146450699297,22890
9730,83473516964,2860
9731,27465739697,5240
9732,68929957778,260
9733,105539689951,210
9734,55796440995,6160
9735,112339940378,30
9736,90779940077,600
9737,76989821230,4080
9738,46486513308,5290
9739,49863135579,360
9740,359839281715,28540
9741,27692870168,150
9742,63674638577,7330
9743,122158310755,3160
9744,111215762140,1010
9745,106818042664,3690
9746,149493836232,2080
9747,84911739839,1400
9748,133491773460,15880
9749,64993513360,800
9750,244803031878,18930
9751,27692870168,150
9752,225492421384,4390
9753,1081451218,212630
9754,67215468307,4670
9755,387672831471,9080
9756,25253434846,80
9757,32076400274,490
9758,84198922825,13400
9759,178051754562,840
9760,87548860167,520
9761,522641901,103890
9762,45120559035,470
9763,88598597766,6480
9764,238540589574,20730
9765,172705924435,17190
9766,106216221633,2640
9767,110464862700,960
9768,258450757954,4180
9769,40237694526,2500
9770,428541013127,21420
9771,84911739839,1400
9772,124066917565,950
9773,99746939160,7170
9774,1017124122,92940
9775,49250572269,2320
9776,73070116809,3470
9777,45425720151,1300
9778,66395450977,1840
9779,94060658351,15410
9780,80059777386,740
9781,45120559035,470
9782,20251836273,6720
9783,124946862937,38120
9784,152742817839,1140
9785,41955067990,320
9786,151236522762,1110
9787,168229341702,7890
9788,101361612453,1280
9789,121937415567,1220
9790,58281683024,2690
9791,28665739241,40650
9792,42173609553,11120
9793,190210552842,18380
9794,140262629245,38160
9795,27692870168,150
9796,1479661565,53400
9797,162586616193,1540
9798,655949421,165570
9799,43724517146,730
9800,191751979614,1210
9801,229206780127,1870
9802,59541260882,2060
9803,30812375782,240
9804,166858262160,4280
9805,128711367160,4120
9806,392164598832,34390
9807,21748102406,5490
9808,112339940378,30
9809,131113847270,390
9810,205619588757,21640
9811,43439102506,510
9812,31997364361,6440
9813,49103044634,8450
9814,1077659787,252260
9815,86978178616,1340
9816,24478854824,5890
9817,222283431516,31190
9818,128749392308,16630
9819,80688898385,2190
9820,87678326759,4580
9821,205905491357,4590
9822,43302018275,100
9823,195863167845,15440
9824,616386315472,22780
9825,90149128271,12240
9826,120768761351,1510
9827,30583398092,5580
9828,90010946176,580
9829,63739873644,2200
9830,88020370137,530
9831,1998649999,49610
9832,84608950633,1150
9833,314738057883,10750
9834,122631567974,770
9835,81380945740,8310
9836,3797358726,48050
9837,205856361607,9770
9838,1557317165,49790
9839,67355749045,3970
9840,209714780048,3360
9841,22164983405,5560
9842,45120559035,470
9843,131492321844,23810
9844,227727692647,940
9845,5669895740,47840
9846,164065700856,37400
9847,121076781976,3390
9848,86524639298,16500
9849,102090220086,1100
9850,78269674700,7300
9851,246926061335,25370
9852,102563691458,18030
9853,60821987225,450
9854,252836184487,4400
9855,91909307877,1290
9856,227727692647,940
9857,474513926184,19120
9858,128003676964,8960
9859,67572794731,16430
9860,50990217048,1240
9861,315317794215,25920
9862,136543523683,3070
9863,92050091720,400
9864,56223813455,120
9865,150903458658,4350
9866,51676712135,6450
9867,65163237561,140
9868,551128498,70450
9869,96967453903,1370
9870,226520592845,1530
9871,65781117310,650
9872,58281683024,2690
9873,398865505220,14680
9874,82839366775,170
9875,152742817839,1140
9876,94241764796,2810
9877,78192015537,180
9878,92050091720,400
9879,150192835139,4370
9880,109939514770,1710
9881,27692870168,150
9882,300713385365,34630
9883,610568836,101330
9884,783750017,385300
9885,1184201046,63920
9886,101885162982,830
9887,43724517146,730
9888,558106580420,25470
9889,29777124897,10150
9890,156235749232,3440
9891,516307032276,24360
9892,37084520664,5400
9893,35354346609,6880
9894,72983359245,2180
9895,793209096,59760
9896,69087221093,8190
9897,151254074807,1060
9898,59541260882,2060
9899,4270872048,48590
9900,87548860167,520
9901,34699382519,5030
9902,161689065583,13520
9903,55767366440,340
9904,30812375782,240
9905,367714948316,33690
9906,153313354401,1910
9907,28537712346,7870
9908,99451906043,2040
9909,93697602462,3000
9910,249200727519,22300
9911,101369152900,1000
9912,123526950266,3540
9913,67934457459,540
9914,133662122763,1090
9915,883909424,60030
9916,344511755830,4500
9917,57403176979,550
9918,101292285962,3230
9919,102090220086,1100
9920,75583195451,2680
9921,84911739839,1400
9922,243716355271,11410
9923,27692870168,150
9924,1701127264,51570
9925,47603043939,8390
9926,82256313594,1900
9927,45939911069,220
9928,121937415567,1220
9929,58882365584,12290
9930,319858719054,11910
9931,20950843895,5230
9932,223989555624,1310
9933,75294730912,1620
9934,188235373828,3170
9935,98642040344,17970
9936,58178546254,110
9937,226520592845,1530
9938,35494189856,9190
9939,151254074807,1060
9940,67934457459,540
9941,206473175079,25600
9942,55366832003,1700
9943,28618322047,41330
9944,780024541,52970
9945,33793016340,290
9946,70687156451,3310
9947,285854023804,16510
9948,70545513912,3120
9949,99422780938,3720
9950,65334573095,10880
9951,159175440083,4220
9952,177677256234,21270
9953,131113847270,390
9954,41955067990,320
9955,28514346275,2600
9956,65163237561,140
9957,210007075326,4260
9958,630379923,271220
9959,52214596393,10020
9960,66789323270,1720
9961,94493753555,1410
9962,71334957072,3660
9963,73428085564,9860
9964,78310724830,9240
9965,84949133134,7050
9966,223785359851,10300
9967,225217449458,19950
9968,212191642498,12930
9969,174690943564,1980
9970,103297944882,23170
9971,287947787978,1780
9972,221798088479,4190
9973,179432988679,1680
9974,231395843601,20350
9975,1142216213,98120
9976,81633701432,3260
9977,47118323268,620
9978,45425720151,1300
9979,64890073194,2020
9980,66789323270,1720
9981,4808236957,4880
9982,45939911069,220
9983,72107873346,12140
9984,14289240146,5160
9985,94493753555,1410
9986,104378837642,2030
9987,234829643631,1930
9988,4554160548,48740
9989,109327976514,15010
9990,52431716949,20
9991,220049791449,9630
9992,34897395316,160
9993,41955067990,320
9994,53375455265,5220
9995,27692870168,150
9996,74144400044,1460
9997,80021522014,500
9998,40850300611,590
9999,93588030834,1850
